Symbol,Name,Last Sale,Net Change,% Change,Market Cap,Country,IPO Year,Volume,Sector,Industry
A,Agilent Technologies Inc. Common Stock,$115.62,-3.03,-2.554%,32674479892.00,United States,1999,2688934,Industrials,Biotechnology: Laboratory Analytical Instruments
AA,Alcoa Corporation Common Stock ,$63.18,0.54,0.862%,16672562303.00,United States,2016,2793474,Industrials,Aluminum
AACB,Artius II Acquisition Inc. Class A Ordinary Shares,$10.38,0.00,0.00%,0.00,United States,2025,38,,
AACBR,Artius II Acquisition Inc. Rights,$0.30,0.00,0.00%,0.00,United States,2025,3,,
AACG,ATA Creativity Global American Depositary Shares,$1.17,-0.02,-1.681%,50345096.00,China,2008,4580,Real Estate,Other Consumer Services
AACI,Armada Acquisition Corp. III Class A Ordinary Share,$9.93,0.005,0.05%,0.00,United States,2026,2011,,
AACIU,Armada Acquisition Corp. III Units,$10.08,0.00,0.00%,0.00,United States,2026,7,Finance,Blank Checks
AACIW,Armada Acquisition Corp. III Warrant,$0.25,0.01,4.167%,0.00,United States,2026,8484,,
AACO,Abony Acquisition Corp. I Class A Ordinary Share,$9.91,0.00,0.00%,0.00,United States,2026,109,,
AACOU,Abony Acquisition Corp. I Units,$9.975,0.00,0.00%,0.00,United States,2026,132,,
AACPU,Apogee Acquisition Corp Units,$10.07,-0.01,-0.099%,0.00,United States,2026,146248,Finance,Blank Checks
AAL,American Airlines Group Inc. Common Stock,$13.35,0.17,1.29%,8829491579.00,United States,,57793695,Consumer Discretionary,Air Freight/Delivery Services
AAME,Atlantic American Corporation Common Stock,$2.54,-0.04,-1.55%,51808959.00,United States,,10653,Finance,Life Insurance
AAMI,Acadian Asset Management Inc. Common Stock,$68.63,2.10,3.156%,2445217446.00,United Kingdom,2014,259302,Finance,Investment Managers
AAOI,Applied Optoelectronics Inc. Common Stock,$148.94,-8.61,-5.465%,11922298927.00,United States,2013,20710777,Technology,Semiconductors
AAON,AAON Inc. Common Stock,$139.66,10.41,8.054%,11430292818.00,United States,,1937118,Industrials,Industrial Machinery/Components
AAP,Advance Auto Parts Inc.,$56.15,-1.08,-1.887%,3387485029.00,United States,,2257988,Consumer Discretionary,Auto & Home Supply Stores
AAPG,Ascentage Pharma Group International American Depository Shares,$21.50,-0.20,-0.922%,2006606782.00,China,2025,2323,Health Care,Biotechnology: Pharmaceutical Preparations
AAPL,Apple Inc. Common Stock,$293.32,5.88,2.046%,4308095261920.00,United States,1980,52630865,Technology,Computer Manufacturing
AARD,Aardvark Therapeutics Inc. Common Stock,$5.44,-0.16,-2.857%,118679263.00,United States,2025,73182,Health Care,Biotechnology: Pharmaceutical Preparations
AAT,American Assets Trust Inc. Common Stock,$21.04,-0.07,-0.332%,1291665293.00,United States,2011,194213,Real Estate,Real Estate Investment Trusts
AAUC,Allied Gold Corporation Common Shares,$29.59,0.43,1.475%,3725381000.00,,2025,244896,,
AB,AllianceBernstein Holding L.P.  Units,$39.11,-0.70,-1.758%,3653024691.00,United States,,356458,Finance,Investment Managers
ABAT,American Battery Technology Company Common Stock,$3.17,0.08,2.589%,417518307.00,United States,,6484585,Basic Materials,Metal Mining
ABBV,AbbVie Inc. Common Stock,$201.55,-1.16,-0.572%,356494057084.00,United States,2012,4915355,Health Care,Biotechnology: Pharmaceutical Preparations
ABCB,Ameris Bancorp Common Stock,$86.52,0.19,0.22%,5906635524.00,United States,1994,284488,Finance,Major Banks
ABCL,AbCellera Biologics Inc. Common Shares,$5.24,0.42,8.714%,1544047388.00,Canada,2020,10753029,Health Care,Biotechnology: Pharmaceutical Preparations
ABEO,Abeona Therapeutics Inc. Common Stock,$5.90,0.13,2.253%,335606886.00,United States,,852678,Health Care,Biotechnology: Pharmaceutical Preparations
ABEV,Ambev S.A. American Depositary Shares (Each representing 1 Common Share),$3.29,0.01,0.305%,51855791507.00,Brazil,2013,73517048,Consumer Staples,Beverages (Production/Distribution)
ABG,Asbury Automotive Group Inc Common Stock,$200.39,-0.06,-0.03%,3731021332.00,United States,2002,176731,Consumer Discretionary,Retail-Auto Dealers and Gas Stations
ABLV,Able View Global Inc. Class B Ordinary Shares,$0.8088,0.1388,20.716%,39946569.00,China,,389890,Consumer Discretionary,Other Consumer Services
ABLVW,Able View Global Inc. Warrant,$0.02,-0.0013,-6.103%,987798.00,China,,5008,Consumer Discretionary,Other Consumer Services
ABM,ABM Industries Incorporated Common Stock,$40.20,-0.56,-1.374%,2353019364.00,United States,,382259,Consumer Discretionary,Diversified Commercial Services
ABNB,Airbnb Inc. Class A Common Stock,$141.49,1.03,0.733%,84119377905.00,United States,2020,7841969,Consumer Discretionary,Diversified Commercial Services
ABOS,Acumen Pharmaceuticals Inc. Common Stock,$2.56,0.09,3.644%,184902605.00,United States,2021,162664,Health Care,Biotechnology: Biological Products (No Diagnostic Substances)
ABR,Arbor Realty Trust Common Stock,$7.21,-0.96,-11.75%,1386924274.00,United States,2004,11938653,Real Estate,Real Estate Investment Trusts
ABR^D,Arbor Realty Trust 6.375% Series D Cumulative Redeemable Preferred Stock Liquidation Preference $25.00 per Share,$17.03,-0.26,-1.504%,,United States,,55303,,
ABR^E,Arbor Realty Trust 6.25% Series E Cumulative Redeemable Preferred Stock,$16.91,-0.08,-0.471%,,United States,,14285,,
ABR^F,Arbor Realty Trust 6.25% Series F Fixed-to-Floating Rate Cumulative Redeemable Preferred Stock Liquidation Preference $25.00 per share,$23.38,-0.13,-0.553%,,United States,,33396,,
ABSI,Absci Corporation Common Stock,$5.90,0.15,2.609%,917139825.00,United States,2021,7333356,Health Care,Biotechnology: Commercial Physical & Biological Resarch
ABT,Abbott Laboratories Common Stock,$84.32,-2.69,-3.092%,146869624013.00,United States,,10906962,Health Care,Biotechnology: Pharmaceutical Preparations
ABTC,American Bitcoin Corp. Class A Common Stock,$1.19,0.03,2.586%,1264985714.00,United States,2018,9083228,Technology,EDP Services
ABTS,Abits Group Inc Ordinary Shares,$1.09,-0.06,-5.217%,3227977.00,China,,166272,Technology,Computer Software: Programming Data Processing
ABUS,Arbutus Biopharma Corporation Common Stock,$4.34,-0.01,-0.23%,854718207.00,Canada,,752869,Health Care,Biotechnology: Pharmaceutical Preparations
ABVC,ABVC BioPharma Inc. Common Stock,$1.06,-0.04,-3.636%,26966831.00,United States,,67741,Health Care,Biotechnology: Pharmaceutical Preparations
ABVE,Above Food Ingredients Inc. Common Stock,$0.63,-0.0377,-5.646%,32250864.00,Canada,,2475822,Consumer Staples,Packaged Foods
ABVEW,Above Food Ingredients Inc. Warrants,$0.15,-0.0201,-11.817%,7678777.00,Canada,,10796,Consumer Staples,Packaged Foods
ABVX,Abivax SA American Depositary Shares,$122.74,-1.91,-1.532%,9719186538.00,France,2023,914642,Health Care,Biotechnology: Pharmaceutical Preparations
ABX,Abacus Global Management Inc. Class A Common Stock,$9.08,-0.30,-3.198%,872938079.00,United States,,990355,Finance,Investment Managers
ABXL,Abacus Global Management Inc. 9.875% Fixed Rate Senior Notes due 2028,$26.04,-0.0001,0.00%,0.00,United States,,7335,,
ACA,Arcosa Inc. Common Stock ,$129.94,1.90,1.484%,6379581538.00,United States,2018,249630,Industrials,Metal Fabrications
ACAA,Averin Capital Acquisition Corp. Class A Ordinary Shares,$9.93,0.01,0.101%,0.00,United States,2026,262,Finance,Blank Checks
ACAAU,Averin Capital Acquisition Corp. Units,$10.04,0.00,0.00%,0.00,United States,2026,108,Finance,Blank Checks
ACAD,ACADIA Pharmaceuticals Inc. Common Stock,$22.40,-0.16,-0.709%,3835221869.00,United States,1985,2084450,Health Care,Biotechnology: Pharmaceutical Preparations
ACB,Aurora Cannabis Inc. Common Shares,$3.41,-0.02,-0.583%,193379136.00,Canada,,601315,Health Care, Medicinal Chemicals and Botanical Products 
ACCL,Acco Group Holdings Limited Class A Ordinary Shares,$1.44,-0.04,-2.703%,20016000.00,Hong Kong,2025,12458,Consumer Discretionary,Professional Services
ACCO,Acco Brands Corporation Common Stock,$4.04,-0.02,-0.493%,372721488.00,United States,,612689,Consumer Discretionary,Publishing
ACCS,ACCESS Newswire Inc. Common Stock,$8.185,-0.241,-2.86%,31775340.00,United States,,2190,Consumer Discretionary,Publishing
ACDC,ProFrac Holding Corp. Class A Common Stock,$6.66,0.08,1.216%,1204932215.00,United States,2022,1123057,Energy,Oilfield Services/Equipment
ACEL,Accel Entertainment Inc. ,$11.63,0.27,2.377%,946599427.00,United States,2017,340662,Consumer Discretionary,Services-Misc. Amusement & Recreation
ACET,Adicet Bio Inc. Common Stock,$8.55,0.23,2.764%,82064619.00,United States,2018,96783,Health Care,Biotechnology: Pharmaceutical Preparations
ACFN,Acorn Energy Inc. Common Stock,$17.07,0.31,1.85%,42785972.00,United States,,10868,Consumer Discretionary,Military/Government/Technical
ACGCU,ACP Holdings Acquisition Corp. Units,$10.01,0.015,0.15%,0.00,United States,2026,96852,Finance,Blank Checks
ACGL,Arch Capital Group Ltd. Common Stock,$93.80,-0.72,-0.762%,32772743354.00,Bermuda,,1856097,Finance,Property-Casualty Insurers
ACGLN,Arch Capital Group Ltd. Depositary Shares each Representing a 1/1000th Interest in a 4.550% Non-Cumulative Preferred Share Series G,$17.18,0.08,0.468%,6002513122.00,Bermuda,,25190,Finance,Property-Casualty Insurers
ACGLO,Arch Capital Group Ltd. Depositary Shares Each Representing 1/1000th Interest in a Share of 5.45% Non-Cumulative Preferred Shares Series F,$20.33,0.00,0.00%,7103090324.00,Bermuda,,15602,Finance,Property-Casualty Insurers
ACH,Accendra Health Inc. Common Stock,$3.58,-0.16,-4.278%,273647743.00,United States,,877397,Health Care,Medical Specialities
ACHC,Acadia Healthcare Company Inc. Common Stock,$25.18,0.72,2.944%,2315729740.00,United States,,1811752,Health Care,Medical Specialities
ACHR,Archer Aviation Inc. Class A Common Stock,$6.48,0.20,3.185%,4922195098.00,United States,2020,45513353,Industrials,Aerospace
ACHV,Achieve Life Sciences Inc. Common Shares,$5.21,0.42,8.768%,277380337.00,United States,,1758304,Health Care,Biotechnology: In Vitro & In Vivo Diagnostic Substances
ACI,Albertsons Companies Inc. Class A Common Stock,$16.02,-0.16,-0.989%,7922448169.00,United States,2020,3957655,Consumer Staples,Food Chains
ACIC,American Coastal Insurance Corporation Common Stock,$10.53,-0.32,-2.949%,509049800.00,United States,,281079,Finance,Property-Casualty Insurers
ACIU,AC Immune SA Common Stock,$2.86,-0.06,-2.055%,291072419.00,Switzerland,2016,341804,Health Care,Biotechnology: Pharmaceutical Preparations
ACIW,ACI Worldwide Inc. Common Stock,$45.51,-1.14,-2.444%,4629276335.00,United States,,912494,Technology,Computer Software: Prepackaged Software
ACLS,Axcelis Technologies Inc. Common Stock,$163.03,4.37,2.754%,5009907009.00,United States,2000,1033661,Technology,Industrial Machinery/Components
ACM,AECOM Common Stock,$80.59,-0.88,-1.08%,10419370208.00,United States,2007,1173693,Consumer Discretionary,Military/Government/Technical
ACMR,ACM Research Inc. Class A Common Stock,$59.85,0.65,1.098%,3962960089.00,United States,2017,1159622,Technology,Industrial Machinery/Components
ACN,Accenture plc Class A Ordinary Shares (Ireland),$180.42,0.23,0.128%,120004926857.00,Ireland,2001,5695399,Real Estate,Real Estate
ACNB,ACNB Corporation Common Stock,$53.54,0.54,1.019%,554326497.00,United States,,23239,Finance,Major Banks
ACNT,Ascent Industries Co. Common Stock,$13.84,0.45,3.361%,125088896.00,United States,,91522,Industrials,Steel/Iron Ore
ACOG,Alpha Cognition Inc. Common Stock,$6.10,0.01,0.164%,132822034.00,Canada,,11744,,
ACON,Aclarion Inc. Common Stock,$3.185,0.025,0.791%,7842266.00,United States,2022,30027,Health Care,Medical Specialities
ACONW,Aclarion Inc. Warrant,$0.0334,0.0001,0.30%,82239.00,United States,2022,1448,Health Care,Medical Specialities
ACP,abrdn Income Credit Strategies Fund Common Shares,$5.36,0.02,0.375%,0.00,United States,2011,293768,Finance,Investment Managers
ACP^A,abrdn Income Credit Strategies Fund 5.250% Series A Perpetual Preferred Stock,$20.20,0.33,1.661%,,United States,,2981,,
ACR,ACRES Commercial Realty Corp. Common Stock,$22.60,-0.13,-0.572%,161162883.00,United States,,26026,Real Estate,Real Estate Investment Trusts
ACR^C,ACRES Commercial Realty Corp. 8.625% Fixed-to-Floating Series C Cumulative Redeemable Preferred Stock ,$25.12,0.03,0.12%,,United States,,6958,,
ACR^D,ACRES Commercial Realty Corp. 7.875% Series D Cumulative Redeemable Preferred Stock,$22.09,0.19,0.868%,,United States,,5674,,
ACRE,Ares Commercial Real Estate Corporation Common Stock,$5.14,0.09,1.782%,284589834.00,United States,2012,527404,Real Estate,Real Estate Investment Trusts
ACRS,Aclaris Therapeutics Inc. Common Stock,$4.93,0.07,1.44%,688541942.00,United States,2015,1205921,Health Care,Biotechnology: Pharmaceutical Preparations
ACRV,Acrivon Therapeutics Inc. Common Stock,$1.98,-0.05,-2.463%,84746679.00,United States,2022,541090,Health Care,Biotechnology: Pharmaceutical Preparations
ACT,Enact Holdings Inc. Common Stock,$44.04,0.82,1.897%,6148016810.00,United States,2021,311191,Finance,Specialty Insurers
ACTG,Acacia Research Corporation (Acacia Tech) Common Stock,$4.66,-0.045,-0.956%,450105355.00,United States,,277367,Miscellaneous,Multi-Sector Companies
ACTU,Actuate Therapeutics Inc. Common stock,$3.30,-0.04,-1.198%,78225480.00,United States,2024,69796,Health Care,Biotechnology: Pharmaceutical Preparations
ACU,Acme United Corporation. Common Stock,$41.61,-0.21,-0.502%,158549038.00,United States,1988,8417,Consumer Discretionary,Industrial Machinery/Components
ACV,Virtus Diversified Income & Convertible Fund Common Shares of Beneficial Interest,$27.44,0.28,1.031%,284359458.00,United States,2015,13170,Finance,Finance/Investors Services
ACVA,ACV Auctions Inc. Class A Common Stock,$6.41,-0.09,-1.385%,1119089171.00,United States,2025,5667635,Real Estate,Real Estate
ACXP,Acurx Pharmaceuticals Inc. Common Stock,$2.09,-0.03,-1.415%,8942048.00,United States,2021,60026,Health Care,Biotechnology: Pharmaceutical Preparations
AD,Array Digital Infrastructure Inc. Common Shares,$55.77,6.47,13.124%,4820018676.00,United States,1988,881318,Telecommunications,Telecommunications Equipment
ADAC,American Drive Acquisition Company Class A Ordinary Shares,$9.92,0.00,0.00%,0.00,United States,2026,3,,
ADACU,American Drive Acquisition Company Units,$10.04,0.015,0.15%,0.00,United States,2025,2067,Finance,Blank Checks
ADAG,Adagene Inc. American Depositary Shares,$3.69,0.11,3.073%,174930332.00,China,2021,103469,Health Care,Biotechnology: Pharmaceutical Preparations
ADAM,Adamas Trust Inc. Common Stock,$8.83,0.11,1.261%,793473584.00,United States,,461550,Real Estate,Real Estate Investment Trusts
ADAMG,Adamas Trust Inc. 9.125% Senior Notes Due 2030,$25.23,-0.02,-0.079%,0.00,United States,,7776,Real Estate,Real Estate Investment Trusts
ADAMH,Adamas Trust Inc. 9.875% Senior Notes Due 2030,$25.75,0.05,0.195%,0.00,United States,,9904,Real Estate,Real Estate Investment Trusts
ADAMI,Adamas Trust Inc. 9.125% Senior Notes Due 2029,$25.40,-0.06,-0.236%,2300718005.00,United States,,2506,Real Estate,Real Estate Investment Trusts
ADAML,Adamas Trust Inc. 6.875% Series F Fixed-to-Floating Rate Cumulative Redeemable Preferred Stock $0.01 par value per share,$24.24,-0.06,-0.247%,2178233258.00,United States,,27887,Real Estate,Real Estate Investment Trusts
ADAMM,Adamas Trust Inc. 7.875% Series E Fixed-to-Floating Rate Cumulative Redeemable Preferred Stock,$25.59,0.06,0.235%,2299545754.00,United States,,3846,Real Estate,Real Estate Investment Trusts
ADAMN,Adamas Trust Inc. 8.00% Series D Fixed-to-Floating Rate Cumulative Redeemable Preferred Stock,$23.43,0.00,0.00%,2105445760.00,United States,,8648,Real Estate,Real Estate Investment Trusts
ADAMO,Adamas Trust Inc. 9.250% Senior Notes Due 2031,$25.23,0.03,0.119%,0.00,United States,,34042,Real Estate,Real Estate Investment Trusts
ADAMZ,Adamas Trust Inc. 7.000% Series G Cumulative Redeemable Preferred Stock $0.01 par value per share,$18.5699,-0.1889,-1.007%,1668711789.00,United States,,5641,Real Estate,Real Estate Investment Trusts
ADBE,Adobe Inc. Common Stock,$253.04,-3.47,-1.353%,102278768000.00,United States,1986,3665271,Technology,Computer Software: Prepackaged Software
ADC,Agree Realty Corporation Common Stock,$76.22,-0.11,-0.144%,9154239913.00,United States,,771871,Real Estate,Real Estate Investment Trusts
ADC^A,Agree Realty Corporation Depositary Shares each representing 1/1000th of a 4.250% Series A Cumulative Redeemable Preferred Stock,$17.08,0.03,0.176%,,United States,,6151,,
ADCT,ADC Therapeutics SA Common Shares,$3.50,-0.25,-6.667%,445169053.00,Switzerland,2020,1632302,Health Care,Biotechnology: Pharmaceutical Preparations
ADEA,Adeia Inc. Common Stock,$29.53,2.11,7.695%,3256974408.00,United States,2003,1317738,Technology,Computer Software: Prepackaged Software
ADGM,Adagio Medical Holdings Inc Common Stock,$0.975,0.022,2.308%,21655198.00,United States,,20512,Health Care,Medical/Dental Instruments
ADI,Analog Devices Inc. Common Stock,$416.52,8.00,1.958%,203346795474.00,United States,,3753576,Technology,Semiconductors
ADIL,Adial Pharmaceuticals Inc Common Stock,$1.43,0.01,0.704%,2041997.00,United States,2018,89826,Health Care,Biotechnology: Pharmaceutical Preparations
ADM,Archer-Daniels-Midland Company Common Stock,$77.66,0.13,0.168%,37428743887.00,United States,,2916885,Consumer Staples,Packaged Foods
ADMA,ADMA Biologics Inc Common Stock,$8.17,-0.30,-3.542%,1893583082.00,United States,,10187695,Health Care,Biotechnology: Biological Products (No Diagnostic Substances)
ADNT,Adient plc Ordinary Shares ,$22.78,0.92,4.209%,1786256956.00,United States,2016,1336888,Consumer Discretionary,Auto Parts:O.E.M.
ADP,Automatic Data Processing Inc. Common Stock,$212.995,-1.095,-0.511%,85761236310.00,United States,,2804100,Industrials,Diversified Commercial Services
ADPT,Adaptive Biotechnologies Corporation Common Stock,$13.81,-0.88,-5.99%,2210213054.00,United States,2019,1522163,Health Care,Biotechnology: Biological Products (No Diagnostic Substances)
ADSE,ADS-TEC ENERGY PLC Ordinary Shares,$11.18,0.15,1.36%,672169952.00,Ireland,,2498,Consumer Discretionary,Industrial Specialties
ADSEW,ADS-TEC ENERGY PLC Warrant,$0.58,0.01,1.754%,34871071.00,Ireland,,6484,Consumer Discretionary,Industrial Specialties
ADSK,Autodesk Inc. Common Stock,$244.50,-6.54,-2.605%,51625013870.00,United States,,1747752,Technology,Computer Software: Prepackaged Software
ADT,ADT Inc. Common Stock,$6.87,-0.03,-0.435%,5425199930.00,United States,2018,17690266,Consumer Discretionary,Diversified Commercial Services
ADTN,ADTRAN Holdings Inc. Common Stock,$14.94,0.39,2.68%,1210111614.00,United States,1994,1531311,Utilities,Telecommunications Equipment
ADTX,Aditxt Inc. Common Stock,$0.1188,0.0022,1.887%,107451.00,United States,2020,1421388,Health Care,Biotechnology: Pharmaceutical Preparations
ADUR,Aduro Clean Technologies Inc. Common Stock,$13.50,0.37,2.818%,457281491.00,Canada,,235293,Industrials,Major Chemicals
ADUS,Addus HomeCare Corporation Common Stock,$99.57,2.28,2.344%,1858451746.00,United States,2009,253797,Health Care,Medical/Nursing Services
ADV,Advantage Solutions Inc. Class A Common Stock,$39.78,-4.65,-10.466%,528886238.00,United States,2019,87038,Real Estate,Real Estate
ADVB,Advanced Biomed Inc. Common Stock,$6.19,-1.01,-14.028%,8446478.00,Taiwan,2025,38035,Health Care,Medical Specialities
ADX,Adams Diversified Equity Fund Inc.,$24.54,0.19,0.78%,0.00,United States,,205971,Finance,Investment Managers
ADXN,Addex Therapeutics Ltd American Depositary Shares,$6.84,-0.17,-2.425%,11073050.00,Switzerland,,4665,Health Care,Biotechnology: Pharmaceutical Preparations
AEAQ,Activate Energy Acquisition Corp. Class A Ordinary Share,$9.96,0.00,0.00%,0.00,Cayman Islands,2026,18,,
AEAQW,Activate Energy Acquisition Corp. Warrant,$0.34,0.00,0.00%,0.00,Cayman Islands,2026,71,,
AEBI,Aebi Schmidt Holding AG Common Stock ,$11.51,-0.21,-1.792%,893168910.00,Switzerland,,207334,Industrials,Auto Manufacturing
AEC,Anfield Energy Inc. Common Shares,$4.89,-0.27,-5.233%,88924533.00,Canada,,58540,Basic Materials,Metal Mining
AEE,Ameren Corporation Common Stock,$109.07,0.30,0.276%,30174566596.00,United States,,1754855,Utilities,Power Generation
AEF,abrdn Emerging Markets ex-China Fund Inc. Common Stock,$9.83,0.08,0.821%,1055373375.00,United States,,130335,Finance,Finance/Investors Services
AEFC,Aegon Funding Company LLC 5.10% Subordinated Notes due 2049,$19.56,-0.02,-0.102%,0.00,United States,2019,40919,,
AEG,Aegon Ltd. New York Registry Shares,$8.31,0.08,0.972%,15863378738.00,Netherlands,,5388096,Finance,Life Insurance
AEHL,Antelope Enterprise Holdings Limited Class A Ordinary Shares,$1.20,0.6901,135.34%,5823689.00,China,,315894828,Industrials,Building Materials
AEHR,Aehr Test Systems Common Stock,$97.23,5.97,6.542%,3121477559.00,United States,1997,3830841,Industrials,Electrical Products
AEI,Alset Inc. Common Stock (TX),$1.83,0.22,13.665%,71179369.00,United States,2020,33561,Finance,Real Estate
AEIS,Advanced Energy Industries Inc. Common Stock,$357.24,5.30,1.506%,13586071907.00,United States,1995,563686,Technology,Industrial Machinery/Components
AEM,Agnico Eagle Mines Limited Common Stock,$193.21,5.44,2.897%,96612001351.00,Canada,,1902915,Basic Materials,Precious Metals
AEMD,Aethlon Medical Inc. Common Stock,$2.25,-0.05,-2.174%,2958998.00,United States,,267928,Health Care,Medical/Dental Instruments
AENT,Alliance Entertainment Holding Corporation Class A Common Stock,$7.09,-0.22,-3.01%,361287753.00,United States,,16310,Consumer Discretionary,Durable Goods
AENTW,Alliance Entertainment Holding Corporation Warrant,$0.5899,0.0099,1.707%,30059753.00,United States,,829,Consumer Discretionary,Durable Goods
AEO,American Eagle Outfitters Inc. Common Stock,$16.68,0.04,0.24%,2794311429.00,United States,,2572061,Consumer Discretionary,Clothing/Shoe/Accessory Stores
AEON,AEON Biopharma Inc. Class A Common Stock,$0.90,-0.01,-1.099%,23676490.00,United States,,61825,Health Care,Biotechnology: Pharmaceutical Preparations
AEP,American Electric Power Company Inc. Common Stock,$130.16,-0.65,-0.497%,70820700943.00,United States,,2659392,Utilities,Electric Utilities: Central
AER,AerCap Holdings N.V. Ordinary Shares,$150.00,1.51,1.017%,26856560850.00,Netherlands,2006,1921686,Consumer Discretionary,Diversified Commercial Services
AERO,Grupo Aeromexico S.A.B. de C.V. American Depositary Shares (each representing ten (10) Common Shares),$16.31,-0.03,-0.184%,2379684601.00,,2025,211336,Consumer Discretionary,Air Freight/Delivery Services
AERT,Aeries Technology Inc. Class A Ordinary Share,$0.6451,0.0101,1.591%,32390288.00,United States,2021,124738,Consumer Discretionary,Professional Services
AERTW,Aeries Technology Inc. Warrant,$0.0231,-0.0001,-0.431%,1159844.00,United States,2021,6650,Consumer Discretionary,Professional Services
AES,The AES Corporation Common Stock,$14.33,0.04,0.28%,10219550027.00,United States,,11247904,Utilities,Electric Utilities: Central
AESI,Atlas Energy Solutions Inc. Common Stock,$18.71,0.43,2.352%,2336983477.00,United States,2023,2962492,Industrials,Mining & Quarrying of Nonmetallic Minerals (No Fuels)
AEVA,Aeva Technologies Inc. Common Stock,$13.57,-0.09,-0.659%,854633145.00,United States,,1957614,Consumer Discretionary,Auto Parts:O.E.M.
AEXA,American Exceptionalism Acquisition Corp. A Class A Ordinary Shares,$11.33,-0.03,-0.264%,0.00,,2025,45201,,
AEYE,AudioEye Inc. Common Stock,$7.86,-0.23,-2.843%,98218403.00,United States,,75831,Technology,Computer Software: Prepackaged Software
AFB,AllianceBernstein National Municipal Income Fund Inc,$11.21,0.07,0.628%,0.00,United States,2002,102159,Finance,Trusts Except Educational Religious and Charitable
AFBI,Affinity Bancshares Inc. Common Stock (MD),$22.46,0.00,0.00%,136891117.00,United States,2017,724,Finance,Banks
AFCG,Advanced Flower Capital Inc. Common Stock,$3.22,0.13,4.207%,75762878.00,United States,2021,421685,Finance,Real Estate
AFG,American Financial Group Inc. Common Stock,$131.32,-0.38,-0.289%,10910892259.00,United States,,383981,Finance,Property-Casualty Insurers
AFGB,American Financial Group Inc. 5.875% Subordinated Debentures due 2059,$21.45,0.075,0.351%,1782201028.00,United States,2019,6073,Finance,Property-Casualty Insurers
AFGC,American Financial Group Inc. 5.125% Subordinated Debentures due 2059,$18.66,0.04,0.215%,1550390265.00,United States,2019,4647,Finance,Property-Casualty Insurers
AFGD,American Financial Group Inc. 5.625% Subordinated Debentures due 2060,$20.45,0.05,0.245%,1699114733.00,United States,2020,1437,Finance,Property-Casualty Insurers
AFGE,American Financial Group Inc. 4.500% Subordinated Debentures due 2060,$16.97,0.10,0.593%,1409974426.00,United States,2020,9501,Finance,Property-Casualty Insurers
AFJK,Aimei Health Technology Co. Ltd Ordinary Share,$42.67,-2.67,-5.889%,0.00,United States,2024,1996,,
AFJKR,Aimei Health Technology Co. Ltd Right,$0.3098,0.0598,23.92%,0.00,United States,2024,100,,
AFJKU,Aimei Health Technology Co. Ltd Unit,$54.82,0.00,0.00%,0.00,United States,2023,86,,
AFL,AFLAC Incorporated Common Stock,$113.10,-0.50,-0.44%,57566192642.00,United States,,1509143,Finance,Accident &Health Insurance
AFRI,Forafric Global PLC Ordinary Shares,$10.16,0.11,1.095%,273320175.00,Gibraltar,,36136,Consumer Staples,Packaged Foods
AFRIW,Forafric Global PLC Warrants,$0.81,0.0375,4.854%,21790290.00,Gibraltar,,1611,Consumer Staples,Packaged Foods
AFRM,Affirm Holdings Inc. Class A Common Stock,$64.01,-3.35,-4.973%,21322412771.00,United States,2021,9382209,Finance,Finance: Consumer Services
AFYA,Afya Limited Class A Common Shares,$13.93,0.02,0.144%,1251856796.00,Brazil,2019,55347,Real Estate,Other Consumer Services
AG,First Majestic Silver Corp. Ordinary Shares (Canada),$21.86,0.49,2.293%,10712030333.00,Canada,,12834065,Basic Materials,Precious Metals
AGAE,Allied Gaming & Entertainment Inc. Common Stock,$0.45,-0.07,-13.462%,16968119.00,United States,2017,803442,Consumer Discretionary,Services-Misc. Amusement & Recreation
AGBK,AGI Inc Class A Common Shares,$7.01,-0.38,-5.142%,1121109791.00,,2026,717262,Finance,Commercial Banks
AGCC,Agencia Comercial Spirits Ltd Class A Ordinary Shares,$18.39,-0.21,-1.129%,685698735.00,Taiwan,2025,19120,Consumer Staples,Beverages (Production/Distribution)
AGCO,AGCO Corporation Common Stock,$117.34,-0.37,-0.314%,8496416558.00,United States,,416806,Industrials,Industrial Machinery/Components
AGD,abrdn Global Dynamic Dividend Fund Common Shares of Beneficial Interest,$12.52,0.15,1.213%,0.00,United States,2006,149825,Finance,Trusts Except Educational Religious and Charitable
AGEN,Agenus Inc. Common Stock,$3.82,0.07,1.867%,158677276.00,United States,2000,620262,Health Care,Biotechnology: Biological Products (No Diagnostic Substances)
AGH,Aureus Greenway Holdings Inc. Common Stock,$4.44,-0.10,-2.203%,89930788.00,United States,2025,545080,Consumer Discretionary,Hotels/Resorts
AGI,Alamos Gold Inc. Class A Common Shares,$43.38,1.01,2.384%,18218099529.00,Canada,2015,2942764,Basic Materials,Precious Metals
AGIG,Abundia Global Impact Group Inc. Common stock,$1.13,0.04,3.67%,49404729.00,United States,,198020,Energy,Oil & Gas Production
AGIO,Agios Pharmaceuticals Inc. Common Stock,$27.79,0.26,0.944%,1652716014.00,United States,2013,582974,Health Care,Biotechnology: Pharmaceutical Preparations
AGL,agilon health inc. Common Stock,$54.23,-6.43,-10.60%,904761715.00,United States,2021,859976,Health Care,Misc Health and Biotechnology Services
AGM,Federal Agricultural Mortgage Corporation Common Stock,$180.99,-1.64,-0.898%,1963560148.00,United States,,104688,Finance,Finance Companies
AGM^D,Federal Agricultural Mortgage Corporation 5.700% Non-Cumulative Preferred Stock Series D,$20.67,-0.01,-0.048%,,United States,,4446,,
AGM^E,Federal Agricultural Mortgage Corporation 5.750% Non-Cumulative Preferred Stock Series E,$20.93,-0.015,-0.072%,,United States,,2155,,
AGM^F,Federal Agricultural Mortgage Corporation 5.250% Non-Cumulative Preferred Stock Series F,$18.98,-0.09,-0.472%,,United States,,11009,,
AGM^G,Federal Agricultural Mortgage Corporation 4.875% Non-Cumulative Preferred Stock Series G,$17.6776,0.1076,0.612%,,United States,,8247,,
AGM^H,Federal Agricultural Mortgage Corporation 6.500% Non-Cumulative Preferred Stock Series H,$24.2301,-0.0199,-0.082%,,United States,,2555,,
AGMB,AgomAb Therapeutics NV American Depositary Shares,$12.13,0.71,6.217%,597377937.00,Belgium,2026,107864,Health Care,Biotechnology: Biological Products (No Diagnostic Substances)
AGMH,AGM Group Holdings Inc. Class A Ordinary Shares,$0.9008,0.0008,0.089%,3151837.00,Hong Kong,2018,70221,Technology,EDP Services
AGNC,AGNC Investment Corp. Common Stock,$10.86,0.14,1.306%,12466511894.00,United States,2008,13187581,Real Estate,Real Estate Investment Trusts
AGNCL,AGNC Investment Corp. Depositary Shares Each Representing a 1/1000th Interest in a Share of 7.75% Series G Fixed-Rate Reset Cumulative Redeemable Preferred Stock,$24.9974,0.1824,0.735%,28695247184.00,United States,,16996,Real Estate,Real Estate Investment Trusts
AGNCM,AGNC Investment Corp. Depositary Shares rep 6.875% Series D Fixed-to-Floating Cumulative Redeemable Preferred Stock,$24.97,-0.01,-0.04%,28663793922.00,United States,,7705,Real Estate,Real Estate Investment Trusts
AGNCN,AGNC Investment Corp. Depositary Shares Each Representing a 1/1000th Interest in a Share of 7.00% Series C Fixed-To-Floating Rate Cumulative Redeemable Preferred Stock,$25.78,0.04,0.155%,29593616632.00,United States,,15263,Real Estate,Real Estate Investment Trusts
AGNCO,AGNC Investment Corp. Depositary Shares each representing a 1/1000th interest in a share of 6.50% Series E Fixed-to-Floating Cumulative Redeemable Preferred Stock,$25.51,0.02,0.078%,29283675729.00,United States,,12476,Real Estate,Real Estate Investment Trusts
AGNCP,AGNC Investment Corp. Depositary Shares Each Representing a 1/1000th Interest in a Share of 6.125% Series F Fixed-to-Floating Rate Cumulative Redeemable Preferred Stock,$24.97,-0.01,-0.04%,28663793922.00,United States,,53574,Real Estate,Real Estate Investment Trusts
AGNCZ,AGNC Investment Corp. Depositary Shares Each Representing a 1/1000th Interest in a Share of 8.75% Series H Fixed-Rate Cumulative Redeemable Preferred Stock,$25.41,-0.04,-0.157%,29168882802.00,United States,,119358,,
AGNT,eXp World Holdings Inc. Common Stock,$6.60,6.60,,1068494434.00,United States,,1327048,,
AGO,Assured Guaranty Ltd. Common Stock,$75.05,-7.38,-8.953%,3366866983.00,Bermuda,2004,1337207,Finance,Property-Casualty Insurers
AGPU,Axe Compute Inc. Common Stock,$5.67,-0.30,-5.025%,31407644.00,United States,,237139,Health Care,Industrial Specialties
AGRO,Adecoagro S.A. Common Shares,$13.13,-0.24,-1.795%,1894770159.00,Luxembourg,2011,572012,Consumer Staples,Farming/Seeds/Milling
AGRZ,Agroz Inc. Ordinary Shares,$0.354,-0.0055,-1.53%,7229914.00,Malaysia,2025,93720,Consumer Staples,Farming/Seeds/Milling
AGX,Argan Inc. Common Stock,$680.26,-9.74,-1.412%,9496745921.00,United States,,250996,Consumer Discretionary,Engineering & Construction
AGYS,Agilysys Inc. Common Stock (DE),$71.59,-1.34,-1.837%,2012269403.00,United States,,251912,Technology,EDP Services
AHCO,AdaptHealth Corp. Common Stock,$11.30,-0.43,-3.666%,1537411918.00,United States,2018,1484548,Health Care,Medical/Nursing Services
AHG,Akso Health Group ADS,$1.98,-0.07,-3.415%,1092685130.00,China,2017,198337,Real Estate,Real Estate
AHL^D,Aspen Insurance Holdings Limited 5.625% Perpetual Non-Cumulative Preference Shares,$21.26,-0.06,-0.281%,,Bermuda,,29065,,
AHL^E,Aspen Insurance Holdings Limited Depositary Shares each representing a 1/1000th interest in a share of 5.625% Perpetual Non-Cumulative Preference Shares,$20.91,-0.05,-0.239%,,Bermuda,,3512,,
AHL^F,Aspen Insurance Holdings Limited Depositary Shares each representing a 1/1000th Interest in a 7.00% Perpetual Non-Cumulative Preference Share,$24.90,0.15,0.606%,,Bermuda,,5218,,
AHMA,Ambitions Enterprise Management Co. L.L.C Class A Ordinary Shares,$1.41,-0.35,-19.886%,41912250.00,United Arab Emirates,2025,737951,Consumer Discretionary,Services-Misc. Amusement & Recreation
AHR,American Healthcare REIT Inc. Common Stock,$51.71,2.11,4.254%,9921606904.00,United States,2024,2664275,Real Estate,Real Estate Investment Trusts
AHRT,AH Realty Trust Inc. Common Stock,$6.37,-0.03,-0.469%,483952335.00,United States,2013,646376,Finance,Real Estate
AHRT^A,AH Realty Trust Inc. 6.75% Series A Cumulative Redeemable Perpetual Preferred Stock,$21.96,0.26,1.198%,,United States,,4180,,
AHT,Ashford Hospitality Trust Inc Common Stock,$3.08,-0.03,-0.965%,19947592.00,United States,2003,18798,Real Estate,Real Estate Investment Trusts
AHT^D,Ashford Hospitality Trust Inc 8.45% Series D Cumulative Preferred Stock,$6.99,-0.36,-4.898%,,United States,,1491,,
AHT^F,Ashford Hospitality Trust Inc 7.375% Series F Cumulative Preferred Stock,$6.26,0.06,0.968%,,United States,,3051,,
AHT^G,Ashford Hospitality Trust Inc 7.375% Series G Cumulative Preferred Stock,$6.138,0.1381,2.302%,,United States,,2356,,
AHT^H,Ashford Hospitality Trust Inc 7.50% Series H Cumulative Preferred Stock,$6.16,-0.045,-0.725%,,United States,,7753,,
AHT^I,Ashford Hospitality Trust Inc 7.50% Series I Cumulative Preferred Stock,$6.08,0.08,1.333%,,United States,,4277,,
AI,C3.ai Inc. Class A Common Stock,$9.87,0.29,3.027%,1434024361.00,United States,2020,4319433,Technology,Computer Software: Prepackaged Software
AIB,BlockchAIn Digital Infrastructure Inc Common Shares,$1.18,0.01,0.855%,44422437.00,,2026,250357,Finance,Investment Bankers/Brokers/Service
AIDX,20/20 Biolabs Inc. Common Stock,$1.37,-0.01,-0.725%,14357722.00,United States,,31850,Health Care,Precision Instruments
AIFC,AI Financial Corporation Common Stock,$0.9802,-0.0098,-0.99%,124648362.00,United States,,2741932,Finance,Finance: Consumer Services
AIFF,Firefly Neuroscience Inc. Common Stock,$1.89,-0.01,-0.526%,27958912.00,United States,,208836,Technology,Computer Software: Prepackaged Software
AIFU,AIFU Inc. Class A Ordinary Share,$1.58,0.07,4.636%,204987794.00,China,2007,5010,Finance,Specialty Insurers
AIG,American International Group Inc. New Common Stock,$76.36,-0.07,-0.092%,40486547036.00,United States,,4752759,Finance,Life Insurance
AIHS,Senmiao Technology Limited Common Stock,$1.18,-0.01,-0.84%,5377837.00,China,2018,2780,Finance,Finance: Consumer Services
AII,American Integrity Insurance Group Inc. Common Stock,$19.73,0.06,0.305%,386339897.00,United States,2025,66956,Finance,Property-Casualty Insurers
AIIA,AI Infrastructure Acquisition Corp. Class A Ordinary Shares,$10.13,0.01,0.099%,0.00,,2025,134,Finance,Blank Checks
AIIO,Robo.ai Inc. Class B Ordinary Shares,$0.86,0.2708,45.961%,17013835.00,United Arab Emirates,,260838209,Industrials,Auto Manufacturing
AIIOW,Robo.ai Inc. Warrant,$0.036,0.0183,103.39%,712207.00,United Arab Emirates,,2399198,Industrials,Auto Manufacturing
AIM,AIM ImmunoTech Inc. Common Stock,$0.3379,-0.2221,-39.661%,2764704.00,,,3266133,Health Care,Biotechnology: Biological Products (No Diagnostic Substances)
AIMD,Ainos Inc. Common Stock,$1.70,-0.045,-2.579%,12352219.00,United States,,5546,Health Care,Biotechnology: Pharmaceutical Preparations
AIMDW,Ainos Inc. Warrants,$0.0971,0.029,42.584%,705530.00,United States,,112,Health Care,Biotechnology: Pharmaceutical Preparations
AIN,Albany International Corporation Common Stock,$62.55,0.92,1.493%,1776420000.00,United States,,211017,Consumer Discretionary,Textiles
AIO,Virtus Artificial Intelligence & Technology Opportunities Fund Common Shares of Beneficial Interest,$25.82,0.16,0.624%,886683897.00,,2019,99190,Finance,Finance/Investors Services
AIOS,AIOS Tech Inc. Class A Common Shares,$19.01,-0.34,-1.757%,61768338.00,China,2016,42857,Industrials,Metal Fabrications
AIOT,PowerFleet Inc. Common Stock,$3.41,0.01,0.294%,457442215.00,United States,,1096214,Telecommunications,Telecommunications Equipment
AIP,Arteris Inc. Common Stock,$31.86,2.11,7.092%,1468510809.00,United States,2021,1131829,Technology,Semiconductors
AIR,AAR Corp. Common Stock,$117.78,-0.04,-0.034%,4683435485.00,United States,,487095,Industrials,Aerospace
AIRE,reAlpha Tech Corp. Common Stock,$2.22,-0.355,-13.786%,11909749.00,United States,,310658,Finance,Real Estate
AIRG,Airgain Inc. Common Stock,$7.13,-0.12,-1.655%,90378311.00,United States,2016,190125,Technology,Radio And Television Broadcasting And Communications Equipment
AIRI,Air Industries Group Common Stock,$3.04,-0.04,-1.299%,14534404.00,United States,,7627,Industrials,Military/Government/Technical
AIRJ,AirJoule Technologies Corporation Class A Common Stock,$3.55,0.07,2.011%,243078227.00,United States,2022,717605,Industrials,Industrial Machinery/Components
AIRJW,AirJoule Technologies Corporation Warrant,$0.77,0.135,21.26%,52724010.00,United States,2022,11417,Industrials,Industrial Machinery/Components
AIRO,AIRO Group Holdings Inc. Common Stock,$7.34,0.12,1.662%,230757724.00,United States,2025,240194,Industrials,Aerospace
AIRS,AirSculpt Technologies Inc. Common Stock,$3.86,0.40,11.561%,272306329.00,United States,2021,2395909,Health Care,Medical/Nursing Services
AIRT,Air T Inc. Common Stock,$21.18,0.00,0.00%,57241894.00,United States,,305,Consumer Discretionary,Air Freight/Delivery Services
AIRTP,Air T Inc. Air T Funding Alpha Income Trust Preferred Securities,$19.95,-0.40,-1.966%,53917648.00,United States,,1296,Consumer Discretionary,Air Freight/Delivery Services
AISP,Airship AI Holdings Inc. Class A Common Stock,$2.55,0.03,1.19%,87649013.00,United States,2021,481907,Technology,Computer Software: Prepackaged Software
AISPW,Airship AI Holdings Inc. Warrants,$0.75,0.03,4.167%,25779122.00,United States,2021,14941,Technology,Computer Software: Prepackaged Software
AIT,Applied Industrial Technologies Inc. Common Stock,$308.87,-1.50,-0.483%,11415693429.00,United States,,147218,Consumer Discretionary,Industrial Specialties
AIV,Apartment Investment and Management Company Common Stock,$4.24,-0.07,-1.624%,609950216.00,United States,1994,1476571,Real Estate,Real Estate Investment Trusts
AIXC,AIxCrypto Holdings Inc. Common Stock,$1.37,-0.01,-0.725%,27721940.00,United States,2015,45320,Health Care,Biotechnology: Pharmaceutical Preparations
AIXI,XIAO-I Corporation American Depositary Shares,$0.6101,-0.1128,-15.604%,7602051.00,China,2023,7534433,Technology,Computer Software: Prepackaged Software
AIZ,Assurant Inc. Common Stock,$239.67,5.87,2.511%,11912777218.00,United States,2004,492034,Finance,Property-Casualty Insurers
AIZN,Assurant Inc. 5.25% Subordinated Notes due 2061,$19.78,0.13,0.662%,998083194.00,United States,2020,9892,Finance,Property-Casualty Insurers
AJG,Arthur J. Gallagher & Co. Common Stock,$198.87,-3.07,-1.52%,51087328890.00,United States,,1601259,Finance,Specialty Insurers
AKA,a.k.a. Brands Holding Corp. Common Stock,$11.38,0.395,3.596%,123116977.00,,2021,3748,Consumer Discretionary,Catalog/Specialty Distribution
AKAM,Akamai Technologies Inc. Common Stock,$147.71,31.02,26.583%,21746316420.00,United States,1999,21470409,Real Estate,Real Estate
AKAN,Akanda Corp. Common Shares,$27.00,-10.19,-27.40%,14429286.00,United Kingdom,2022,396805,Health Care, Medicinal Chemicals and Botanical Products 
AKBA,Akebia Therapeutics Inc. Common Stock,$1.16,-0.02,-1.695%,311170050.00,United States,2014,4394655,Health Care,Biotechnology: Pharmaceutical Preparations
AKO/A,Embotelladora Andina S.A.,$22.60,0.00,0.00%,,Chile,,147,,
AKO/B,Embotelladora Andina S.A.,$28.18,1.05,3.87%,,Chile,,5390,,
AKR,Acadia Realty Trust Common Stock,$21.77,-0.17,-0.775%,2906668160.00,United States,,640546,Real Estate,Real Estate Investment Trusts
AKTS,Aktis Oncology Inc. Common stock,$18.60,-0.24,-1.274%,1028133637.00,United States,2026,117624,Health Care,Biotechnology: Pharmaceutical Preparations
AKTX,Akari Therapeutics plc ADS,$6.25,-0.33,-5.015%,7153675.00,United Kingdom,,4286,Health Care,Biotechnology: Pharmaceutical Preparations
ALAB,Astera Labs Inc. Common Stock,$199.79,4.14,2.116%,34245592133.00,United States,2024,4602877,Technology,Semiconductors
ALAR,Alarum Technologies Ltd. American Depositary Share,$8.29,0.30,3.755%,60106405.00,Israel,2018,73024,Technology,Computer Software: Prepackaged Software
ALB,Albemarle Corporation Common Stock,$203.52,5.17,2.607%,24002060172.00,United States,,3127875,Industrials,Major Chemicals
ALB^A,Albemarle Corporation Depositary Shares each representing a 1/20th of 7.25% Series A Mandatory Convertible Preferred Stock,$81.09,1.75,2.206%,,United States,,55418,,
ALBT,Avalon GloboCare Corp. Common Stock,$0.40,-0.005,-1.235%,3329444.00,United States,,75749,Health Care,Biotechnology: Biological Products (No Diagnostic Substances)
ALC,Alcon Inc. Ordinary Shares,$62.56,-1.32,-2.066%,31261232000.00,Switzerland,2019,4537686,Health Care,Ophthalmic Goods
ALCO,Alico Inc. Common Stock,$40.68,-0.62,-1.501%,311472359.00,United States,,19299,,
ALCY,Alchemy Investments Acquisition Corp 1 Class A Ordinary Shares,$11.94,-0.02,-0.167%,0.00,United States,2023,5072,Finance,Blank Checks
ALCYW,Alchemy Investments Acquisition Corp 1 Warrants,$0.1311,0.0201,18.108%,0.00,United States,2023,1480,Finance,Blank Checks
ALDF,Aldel Financial II Inc. Class A Ordinary Shares,$10.63,0.00,0.00%,0.00,United States,2024,353510,,
ALDFW,Aldel Financial II Inc. Warrants,$0.321,0.0009,0.281%,0.00,United States,2024,1582,Finance,Blank Checks
ALDX,Aldeyra Therapeutics Inc. Common Stock,$1.73,0.00,0.00%,104355448.00,United States,2014,819846,Health Care,Biotechnology: Pharmaceutical Preparations
ALEC,Alector Inc. Common Stock,$2.10,-0.34,-13.934%,233152893.00,United States,2019,719057,Health Care,Biotechnology: Biological Products (No Diagnostic Substances)
ALF,Centurion Acquisition Corp. Class A Ordinary Shares,$10.83,0.03,0.278%,0.00,United States,2024,25144,,
ALFUW,Centurion Acquisition Corp. Warrant,$0.12,0.00,0.00%,0.00,United States,2024,10,Finance,Blank Checks
ALG,Alamo Group Inc. Common Stock,$163.76,-2.44,-1.468%,1992687850.00,United States,,161277,Industrials,Industrial Machinery/Components
ALGM,Allegro MicroSystems Inc. Common Stock,$48.95,1.02,2.128%,9069988087.00,United States,2020,2540112,Technology,Semiconductors
ALGN,Align Technology Inc. Common Stock,$168.78,0.39,0.232%,12087707475.00,United States,2001,835847,Health Care,Industrial Specialties
ALGS,Aligos Therapeutics Inc. Common Stock,$6.44,0.41,6.799%,34700156.00,United States,2020,314873,Health Care,Biotechnology: Biological Products (No Diagnostic Substances)
ALGT,Allegiant Travel Company Common Stock,$83.03,0.85,1.034%,1530848189.00,United States,2006,459950,Consumer Discretionary,Air Freight/Delivery Services
ALH,Alliance Laundry Holdings Inc. Common Stock,$25.41,0.29,1.154%,5037208294.00,United States,2025,296153,Industrials,Industrial Machinery/Components
ALHC,Alignment Healthcare Inc. Common Stock,$17.93,-0.32,-1.753%,3706737446.00,United States,2021,3870117,Health Care,Medical Specialities
ALIS,Calisa Acquisition Corp Ordinary shares,$10.075,0.0196,0.195%,0.00,United States,2025,2569,,
ALIT,Alight Inc. Class A Common Stock,$0.9354,0.0651,7.48%,502536149.00,United States,2021,26011536,Real Estate,Real Estate
ALK,Alaska Air Group Inc. Common Stock,$40.84,0.25,0.616%,4627586853.00,United States,,2202186,Consumer Discretionary,Air Freight/Delivery Services
ALKS,Alkermes plc Ordinary Shares,$34.99,-0.41,-1.158%,5831986487.00,Ireland,1991,2145601,Health Care,Biotechnology: Pharmaceutical Preparations
ALKT,Alkami Technology Inc. Common Stock,$17.97,0.54,3.098%,1923134557.00,United States,2021,1503927,Technology,Computer Software: Prepackaged Software
ALL,Allstate Corporation (The) Common Stock,$213.15,-0.52,-0.243%,54869271230.00,United States,,1482561,Finance,Property-Casualty Insurers
ALL^B,Allstate Corporation (The) 5.100% Fixed-to-Floating Rate Subordinated Debentures due 2053,$25.94,0.09,0.348%,,United States,,13534,,
ALL^H,Allstate Corporation (The) Depositary Shares each representing a 1/1000th interest in a share of Fixed Rate Noncumulative Perpetual Preferred Stock Series H,$20.85,0.08,0.385%,,United States,,63699,,
ALL^I,Allstate Corporation (The) Depositary Shares each representing a 1/1000th interest in a share of Fixed Rate Noncumulative Perpetual Preferred Stock Series I,$19.20,-0.01,-0.052%,,United States,,15884,,
ALL^J,Allstate Corporation (The) Depositary Shares each representing a 1/1000th interest in a share of Fixed Rate Noncumulative Perpetual Preferred Stock Series J,$26.15,0.02,0.077%,,United States,,34247,,
ALLE,Allegion plc Ordinary Shares,$134.37,-2.44,-1.783%,11547201643.00,United States,2013,996111,Consumer Discretionary,Diversified Commercial Services
ALLO,Allogene Therapeutics Inc. Common Stock,$2.28,0.01,0.441%,786637422.00,United States,2018,4474661,Health Care,Biotechnology: Biological Products (No Diagnostic Substances)
ALLR,Allarity Therapeutics Inc. Common Stock,$1.55,0.05,3.333%,23964122.00,United States,,351359,Health Care,Biotechnology: Pharmaceutical Preparations
ALLT,Allot Ltd. Ordinary Shares,$7.81,0.16,2.092%,382089403.00,Israel,2006,304467,Telecommunications,Computer Communications Equipment
ALLY,Ally Financial Inc. Common Stock,$44.24,0.45,1.028%,13560580263.00,United States,2014,4656825,Finance,Major Banks
ALM,Almonty Industries Inc. Common Shares,$19.68,-0.14,-0.706%,5548544386.00,Canada,,4937704,Basic Materials,Other Metals and Minerals
ALMR,Alamar Biosciences Inc. Common Stock,$23.96,0.30,1.268%,1588477294.00,United States,2026,304584,Industrials,Biotechnology: Laboratory Analytical Instruments
ALMS,Alumis Inc. Common Stock,$23.66,-0.10,-0.421%,3009536219.00,United States,2024,977350,Health Care,Biotechnology: Pharmaceutical Preparations
ALMU,Aeluma Inc. Common Stock,$24.41,0.44,1.836%,439451985.00,United States,,1219535,Technology,Semiconductors
ALNT,Allient Inc. Common Stock,$66.69,0.89,1.353%,1133497385.00,United States,,305762,Industrials,Electrical Products
ALNY,Alnylam Pharmaceuticals Inc. Common Stock,$295.05,-0.86,-0.291%,39392884664.00,United States,2004,926759,Health Care,Biotechnology: Pharmaceutical Preparations
ALOT,AstroNova Inc. Common Stock,$14.52,0.25,1.752%,111700037.00,United States,1983,46795,Technology,Computer peripheral equipment
ALOV,Aldabra 4 Liquidity Opportunity Vehicle Inc. Class A Ordinary Shares,$9.881,0.00,0.00%,0.00,United States,2026,25,,
ALOVU,Aldabra 4 Liquidity Opportunity Vehicle Inc. Units,$10.00,0.00,0.00%,0.00,United States,2026,4,Finance,Blank Checks
ALOVW,Aldabra 4 Liquidity Opportunity Vehicle Inc. Warrants,$0.40,-0.0099,-2.415%,0.00,United States,2026,51006,,
ALOY,REalloys Inc. Common Stock,$9.89,0.34,3.56%,564995930.00,United States,,1247213,Technology,EDP Services
ALP,Alpha Compute Corp Common Stock,$0.2397,-0.0203,-7.808%,5617271.00,Canada,,40670711,Energy,Oil & Gas Production
ALPS,ALPS Group Inc Ordinary Share,$0.8211,-0.0129,-1.547%,136631308.00,Malaysia,,30186,,
ALRM,Alarm.com Holdings Inc. Common Stock,$47.60,0.60,1.277%,2351396446.00,United States,2015,572456,Technology,Computer Software: Prepackaged Software
ALRS,Alerus Financial Corporation Common Stock,$26.86,-0.05,-0.186%,674955432.00,United States,2019,240564,Finance,Major Banks
ALSN,Allison Transmission Holdings Inc. Common Stock,$124.18,1.16,0.943%,10323011251.00,United States,2012,795314,Consumer Discretionary,Auto Parts:O.E.M.
ALT,Altimmune Inc. Common Stock,$3.09,0.05,1.645%,600076016.00,United States,,2856010,Health Care,Biotechnology: Pharmaceutical Preparations
ALTG,Alta Equipment Group Inc. Class A Common Stock,$7.24,-0.95,-11.60%,235545110.00,United States,2019,1181954,Industrials,Industrial Machinery/Components
ALTG^A,Alta Equipment Group Inc. Depositary Shares (each representing 1/1000th in a share of 10% Series A Cumulative Perpetual Preferred Stock),$25.22,0.02,0.079%,,United States,,5537,,
ALTI,AlTi Global Inc. Class A Common Stock,$3.87,0.05,1.309%,586761041.00,United States,2021,104586,Finance,Investment Managers
ALTO,Alto Ingredients Inc. Common Stock,$4.46,-0.08,-1.762%,345608375.00,United States,,2535009,Industrials,Major Chemicals
ALV,Autoliv Inc. Common Stock,$121.62,0.61,0.504%,9104879168.00,Sweden,,448051,Consumer Discretionary,Auto Parts:O.E.M.
ALVO,Alvotech Ordinary Shares,$3.26,0.06,1.875%,1017277432.00,Luxembourg,,469299,Health Care,Biotechnology: Biological Products (No Diagnostic Substances)
ALVOW,Alvotech Warrant,$0.20,-0.0057,-2.771%,62409658.00,Luxembourg,,962,Health Care,Biotechnology: Biological Products (No Diagnostic Substances)
ALX,Alexander's Inc. Common Stock,$246.00,1.25,0.511%,1256393340.00,United States,,34269,Real Estate,Real Estate Investment Trusts
ALXO,ALX Oncology Holdings Inc. Common Stock,$2.08,0.21,11.23%,279884627.00,United States,2020,998747,Health Care,Biotechnology: Pharmaceutical Preparations
ALZN,Alzamend Neuro Inc. Common Stock,$1.07,0.01,0.943%,4071073.00,United States,2021,44108,Health Care,Biotechnology: Pharmaceutical Preparations
AM,Antero Midstream Corporation Common Stock,$20.92,-0.32,-1.507%,9936581600.00,United States,2017,2348928,Utilities,Natural Gas Distribution
AMAL,Amalgamated Financial Corp. Common Stock (DE),$42.07,0.15,0.358%,1256519288.00,United States,2018,133310,Finance,Major Banks
AMAT,Applied Materials Inc. Common Stock,$435.44,24.80,6.039%,345569480486.00,United States,1972,8159774,Technology,Semiconductors
AMBA,Ambarella Inc. Ordinary Shares,$76.30,2.03,2.733%,3341091468.00,United States,2012,1057597,Technology,Semiconductors
AMBO,Ambow Education Holding Ltd. American Depository Shares (each representing twenty (20) Class A Ordinary Shares),$2.23,0.12,5.687%,6378518.00,China,,13093,Real Estate,Other Consumer Services
AMBP,Ardagh Metal Packaging S.A. Ordinary Shares,$4.00,0.04,1.01%,2390798344.00,,,539448,Industrials,Containers/Packaging
AMBQ,Ambiq Micro Inc. Common Stock,$44.18,6.18,16.263%,943901901.00,United States,2025,937392,Technology,Semiconductors
AMBR,Amber International Holding Limited American Depositary Shares,$2.13,-0.07,-3.182%,199544630.00,Hong Kong,2017,8634,Finance,Finance: Consumer Services
AMC,AMC Entertainment Holdings Inc. Class A Common Stock,$1.50,-0.02,-1.316%,918104138.00,United States,2013,18502985,Consumer Discretionary,Movies/Entertainment
AMCI,AMC Robotics Corporation Common Stock,$5.98,0.41,7.361%,135120271.00,United States,2023,32448,Consumer Discretionary,Home Furnishings
AMCR,Amcor plc Ordinary Shares,$39.93,0.01,0.025%,18449484402.00,United Kingdom,2019,3837871,Consumer Discretionary,Miscellaneous manufacturing industries
AMCX,AMC Global Media Inc. Class A Common Stock,$8.80,0.24,2.804%,386563866.00,United States,,618950,Telecommunications,Cable & Other Pay Television Services
AMD,Advanced Micro Devices Inc. Common Stock,$455.19,46.73,11.441%,742233104866.00,United States,,57714319,Technology,Semiconductors
AME,AMETEK Inc.,$232.40,-2.33,-0.993%,53266777665.00,United States,,1267638,Industrials,Industrial Machinery/Components
AMG,Affiliated Managers Group Inc. Common Stock,$302.80,5.04,1.693%,8040583297.00,United States,,339951,Finance,Investment Managers
AMGN,Amgen Inc. Common Stock,$331.70,2.61,0.793%,179021234486.00,United States,1983,2443209,Health Care,Biotechnology: Biological Products (No Diagnostic Substances)
AMH,American Homes 4 Rent Common Shares of Beneficial Interest,$32.03,-0.39,-1.203%,11652379026.00,United States,2013,3416953,Real Estate,Real Estate Investment Trusts
AMH^G,American Homes 4 Rent Series G cumulative redeemable perpetual preferred shares of beneficial interest,$23.115,-0.015,-0.065%,,United States,,948,,
AMH^H,American Homes 4 Rent Series H cumulative redeemable perpetual Preferred Shares of Beneficial Interest,$23.87,-0.11,-0.459%,,United States,,3809,,
AMIX,Autonomix Medical Inc. Common Stock,$0.35,-0.0324,-8.473%,3993270.00,United States,2024,127216,Health Care,Medical/Dental Instruments
AMKR,Amkor Technology Inc. Common Stock,$76.61,4.34,6.005%,18989513604.00,United States,1998,5313940,Technology,Semiconductors
AMLX,Amylyx Pharmaceuticals Inc. Common Stock,$14.73,-0.47,-3.092%,1636294674.00,United States,2022,1892490,Health Care,Biotechnology: Pharmaceutical Preparations
AMN,AMN Healthcare Services Inc,$28.97,6.52,29.042%,1119871389.00,United States,,3819460,Consumer Discretionary,Professional Services
AMOD,Alpha Modus Holdings Inc. Class A Common Stock,$0.2316,0.0016,0.696%,11787353.00,United States,,640305,Miscellaneous,Multi-Sector Companies
AMODW,Alpha Modus Holdings Inc. Warrant,$0.0304,0.0036,13.433%,1547217.00,United States,,248,Miscellaneous,Multi-Sector Companies
AMP,Ameriprise Financial Inc. Common Stock,$465.56,6.72,1.465%,42221482300.00,United States,,604150,Finance,Investment Managers
AMPG,Amplitech Group Inc. Common Stock,$2.20,0.06,2.804%,55728858.00,United States,,637351,Telecommunications,Telecommunications Equipment
AMPGR,Amplitech Group Inc. Series A Right,$0.0308,-0.0057,-15.616%,780204.00,United States,,1540,Telecommunications,Telecommunications Equipment
AMPGZ,Amplitech Group Inc. Series B Right,$0.08,0.005,6.667%,2026504.00,United States,,1657,Telecommunications,Telecommunications Equipment
AMPH,Amphastar Pharmaceuticals Inc. Common Stock,$19.00,-5.03,-20.932%,846164506.00,United States,2014,1983883,Health Care,Biotechnology: Pharmaceutical Preparations
AMPL,Amplitude Inc. Class A Common Stock,$6.39,0.48,8.122%,847183644.00,United States,,4386382,Technology,Computer Software: Prepackaged Software
AMPX,Amprius Technologies Inc. Common Stock,$16.70,0.59,3.662%,2351477919.00,United States,2022,12474477,Miscellaneous,Industrial Machinery/Components
AMPY,Amplify Energy Corp. Common Stock,$5.29,-0.15,-2.757%,218410542.00,United States,2016,722067,Energy,Oil & Gas Production
AMR,Alpha Metallurgical Resources Inc. Common Stock,$184.11,-9.32,-4.818%,2352715730.00,United States,2018,350341,Energy,Coal Mining
AMRC,Ameresco Inc. Class A Common Stock,$29.96,0.27,0.909%,1586424453.00,United States,2010,406216,Consumer Discretionary,Engineering & Construction
AMRN,Amarin Corporation plc,$15.05,0.21,1.415%,315585090.00,Ireland,,43174,Health Care,Biotechnology: Pharmaceutical Preparations
AMRX,Amneal Pharmaceuticals Inc. Class A Common Stock,$13.20,-0.52,-3.79%,4210787011.00,United States,,1519893,Health Care,Biotechnology: Pharmaceutical Preparations
AMRZ,Amrize Ltd Ordinary Shares,$52.89,-0.58,-1.085%,29271976900.00,Switzerland,2025,2544080,Industrials,Building Materials
AMS,American Shared Hospital Services Common Stock,$2.03,0.02,0.995%,13402060.00,United States,1988,339774,Health Care,Medical Specialities
AMSC,American Superconductor Corporation Common Stock,$55.19,1.97,3.702%,2627722009.00,United States,1991,858948,Consumer Discretionary,Metal Fabrications
AMSF,AMERISAFE Inc. Common Stock,$30.36,0.06,0.198%,567846488.00,United States,2005,127665,Finance,Property-Casualty Insurers
AMST,Amesite Inc. Common Stock,$0.88,-0.0301,-3.307%,4023987.00,United States,2020,94012,Technology,Computer Software: Prepackaged Software
AMT,American Tower Corporation (REIT) Common Stock,$176.53,-3.24,-1.802%,82244103471.00,United States,,3510234,Real Estate,Real Estate Investment Trusts
AMTB,Amerant Bancorp Inc. Class A Common Stock,$23.43,0.05,0.214%,922083878.00,United States,,163592,Finance,Major Banks
AMTD,AMTD IDEA Group American Depositary Shares each representing six (6) Class A Ordinary Shares,$1.06,0.01,0.952%,101447887.00,,,12797,Finance,Finance: Consumer Services
AMTM,Amentum Holdings Inc. Common Stock,$24.53,-0.03,-0.122%,5983729867.00,United States,2024,2028755,Real Estate,Real Estate
AMTX,Aemetis Inc. (DE) Common Stock,$2.59,-0.53,-16.987%,176497073.00,United States,,2561102,Industrials,Major Chemicals
AMWD,American Woodmark Corporation Common Stock,$38.58,-0.95,-2.403%,562094975.00,United States,1986,403358,Basic Materials,Forest Products
AMWL,American Well Corporation Class A Common Stock,$7.97,0.22,2.839%,133166610.00,United States,2020,119603,Real Estate,Real Estate
AMX,America Movil S.A.B. de C.V. American Depositary Shares (each representing the right to receive twenty (20) Series B Shares,$27.21,0.46,1.72%,81895297500.00,Mexico,2023,981691,Telecommunications,Telecommunications Equipment
AMZE,Amaze Holdings Inc. Common Stock,$0.13,0.0024,1.881%,5850962.00,,2021,91013831,Consumer Staples,Beverages (Production/Distribution)
AMZN,Amazon.com Inc. Common Stock,$272.68,1.51,0.557%,2933248601008.00,United States,1997,34662466,Consumer Discretionary,Catalog/Specialty Distribution
AN,AutoNation Inc. Common Stock,$205.97,0.68,0.331%,6892064125.00,United States,,212036,Consumer Discretionary,Retail-Auto Dealers and Gas Stations
ANAB,AnaptysBio Inc. Common Stock,$69.33,2.37,3.539%,1993116519.00,United States,2017,490551,Health Care,Biotechnology: Pharmaceutical Preparations
ANDE,Andersons Inc. (The) Common Stock,$71.45,0.64,0.904%,2433162301.00,United States,,374739,Industrials,Farming/Seeds/Milling
ANDG,Andersen Group Inc. Class A Common Stock,$36.51,0.53,1.473%,4106854513.00,,2025,161088,Real Estate,Real Estate
ANET,Arista Networks Inc. Common Stock,$141.77,0.02,0.014%,178517151610.00,United States,,20326525,Telecommunications,Computer Communications Equipment
ANF,Abercrombie & Fitch Company Common Stock,$77.99,-0.52,-0.662%,3489157565.00,United States,,793638,Consumer Discretionary,Clothing/Shoe/Accessory Stores
ANG^D,American National Group Inc. Depositary Shares each representing a 1/1000th interest in a share of 7.375% Fixed-Rate Non-Cumulative Preferred Stock Series D,$24.90,0.10,0.403%,,United States,,7207,,
ANGH,Anghami Inc. Ordinary Shares,$3.52,-0.13,-3.562%,31908124.00,United Arab Emirates,,26635,Consumer Discretionary,Telecommunications Equipment
ANGHW,Anghami Inc. Warrants,$0.0117,0.0009,8.333%,106058.00,United Arab Emirates,,413,Consumer Discretionary,Telecommunications Equipment
ANGI,Angi Inc. Class A Common Stock,$5.83,0.59,11.26%,236248781.00,United States,,3489897,Consumer Discretionary,Advertising
ANGO,AngioDynamics Inc. Common Stock,$11.20,-0.07,-0.621%,462771848.00,United States,2004,291114,Health Care,Medical/Dental Instruments
ANGX,Angel Studios Inc. Class A Common Stock,$3.35,0.36,12.04%,624481419.00,United States,2025,2110561,Consumer Discretionary,Movies/Entertainment
ANIK,Anika Therapeutics Inc. Common Stock,$14.77,-0.37,-2.444%,196524066.00,United States,,110684,Health Care,Medical/Dental Instruments
ANIP,ANI Pharmaceuticals Inc.,$81.86,-2.05,-2.443%,1838425632.00,United States,,1307745,Health Care,Biotechnology: Pharmaceutical Preparations
ANIX,Anixa Biosciences Inc. Common Stock,$3.00,0.04,1.351%,100583574.00,United States,,77122,Health Care,Biotechnology: Pharmaceutical Preparations
ANL,Adlai Nortye Ltd. American Depositary Shares,$13.28,-0.42,-3.066%,967573855.00,Cayman Islands,2023,227069,Health Care,Biotechnology: Pharmaceutical Preparations
ANNA,AleAnna Inc. Class A Common Stock,$3.22,0.08,2.548%,215528768.00,United States,,755095,Energy,Oil & Gas Production
ANNAW,AleAnna Inc. Warrant,$0.33,0.01,3.125%,22088352.00,United States,,16303,Energy,Oil & Gas Production
ANNX,Annexon Inc. Common Stock,$5.69,0.17,3.08%,924666412.00,United States,2020,2011672,Health Care,Biotechnology: Pharmaceutical Preparations
ANPA,Rich Sparkle Holdings Limited Ordinary Shares,$7.18,1.46,25.524%,108430601.00,Hong Kong,2025,514946,Consumer Discretionary,Other Consumer Services
ANRO,Alto Neuroscience Inc. Common Stock,$24.26,0.19,0.789%,850379254.00,United States,2024,171195,Health Care,Biotechnology: Pharmaceutical Preparations
ANSC,Agriculture & Natural Solutions Acquisition Corporation Class A Ordinary Shares,$11.34,-0.01,-0.088%,0.00,United States,2024,634,,
ANSCU,Agriculture & Natural Solutions Acquisition Corporation Unit,$11.11,0.00,0.00%,0.00,United States,2023,1,,
ANSCW,Agriculture & Natural Solutions Acquisition Corporation Warrant,$0.1901,0.0001,0.053%,0.00,United States,2024,55077,,
ANTA,Antalpha Platform Holding Company Class A Ordinary Shares,$7.9301,-1.8099,-18.582%,190263051.00,Singapore,2025,6549,Finance,Investment Bankers/Brokers/Service
ANTX,AN2 Therapeutics Inc. Common Stock,$4.46,-0.14,-3.043%,160540131.00,United States,2022,241858,Health Care,Biotechnology: Pharmaceutical Preparations
ANVS,Annovis Bio Inc. Common Stock,$2.28,0.02,0.885%,78994859.00,United States,2020,739403,Health Care,Biotechnology: Pharmaceutical Preparations
ANY,Sphere 3D Corp. Common Shares,$1.82,-0.16,-8.081%,6856097.00,Canada,,149751,Finance,Finance: Consumer Services
AOD,abrdn Total Dynamic Dividend Fund Common Shares of Beneficial Interest,$10.52,0.15,1.446%,0.00,United States,2007,329109,Finance,Investment Managers
AOMD,Angel Oak Mortgage REIT Inc. 9.750% Senior Notes due 2030,$25.58,-0.03,-0.117%,0.00,United States,2025,847,Finance,Real Estate
AOMN,Angel Oak Mortgage REIT Inc. 9.500% Senior Notes due 2029,$25.04,0.07,0.28%,0.00,United States,2024,9519,Finance,Real Estate
AOMR,Angel Oak Mortgage REIT Inc. Common Stock,$8.82,0.00,0.00%,219747187.00,United States,2021,72428,Finance,Real Estate
AON,Aon plc Class A Ordinary Shares (Ireland),$312.79,-0.80,-0.255%,66804733878.00,United States,,1179162,Finance,Specialty Insurers
AORT,Artivion Inc. Common Stock,$25.41,-10.01,-28.261%,1232283182.00,United States,,5135887,Health Care,Medical/Dental Instruments
AOS,A.O. Smith Corporation Common Stock,$58.60,-1.63,-2.706%,8076757366.00,United States,,1859562,Consumer Discretionary,Consumer Electronics/Appliances
AOSL,Alpha and Omega Semiconductor Limited Common Shares,$37.90,0.46,1.229%,1134331006.00,Bermuda,2010,1090614,Technology,Semiconductors
AOUT,American Outdoor Brands Inc. Common Stock ,$9.37,-0.235,-2.447%,118022271.00,United States,,27765,Consumer Discretionary,Recreational Games/Products/Toys
AP,Ampco-Pittsburgh Corporation Common Stock,$12.20,0.71,6.179%,247981946.00,United States,,199478,Industrials,Fluid Controls
APA,APA Corporation Common Stock,$35.56,-0.68,-1.876%,12566918722.00,United States,,9081480,Energy,Oil & Gas Production
APAC,StoneBridge Acquisition II Corporation Class A Ordinary Shares,$10.10,0.01,0.099%,0.00,United States,2025,496,,
APACR,StoneBridge Acquisition II Corporation Rights,$0.15,0.02,15.385%,0.00,United States,2025,300,,
APAM,Artisan Partners Asset Management Inc. Class A Common Stock,$38.02,0.41,1.09%,3081816111.00,United States,2013,480409,Finance,Investment Managers
APC,ARKO Petroleum Corp. Class A Common Stock,$19.34,0.29,1.522%,920008113.00,United States,2026,274627,Energy,Oil Refining/Marketing
APD,Air Products and Chemicals Inc. Common Stock,$295.41,0.42,0.142%,65782101451.00,United States,,607203,Basic Materials,Major Chemicals
APEI,American Public Education Inc. Common Stock,$56.30,1.59,2.906%,1036547970.00,United States,2007,209088,Real Estate,Other Consumer Services
APG,APi Group Corporation Common Stock,$44.04,-0.59,-1.322%,19079360636.00,United States,2020,2361710,Consumer Discretionary,Engineering & Construction
APGE,Apogee Therapeutics Inc. Common Stock,$83.03,1.22,1.491%,6254472880.00,United States,2023,768748,Health Care,Biotechnology: Biological Products (No Diagnostic Substances)
APH,Amphenol Corporation Common Stock,$128.03,-8.59,-6.288%,157506915993.00,United States,,18175543,Technology,Electrical Products
API,Agora Inc. American Depositary Shares,$4.28,0.30,7.538%,361873080.00,China,2020,425196,Technology,Computer Software: Prepackaged Software
APLD,Applied Digital Corporation Common Stock,$41.25,-0.28,-0.674%,11787993484.00,United States,2022,19646091,Finance,Finance: Consumer Services
APLE,Apple Hospitality REIT Inc. Common Shares,$14.13,0.24,1.728%,3335634538.00,United States,2015,3388721,Real Estate,Real Estate Investment Trusts
APLM,Apollomics Inc. Class A Ordinary Shares,$15.45,-0.45,-2.83%,33929003.00,United States,,1115,Health Care,Biotechnology: Pharmaceutical Preparations
APLMW,Apollomics Inc. Warrant,$0.0165,-0.001,-5.714%,36235.00,United States,,58892,Health Care,Biotechnology: Pharmaceutical Preparations
APLS,Apellis Pharmaceuticals Inc. Common Stock,$41.03,0.02,0.049%,5244861166.00,United States,2017,7067531,Health Care,Biotechnology: Pharmaceutical Preparations
APM,Aptorum Group Limited Class A Ordinary Shares,$0.84,0.00,0.00%,6840756.00,Hong Kong,2018,10711,Health Care,Biotechnology: Pharmaceutical Preparations
APO,Apollo Global Management Inc. (New) Common Stock,$133.20,5.41,4.234%,76792356774.00,United States,,4768747,Finance,Investment Managers
APO^A,Apollo Global Management Inc. 6.75% Series A Mandatory Convertible Preferred Stock,$68.40,3.40,5.231%,,United States,,334408,,
APOG,Apogee Enterprises Inc. Common Stock,$36.65,0.07,0.191%,777740011.00,United States,,129296,Consumer Discretionary,Auto Parts:O.E.M.
APOS,Apollo Global Management Inc. 7.625% Fixed-Rate Resettable Junior Subordinated Notes due 2053,$26.05,0.05,0.192%,14836367760.00,United States,1987,30071,Finance,Investment Managers
APP,Applovin Corporation Class A Common Stock,$468.55,-30.32,-6.078%,157404687000.00,United States,2021,7757955,Technology,Computer Software: Programming Data Processing
APPF,AppFolio Inc. Class A Common Stock,$166.59,-3.62,-2.127%,5890378012.00,United States,2015,362861,Technology,Computer Software: Prepackaged Software
APPN,Appian Corporation Class A Common Stock,$21.92,-1.84,-7.744%,1630038604.00,United States,2017,1113185,Technology,Computer Software: Prepackaged Software
APPS,Digital Turbine Inc. Common Stock,$4.04,0.05,1.253%,484395729.00,United States,,1496130,Miscellaneous,Multi-Sector Companies
APRE,Aprea Therapeutics Inc. Common stock,$0.9799,0.0992,11.264%,12133882.00,United States,2019,974537,Health Care,Biotechnology: Pharmaceutical Preparations
APT,Alpha Pro Tech Ltd. Common Stock,$6.44,-0.04,-0.617%,65797042.00,Canada,2000,632608,Health Care,Industrial Specialties
APTV,Aptiv PLC Ordinary Shares,$57.94,0.83,1.453%,12261293334.00,United Kingdom,,5007525,Consumer Discretionary,Auto Parts:O.E.M.
APUS,Apimeds Pharmaceuticals US Inc. Common Stock,$1.5135,0.0635,4.379%,19033750.00,,2025,170609,Health Care,Biotechnology: Pharmaceutical Preparations
APVO,Aptevo Therapeutics Inc. Common Stock,$4.97,0.11,2.263%,5873173.00,United States,,32588,Health Care,Biotechnology: Pharmaceutical Preparations
APWC,Asia Pacific Wire & Cable Corporation Ltd. Ordinary Shares (Bermuda),$1.46,-0.0401,-2.673%,60199383.00,Taiwan,,4082,Industrials,Telecommunications Equipment
APXT,Apex Treasury Corporation Class A Ordinary Share,$10.00,0.00,0.00%,0.00,United States,2025,201340,Technology,Computer Software: Prepackaged Software
APXTU,Apex Treasury Corporation Units,$10.14,0.00,0.00%,0.00,United States,2025,100,Finance,Blank Checks
APXTW,Apex Treasury Corporation Warrants,$0.23,0.0098,4.45%,0.00,United States,2025,110,Finance,Blank Checks
APYX,Apyx Medical Corporation Common Stock,$3.67,0.11,3.09%,153513259.00,United States,,256808,Health Care,Medical/Dental Instruments
AQB,AquaBounty Technologies Inc. Common Stock,$0.94,-0.01,-1.053%,4838372.00,United States,,27724,Consumer Staples,Meat/Poultry/Fish
AQMS,Aqua Metals Inc. Common Stock,$4.83,-0.31,-6.031%,16183417.00,United States,2015,85816,Industrials,Metal Fabrications
AQN,Algonquin Power & Utilities Corp. Common Shares,$6.07,-0.21,-3.344%,4665959360.00,United States,2016,7607714,Utilities,Electric Utilities: Central
AQNB,Algonquin Power & Utilities Corp. 6.20% Fixed-to-Floating Subordinated Notes Series 2019-A due July 1 2079,$26.32,0.21,0.804%,20214418026.00,United States,2019,10876,Utilities,Electric Utilities: Central
AQST,Aquestive Therapeutics Inc. Common Stock,$4.32,0.09,2.128%,536909221.00,United States,2018,1892537,Health Care,Biotechnology: Pharmaceutical Preparations
AR,Antero Resources Corporation Common Stock,$35.94,-0.43,-1.182%,11135505840.00,United States,2013,3014765,Energy,Oil & Gas Production
ARAI,Arrive AI Inc. Common Stock,$0.676,-0.012,-1.744%,32266420.00,United States,,1242882,Consumer Discretionary,Diversified Commercial Services
ARAY,Accuray Incorporated Common Stock,$0.38,0.0869,29.649%,45206204.00,United States,2007,4089626,Health Care,Medical/Dental Instruments
ARBB,ARB IOT Group Limited Ordinary Shares,$4.52,-0.10,-2.165%,7978957.00,Malaysia,2023,15710,Technology,EDP Services
ARBE,Arbe Robotics Ltd. Ordinary Shares,$0.801,0.001,0.125%,87459678.00,Israel,,550892,Technology,EDP Services
ARBEW,Arbe Robotics Ltd. Warrant,$0.0409,-0.0091,-18.20%,4465794.00,Israel,,19726,Technology,EDP Services
ARBK,Argo Blockchain plc American Depositary Shares,$3.63,0.09,2.542%,48495609.00,United Kingdom,2021,18952,Finance,Finance: Consumer Services
ARCB,ArcBest Corporation Common Stock,$120.97,-0.69,-0.567%,2693249467.00,United States,,266035,Industrials,Trucking Freight/Courier Services
ARCC,Ares Capital Corporation Common Stock,$19.01,0.05,0.264%,13649614283.00,United States,2004,4775875,Finance,Finance: Consumer Services
ARCI,Archimedes Tech SPAC Partners III Co. Ordinary Share,$9.92,-0.03,-0.302%,0.00,United States,2026,20852,,
ARCIU,Archimedes Tech SPAC Partners III Co. Units,$10.01,0.00,0.00%,0.00,United States,2026,13,Finance,Blank Checks
ARCIW,Archimedes Tech SPAC Partners III Co. Warrant,$0.49,0.00,0.00%,0.00,United States,2026,1000,,
ARCLU,ARC Group Acquisition I Corp Unit,$10.02,0.00,0.00%,0.00,United States,2026,310122,Finance,Blank Checks
ARCO,Arcos Dorados Holdings Inc. Class A Shares,$9.02,0.07,0.782%,1900180774.00,Argentina,2011,1247772,Consumer Discretionary,Restaurants
ARCT,Arcturus Therapeutics Holdings Inc. Common Stock,$9.22,0.32,3.596%,262060696.00,Israel,2013,933214,Health Care,Biotechnology: Pharmaceutical Preparations
ARDC,Ares Dynamic Credit Allocation Fund Inc. Common Shares,$12.88,0.02,0.156%,295144414.00,United States,2012,107823,Finance,Investment Managers
ARDT,Ardent Health Inc. Common Stock,$10.11,0.21,2.121%,1449268813.00,United States,2024,385502,Health Care,Hospital/Nursing Management
ARDX,Ardelyx Inc. Common Stock,$6.78,-0.20,-2.865%,1674859244.00,United States,2014,5860963,Health Care,Biotechnology: Pharmaceutical Preparations
ARE,Alexandria Real Estate Equities Inc. Common Stock,$46.26,0.68,1.492%,8061706145.00,United States,,2225358,Real Estate,Real Estate Investment Trusts
AREB,American Rebel Holdings Inc. Common Stock,$0.1716,-0.0544,-24.071%,1402268.00,United States,,7303548,Industrials,Plastic Products
AREBW,American Rebel Holdings Inc. Warrants,$0.0104,0.0001,0.971%,84986.00,United States,,1102,Industrials,Plastic Products
AREC,American Resources Corporation Class A Common Stock,$2.24,-0.03,-1.322%,239513835.00,United States,,1485762,Energy,Coal Mining
AREN,The Arena Group Holdings Inc. Common Stock,$2.66,-0.12,-4.317%,126623421.00,United States,2022,59826,Technology,EDP Services
ARES,Ares Management Corporation Class A Common Stock,$126.25,3.10,2.517%,41202057791.00,United States,2014,4014187,Finance,Investment Managers
ARES^B,Ares Management Corporation 6.75% Series B Mandatory Convertible Preferred Stock,$41.80,0.80,1.951%,,United States,,22992,,
ARGX,argenx SE American Depositary Shares,$782.17,-5.14,-0.653%,48543729107.00,Netherlands,2017,354312,Health Care,Biotechnology: Biological Products (No Diagnostic Substances)
ARHS,Arhaus Inc. Class A Common Stock,$6.505,-0.57,-8.057%,919019856.00,United States,2021,1953940,Consumer Discretionary,Other Specialty Stores
ARI,Apollo Commercial Real Estate Finance Inc,$11.00,0.09,0.825%,1461346722.00,United States,2009,760142,Real Estate,Real Estate Investment Trusts
ARIS,Aris Mining Corporation Common Shares,$19.70,0.69,3.63%,4064391592.00,,2023,1075970,,
ARKO,ARKO Corp. Common Stock,$6.87,0.16,2.385%,770702033.00,United States,,1538315,Consumer Staples,Food Chains
ARKR,Ark Restaurants Corp. Common Stock,$7.40,0.00,0.00%,26685562.00,United States,,251,Consumer Discretionary,Restaurants
ARL,American Realty Investors Inc. Common Stock,$13.81,0.30,2.221%,223059714.00,United States,,852,Real Estate,Other Consumer Services
ARLO,Arlo Technologies Inc. Common Stock,$15.25,0.35,2.349%,1650586358.00,United States,2018,4022476,Consumer Staples,Consumer Electronics/Appliances
ARLP,Alliance Resource Partners L.P. Common Units representing Limited Partners Interests,$24.85,-0.10,-0.401%,3197171205.00,United States,1999,347568,Energy,Coal Mining
ARM,Arm Holdings plc American Depositary Shares,$213.27,-0.04,-0.019%,225909233067.00,United Kingdom,2023,11504666,Technology,Semiconductors
ARMK,Aramark Common Stock,$45.08,0.02,0.044%,11848646835.00,United States,2013,1976173,Consumer Discretionary,Restaurants
ARMP,Armata Pharmaceuticals Inc. Common Stock,$8.30,-0.85,-9.29%,304569787.00,United States,,50814,Health Care,Biotechnology: Biological Products (No Diagnostic Substances)
AROC,Archrock Inc. Common Stock,$36.96,-1.14,-2.992%,6477668588.00,United States,,2005816,Utilities,Natural Gas Distribution
AROW,Arrow Financial Corporation Common Stock,$37.15,0.08,0.216%,613964230.00,United States,,61958,Finance,Major Banks
ARQ,Arq Inc. Common Stock,$2.64,0.05,1.931%,113325321.00,United States,,384429,Industrials,Major Chemicals
ARQQ,Arqit Quantum Inc. Ordinary Shares,$14.96,-0.47,-3.046%,234151811.00,United Kingdom,,624150,Technology,Computer Software: Prepackaged Software
ARQQW,Arqit Quantum Inc. Warrants,$0.088,0.008,10.00%,1377364.00,United Kingdom,,42476,Technology,Computer Software: Prepackaged Software
ARQT,Arcutis Biotherapeutics Inc. Common Stock,$21.17,0.51,2.469%,2648015028.00,United States,2020,2714980,Health Care,Biotechnology: Pharmaceutical Preparations
ARR,ARMOUR Residential REIT Inc.,$17.63,0.08,0.456%,2186933025.00,United States,,4991134,Real Estate,Real Estate Investment Trusts
ARR^C,ARMOUR Residential REIT Inc. 7% Series C Cumulative Redeemable Preferred Stock (liquidation preference $25.00 per share),$21.00,0.05,0.239%,,United States,,22073,,
ARRY,Array Technologies Inc. Common Stock,$8.57,0.37,4.512%,1318292059.00,United States,2020,5110012,Consumer Discretionary,Miscellaneous manufacturing industries
ARTC,Art Technology Acquisition Corp. Class A Ordinary Shares,$9.86,0.00,0.00%,0.00,United States,2026,131829,Finance,Blank Checks
ARTCU,Art Technology Acquisition Corp. Units,$9.93,0.03,0.303%,0.00,United States,2026,1816,,
ARTCW,Art Technology Acquisition Corp. Warrants,$0.32,0.01,3.226%,0.00,United States,2026,1026,,
ARTL,Artelo Biosciences Inc. Common Stock,$2.54,-0.14,-5.224%,5543652.00,United States,,90529,Health Care,Biotechnology: Pharmaceutical Preparations
ARTNA,Artesian Resources Corporation Class A Common Stock,$32.04,0.36,1.136%,330600959.00,United States,,18066,Utilities,Water Supply
ARTV,Artiva Biotherapeutics Inc. Common Stock,$10.89,-1.63,-13.019%,269164558.00,United States,2024,5282825,Health Care,Biotechnology: Biological Products (No Diagnostic Substances)
ARTW,Art's-Way Manufacturing Co. Inc. Common Stock,$2.54,-0.01,-0.392%,13160720.00,United States,,3440,Industrials,Industrial Machinery/Components
ARVN,Arvinas Inc. Common Stock,$10.11,-0.08,-0.785%,652271642.00,United States,2018,595013,Health Care,Biotechnology: Pharmaceutical Preparations
ARW,Arrow Electronics Inc. Common Stock,$194.95,5.12,2.697%,9958839447.00,United States,,951899,Technology,Electronic Components
ARWR,Arrowhead Pharmaceuticals Inc. Common Stock,$72.69,-5.26,-6.748%,10178939891.00,United States,,2700027,Health Care,Biotechnology: Pharmaceutical Preparations
ARX,Accelerant Holdings Class A Common Shares,$13.20,-0.36,-2.655%,2932512053.00,Cayman Islands,2025,883363,Finance,Specialty Insurers
ARXS,Arxis Inc. Class A Common Stock,$35.10,0.07,0.20%,14293667419.00,United States,2026,750783,Industrials,Military/Government/Technical
AS,Amer Sports Inc. Ordinary Shares,$36.03,-0.46,-1.261%,20092755954.00,,2024,3241108,Consumer Discretionary,Apparel
ASA,ASA  Gold and Precious Metals Limited,$69.12,1.72,2.552%,1277828006.00,United States,,42375,Industrials,Precious Metals
ASAN,Asana Inc. Class A Common Stock,$6.63,-0.42,-5.957%,1598765241.00,United States,2020,7504158,Technology,Computer Software: Prepackaged Software
ASB,Associated Banc-Corp Common Stock,$28.55,0.08,0.281%,4737633508.00,United States,,1713388,Finance,Major Banks
ASB^E,Associated Banc-Corp Depositary Shares each representing a 1/40th interest in a share of 5.875% Non-Cumulative Perpetual Preferred Stock Series E,$21.23,0.18,0.855%,,United States,,1917,,
ASB^F,Associated Banc-Corp Depositary Shares each representing a 1/40th interest in a share of Associated Banc-Corp 5.625% Non-Cumulative Perpetual Preferred Stock Series F,$20.55,-0.09,-0.436%,,United States,,2641,,
ASBA,Associated Banc-Corp 6.625% Fixed-Rate Reset Subordinated Notes due 2033,$25.14,0.1074,0.429%,3793646489.00,United States,2023,9734,Finance,Major Banks
ASBP,Aspire Biopharma Holdings Inc. Common Stock,$0.185,0.03,19.355%,929466.00,United States,2022,30878585,Health Care,Biotechnology: Pharmaceutical Preparations
ASBPW,Aspire Biopharma Holdings Inc. Warrant,$0.0193,0.0041,26.974%,96966.00,United States,2022,20096,Health Care,Biotechnology: Pharmaceutical Preparations
ASC,Ardmore Shipping Corporation Common Stock,$19.53,0.66,3.498%,796875051.00,,2013,610669,Consumer Discretionary,Marine Transportation
ASG,Liberty All-Star Growth Fund Inc.,$5.26,0.00,0.00%,0.00,United States,,315200,Finance,Investment Managers
ASGI,abrdn Global Infrastructure Income Fund Common Shares of Beneficial Interest,$24.13,-0.06,-0.248%,0.00,United States,2020,138271,Finance,Investment Managers
ASH,Ashland Inc. Common Stock,$55.01,0.55,1.01%,2518785613.00,United States,,965460,Consumer Discretionary,Specialty Chemicals
ASIC,Ategrity Specialty Insurance Company Holdings Common Stock,$19.67,0.24,1.235%,945471478.00,,2025,70769,Finance,Property-Casualty Insurers
ASIX,AdvanSix Inc. Common Stock ,$20.32,-3.62,-15.121%,547807612.00,United States,2016,1238359,Industrials,Major Chemicals
ASLE,AerSale Corporation Common Stock,$6.55,-0.78,-10.641%,309506030.00,United States,2019,825204,Consumer Discretionary,Industrial Specialties
ASM,Avino Silver & Gold Mines Ltd. Common Shares (Canada),$6.90,0.04,0.583%,1172272464.00,Canada,,4197442,Basic Materials,Metal Mining
ASMB,Assembly Biosciences Inc. Common Stock,$29.74,-1.19,-3.847%,472646162.00,United States,2010,143432,Health Care,Biotechnology: Pharmaceutical Preparations
ASML,ASML Holding N.V. New York Registry Shares,$1592.02,75.42,4.973%,613592631033.00,Netherlands,1995,2286000,Technology,Industrial Machinery/Components
ASND,Ascendis Pharma A/S Ordinary Share,$238.66,-7.48,-3.039%,14791528193.00,Denmark,2015,674310,Health Care,Biotechnology: Pharmaceutical Preparations
ASO,Academy Sports and Outdoors Inc. Common Stock,$54.11,0.56,1.046%,3490535131.00,United States,2020,1036549,Consumer Discretionary,Other Specialty Stores
ASPC,A SPAC III Acquisition Corp. Class A Ordinary Shares,$11.64,0.2399,2.104%,0.00,China,2025,9345,Finance,Blank Checks
ASPCR,A SPAC III Acquisition Corp. Right,$0.1829,0.00,0.00%,0.00,China,2025,124,Finance,Blank Checks
ASPCU,A SPAC III Acquisition Corp. Unit,$11.11,0.00,0.00%,0.00,China,2024,56,Finance,Blank Checks
ASPI,ASP Isotopes Inc. Common Stock,$5.38,0.05,0.938%,677360545.00,United States,2022,2421884,Industrials,Major Chemicals
ASPN,Aspen Aerogels Inc. Common Stock,$5.04,-0.08,-1.563%,417441039.00,United States,2014,2012669,Consumer Discretionary,RETAIL: Building Materials
ASPS,Altisource Portfolio Solutions S.A. Common Stock,$6.76,-0.03,-0.442%,76245695.00,Luxembourg,,12293,Consumer Discretionary,Other Consumer Services
ASPSW,Altisource Portfolio Solutions S.A. Net Settle Stakeholder Warrants,$0.4099,0.0099,2.475%,4623241.00,Luxembourg,,56050,Consumer Discretionary,Other Consumer Services
ASPSZ,Altisource Portfolio Solutions S.A. Cash Exercise Stakeholder Warrants,$0.2163,0.0163,8.15%,2439637.00,Luxembourg,,5254,Consumer Discretionary,Other Consumer Services
ASR,Grupo Aeroportuario del Sureste S.A. de C.V. Common Stock,$308.99,-3.26,-1.044%,9269700000.00,Mexico,,54536,Consumer Discretionary,Aerospace
ASRT,Assertio Holdings Inc. Common Stock,$22.50,0.13,0.581%,145016123.00,United States,,81957,Health Care,Biotechnology: Pharmaceutical Preparations
ASRV,AmeriServ Financial Inc. Common Stock,$3.65,-0.13,-3.439%,61919575.00,United States,,20727,Finance,Major Banks
ASST,Strive Inc. Class A Common Stock,$15.92,0.46,2.975%,1101007857.00,United States,2023,2433750,Technology,Computer Software: Prepackaged Software
ASTC,Astrotech Corporation (DE) Common Stock,$2.77,0.01,0.362%,4872300.00,United States,,13369,Industrials,Biotechnology: Laboratory Analytical Instruments
ASTE,Astec Industries Inc. Common Stock,$53.34,0.34,0.642%,1226426884.00,United States,1986,312203,Industrials,Construction/Ag Equipment/Trucks
ASTH,Astrana Health Inc. Common Stock,$39.30,3.22,8.925%,2189541808.00,United States,,929999,Consumer Discretionary,Professional Services
ASTI,Ascent Solar Technologies Inc. Common Stock,$4.32,0.44,11.34%,40875352.00,United States,,983573,Technology,Semiconductors
ASTL,Algoma Steel Group Inc. Common Shares,$5.14,-0.07,-1.344%,539359742.00,Canada,,781718,Industrials,Steel/Iron Ore
ASTLW,Algoma Steel Group Inc. Warrant,$0.0362,-0.0014,-3.723%,3798604.00,Canada,,425,Industrials,Steel/Iron Ore
ASTS,AST SpaceMobile Inc. Class A Common Stock,$75.05,9.70,14.843%,29123672146.00,United States,2019,22539953,Consumer Discretionary,Telecommunications Equipment
ASUR,Asure Software Inc Common Stock,$9.20,0.02,0.218%,263871024.00,United States,,42605,Technology,EDP Services
ASX,ASE Technology Holding Co. Ltd. American Depositary Shares (each representing Two Common Shares) ,$34.23,0.89,2.669%,76226745616.00,Taiwan,2018,10052754,Technology,Semiconductors
ASYS,Amtech Systems Inc. Common Stock,$21.49,3.28,18.012%,308527568.00,United States,,919781,Technology,Industrial Machinery/Components
ATAI,AtaiBeckley Inc. Common Stock,$4.03,0.02,0.499%,1478675091.00,Germany,2008,3859268,Health Care,Biotechnology: Pharmaceutical Preparations
ATAT,Atour Lifestyle Holdings Limited American Depositary Shares,$38.09,-0.14,-0.366%,5181885336.00,China,2022,1187689,Consumer Discretionary,Hotels/Resorts
ATCH,AtlasClear Holdings Inc. Common Stock,$0.257,-0.0099,-3.709%,38636808.00,,2024,3684489,Finance,Finance: Consumer Services
ATCX,Atlas Critical Minerals Corporation Common Stock,$5.74,-0.13,-2.215%,28685334.00,Brazil,,27152,Basic Materials,Precious Metals
ATEC,Alphatec Holdings Inc. Common Stock,$7.52,-0.23,-2.968%,1156495574.00,United States,2006,5091826,Health Care,Medical/Dental Instruments
ATEN,A10 Networks Inc. Common Stock,$27.80,0.53,1.944%,1993954555.00,United States,2014,1133947,Telecommunications,Computer Communications Equipment
ATER,Aterian Inc. Common Stock,$1.10,-0.12,-9.836%,11906182.00,United States,2019,495539,Consumer Discretionary,Home Furnishings
ATEX,Anterix Inc. Common Stock,$55.92,2.71,5.093%,1047543153.00,United States,2015,375105,Telecommunications,Telecommunications Equipment
ATGL,Alpha Technology Group Limited Class A Ordinary Shares,$17.99,-1.15,-6.008%,296160375.00,China,2023,9976,Technology,EDP Services
ATH^A,Athene Holding Ltd. Depositary Shares Each Representing a 1/1000th Interest in a 6.35% Fixed-to-Floating Rate Perpetual Non-Cumulative Preference Share Series A,$24.62,0.09,0.367%,,Bermuda,,33551,,
ATH^B,Athene Holding Ltd. Depositary Shares Each Representing a 1/1000th Interest in a 5.625% Fixed Rate Perpetual Non- Cumulative Preference Share Series B par value $1.00 per share,$19.76,0.09,0.458%,,Bermuda,,7471,,
ATH^D,Athene Holding Ltd. Depositary Shares Each Representing a 1/1000th Interest in a 4.875% Fixed-Rate Perpetual Non-Cumulative Preference Share Series D,$16.80,0.04,0.239%,,Bermuda,,17902,,
ATH^E,Athene Holding Ltd. Depositary Shares Each Representing a 1/1000th Interest in a 7.750% Fixed-Rate Reset Perpetual Non-Cumulative Preference Share Series E,$25.50,0.10,0.394%,,Bermuda,,32692,,
ATHE,Alterity Therapeutics Limited American Depositary Shares,$4.66,-0.0099,-0.212%,71521289.00,Australia,,5156,Health Care,Biotechnology: Pharmaceutical Preparations
ATHM,Autohome Inc. American Depositary Shares each representing four class A ordinary shares.,$19.00,-0.33,-1.707%,2188247309.00,China,2013,393181,Technology,EDP Services
ATHR,Aether Holdings Inc. Common Stock,$4.00,-0.09,-2.20%,48470344.00,United States,2025,9540,Technology,Computer Software: Prepackaged Software
ATHS,Athene Holding Ltd. 7.250% Fixed-Rate Reset Junior Subordinated Debentures due 2064,$25.20,0.04,0.159%,5135886000.00,Bermuda,2024,24304,Finance,Life Insurance
ATI,ATI Inc. Common Stock,$158.39,-4.27,-2.625%,21615550933.00,United States,,2594131,Industrials,Steel/Iron Ore
ATII,Archimedes Tech SPAC Partners II Co. Ordinary Shares,$10.80,0.00,0.00%,0.00,United States,2025,115544,,
ATIIU,Archimedes Tech SPAC Partners II Co. Unit,$11.20,-0.36,-3.114%,0.00,United States,2025,154,Finance,Blank Checks
ATIIW,Archimedes Tech SPAC Partners II Co. Warrant,$1.87,0.02,1.081%,0.00,United States,2025,86580,Finance,Blank Checks
ATKR,Atkore Inc. Common Stock,$74.29,0.32,0.433%,2508570191.00,United States,2016,350441,Miscellaneous,Industrial Machinery/Components
ATLC,Atlanticus Holdings Corporation Common Stock,$84.81,6.47,8.259%,1264683158.00,United States,1995,169614,Finance,Finance: Consumer Services
ATLCL,Atlanticus Holdings Corporation 6.125% Senior Notes due 2026,$25.03,0.03,0.12%,378589988.00,United States,,4487,Finance,Finance: Consumer Services
ATLCP,Atlanticus Holdings Corporation 7.625% Series B Cumulative Perpetual Preferred Stock no par value per share,$23.89,0.2311,0.977%,356246677.00,United States,,3087,Finance,Finance: Consumer Services
ATLCZ,Atlanticus Holdings Corporation 9.25% Senior Notes due 2029,$25.44,-0.005,-0.02%,384791423.00,United States,,18202,Finance,Finance: Consumer Services
ATLN,Atlantic International Corp. Common Stock,$1.50,0.01,0.671%,119037407.00,United States,2024,235041,Industrials,Biotechnology: Laboratory Analytical Instruments
ATLO,Ames National Corporation Common Stock,$28.61,0.01,0.035%,253405064.00,United States,,84356,Finance,Major Banks
ATLX,Atlas Lithium Corporation Common Stock,$6.46,0.54,9.122%,179380724.00,United States,,1215057,Industrials,Mining & Quarrying of Nonmetallic Minerals (No Fuels)
ATMU,Atmus Filtration Technologies Inc. Common Stock,$55.59,0.75,1.368%,4540170273.00,United States,2023,1153631,Consumer Discretionary,Auto Parts:O.E.M.
ATNI,ATN International Inc. Common Stock,$26.55,0.84,3.267%,408361647.00,United States,,75664,Telecommunications,Telecommunications Equipment
ATNM,Actinium Pharmaceuticals Inc. (Delaware) Common Stock,$1.31,0.09,7.377%,41101242.00,United States,,82277,Health Care,Biotechnology: Pharmaceutical Preparations
ATO,Atmos Energy Corporation Common Stock,$180.87,-0.99,-0.544%,30190788205.00,United States,,1136915,Utilities,Oil/Gas Transmission
ATOM,Atomera Incorporated Common Stock,$8.41,0.31,3.827%,325605765.00,United States,2016,1393075,Technology,Semiconductors
ATOS,Atossa Therapeutics Inc. Common Stock,$5.60,-0.07,-1.235%,48223622.00,United States,2012,31406,Health Care,Biotechnology: Pharmaceutical Preparations
ATPC,Agape ATP Corporation Common Stock,$2.37,-0.29,-10.902%,2371484.00,Malaysia,,46987,Health Care,Medical/Nursing Services
ATR,AptarGroup Inc. Common Stock,$120.99,-4.12,-3.293%,7721620033.00,United States,,794930,Industrials,Plastic Products
ATRA,Atara Biotherapeutics Inc. Common Stock,$8.34,-1.59,-16.012%,70992348.00,United States,2014,2964525,Health Care,Biotechnology: Biological Products (No Diagnostic Substances)
ATRC,AtriCure Inc. Common Stock,$26.28,-1.52,-5.468%,1330844692.00,United States,2005,955733,Health Care,Medical/Dental Instruments
ATRO,Astronics Corporation Common Stock,$75.08,-2.87,-3.682%,2693445147.00,United States,,545113,Industrials,Military/Government/Technical
ATS,ATS Corporation Common Shares,$35.38,0.74,2.136%,3469356715.00,Canada,2023,172917,Industrials,Industrial Machinery/Components
ATXG,Addentax Group Corp. Common Stock,$5.06,0.17,3.476%,3951976.00,China,,3806,Consumer Discretionary,Professional Services
ATYR,aTyr Pharma Inc. Common Stock,$0.9463,0.0245,2.658%,92785862.00,United States,2015,903120,Health Care,Biotechnology: Biological Products (No Diagnostic Substances)
AU,AngloGold Ashanti PLC Ordinary Shares,$107.03,6.80,6.784%,53892500376.00,South Africa,,2750137,Basic Materials,Precious Metals
AUB,Atlantic Union Bankshares Corporation Common Stock,$37.96,0.14,0.37%,5432670909.00,United States,,707364,Finance,Major Banks
AUB^A,Atlantic Union Bankshares Corporation Depositary Shares each representing a 1/400th ownership interest in a share of 6.875% Perpetual Non-Cumulative Preferred Stock Series A,$25.05,0.10,0.401%,,United States,,6143,,
AUBN,Auburn National Bancorporation Inc. Common Stock,$23.75,0.61,2.636%,82975351.00,United States,,1835,Finance,Major Banks
AUDC,AudioCodes Ltd. Common Stock,$8.42,0.07,0.838%,217969416.00,Israel,1999,66465,Utilities,Telecommunications Equipment
AUGO,Aura Minerals Inc. Common Shares,$82.11,1.04,1.283%,6859018288.00,United States,,671803,,
AUID,authID Inc. Common Stock,$1.29,0.05,4.032%,20810908.00,United States,,185234,Technology,Computer Software: Prepackaged Software
AUNA,Auna SA Class A Ordinary Shares,$5.07,0.00,0.00%,375245733.00,Peru,2024,279018,Health Care,Medical/Nursing Services
AUPH,Aurinia Pharmaceuticals Inc Ordinary Shares,$15.23,0.09,0.594%,1978960675.00,Canada,,1541868,Health Care,Biotechnology: Pharmaceutical Preparations
AUR,Aurora Innovation Inc. Class A Common Stock,$7.08,-0.06,-0.84%,13885317870.00,United States,2021,28184389,Technology,EDP Services
AURA,Aura Biosciences Inc. Common Stock,$8.40,0.20,2.439%,539278135.00,United States,2021,1047969,Health Care,Biotechnology: Biological Products (No Diagnostic Substances)
AURE,Aurelion Inc. Class A Ordinary Shares,$2.35,-0.02,-0.844%,81307255.00,Hong Kong,2023,2970,Finance,Finance: Consumer Services
AUROW,Aurora Innovation Inc. Warrant,$0.45,-0.013,-2.808%,882541390.00,United States,2021,63049,Technology,EDP Services
AUST,Austin Gold Corp. Common Shares,$1.37,0.04,3.008%,18759411.00,,2022,43086,Basic Materials,Precious Metals
AUTL,Autolus Therapeutics plc American Depositary Share,$1.57,-0.04,-2.484%,417844959.00,United Kingdom,2018,1202733,Health Care,Biotechnology: Biological Products (No Diagnostic Substances)
AUUD,Auddia Inc. Common Stock,$1.46,-0.11,-7.006%,731334.00,United States,2021,350876,Technology,EDP Services
AVA,Avista Corporation Common Stock,$40.82,-0.16,-0.39%,3373300713.00,United States,,559268,Utilities,Power Generation
AVAH,Aveanna Healthcare Holdings Inc. Common Stock,$6.74,-0.20,-2.882%,1466017710.00,United States,2021,927643,Health Care,Medical/Nursing Services
AVAL,Grupo Aval Acciones y Valores S.A. ADR (Each representing 20 preferred shares),$4.52,0.04,0.893%,5366025522.00,,2014,110755,Finance,Commercial Banks
AVAV,AeroVironment Inc. Common Stock,$168.29,0.11,0.065%,8403391682.00,United States,2007,916350,Industrials,Aerospace
AVB,AvalonBay Communities Inc. Common Stock,$184.08,-1.71,-0.92%,25607749477.00,United States,,2001230,Real Estate,Real Estate Investment Trusts
AVBC,Avidia Bancorp Inc. Common Stock,$20.21,0.09,0.447%,405741013.00,United States,2025,67986,Finance,Banks
AVBH,Avidbank Holdings Inc. Common stock,$30.09,0.18,0.602%,329640975.00,United States,,61652,Finance,Commercial Banks
AVBP,ArriVent BioPharma Inc. Common Stock,$29.50,0.65,2.253%,1367869039.00,United States,2024,271003,Health Care,Biotechnology: Pharmaceutical Preparations
AVD,American Vanguard Corporation Common Stock ($0.10 Par Value),$3.03,0.05,1.678%,103761077.00,United States,1998,344115,Industrials,Agricultural Chemicals
AVEX,AEVEX Corp. Class A Common Stock,$25.07,1.24,5.204%,2803491433.00,,2026,1364268,Industrials,Aerospace
AVGO,Broadcom Inc. Common Stock,$430.00,17.44,4.227%,2035907319120.00,United States,2009,22532611,Technology,Semiconductors
AVIR,Atea Pharmaceuticals Inc. Common Stock,$5.43,-0.11,-1.986%,434547148.00,United States,2020,239835,Health Care,Biotechnology: Pharmaceutical Preparations
AVK,Advent Convertible and Income Fund,$12.93,0.18,1.412%,0.00,United States,2003,125987,Finance,Trusts Except Educational Religious and Charitable
AVLN,Avalyn Pharma Inc. Common Stock,$27.33,0.40,1.485%,1142723245.00,United States,2026,290430,Health Care,Biotechnology: Pharmaceutical Preparations
AVNS,Avanos Medical Inc. Common Stock,$24.80,0.03,0.121%,1161254866.00,United States,2014,965907,Health Care,Industrial Specialties
AVNT,Avient Corporation Common Stock,$36.89,0.37,1.013%,3383188061.00,United States,,992005,Industrials,Major Chemicals
AVNW,Aviat Networks Inc. Common Stock,$15.81,-0.51,-3.125%,204572910.00,United States,,291440,Technology,Radio And Television Broadcasting And Communications Equipment
AVO,Mission Produce Inc. Common Stock,$13.08,-0.22,-1.654%,926670441.00,United States,2020,851527,Consumer Staples,Farming/Seeds/Milling
AVPT,AvePoint Inc. Class A Common Stock,$11.40,1.08,10.465%,2461929317.00,United States,2019,6561751,Technology,Computer Software: Prepackaged Software
AVR,Anteris Technologies Global Corp. Common Stock,$6.58,0.07,1.075%,639786915.00,United States,2024,599763,Health Care,Industrial Specialties
AVT,Avnet Inc. Common Stock,$82.09,1.23,1.521%,6733356809.00,United States,,1210975,Technology,Electronic Components
AVTR,Avantor Inc. Common Stock,$8.31,0.00,0.00%,5673697391.00,United States,2019,14978188,Industrials,Biotechnology: Laboratory Analytical Instruments
AVTX,Avalo Therapeutics Inc. Common Stock,$21.57,-1.30,-5.684%,576228249.00,United States,2015,1780002,Health Care,Biotechnology: Pharmaceutical Preparations
AVX,Avax One Technology Ltd. Common Shares,$0.5232,0.0012,0.23%,46970920.00,Canada,2021,251231,Finance,Finance: Consumer Services
AVXL,Anavex Life Sciences Corp. Common Stock,$3.22,0.10,3.205%,298403061.00,United States,,733405,Health Care,Biotechnology: Biological Products (No Diagnostic Substances)
AVY,Avery Dennison Corporation Common Stock,$163.51,-2.02,-1.22%,12506942851.00,United States,,539631,Consumer Discretionary,Containers/Packaging
AWF,Alliancebernstein Global High Income Fund,$10.19,-0.02,-0.196%,0.00,United States,1993,474575,Finance,Trusts Except Educational Religious and Charitable
AWI,Armstrong World Industries Inc Common Stock,$161.76,-3.32,-2.011%,6892951413.00,United States,,324439,Industrials,Plastic Products
AWK,American Water Works Company Inc. Common Stock,$125.05,-1.15,-0.911%,24419829151.00,United States,2008,1305615,Utilities,Water Supply
AWP,abrdn Global Premier Properties Fund Common Shares of Beneficial Interest,$11.95,0.13,1.10%,0.00,United States,2007,75594,Finance,Trusts Except Educational Religious and Charitable
AWR,American States Water Company Common Stock,$77.20,0.36,0.469%,3025672812.00,United States,,314500,Utilities,Water Supply
AWRE,Aware Inc. Common Stock,$1.30,0.02,1.563%,28120693.00,United States,1996,47648,Technology,Computer Software: Prepackaged Software
AWX,Avalon Holdings Corporation Common Stock,$2.5499,0.0199,0.787%,9943159.00,United States,1998,17332,Utilities,Environmental Services
AX,Axos Financial Inc. Common Stock,$86.98,-0.69,-0.787%,4947825552.00,United States,2018,284454,Finance,Savings Institutions
AXG,Solowin Holdings Class A Ordinary Share,$3.68,0.03,0.822%,695350083.00,Hong Kong,2023,16508,Finance,Investment Bankers/Brokers/Service
AXGN,Axogen Inc. Common Stock,$42.06,-1.35,-3.11%,2236659277.00,United States,,565055,Health Care,Biotechnology: Electromedical & Electrotherapeutic Apparatus
AXIA,AXIA Energia American Depositary Shares (Each representing one Common Share),$11.99,0.20,1.696%,33946803659.00,Brazil,2016,1903284,Utilities,Electric Utilities: Central
AXIA^,AXIA Energia AXIA Energia American Depositary Shares (Each representing one Preferred Class B1 Share),$13.13,0.13,1.00%,,Brazil,,123048,,
AXIA^C,AXIA Energia American Depositary Shares each representing one Preferred Class C Share,$11.55,0.20,1.762%,,Brazil,,464235,,
AXIL,AXIL Brands Inc. Common Stock,$7.15,0.10,1.418%,48746677.00,,2024,15763,Consumer Discretionary,Package Goods/Cosmetics
AXIN,Axiom Intelligence Acquisition Corp 1 Class A Ordinary Shares,$10.20,0.009,0.088%,0.00,United Kingdom,2025,1894,Finance,Blank Checks
AXINU,Axiom Intelligence Acquisition Corp 1 Units,$10.32,0.00,0.00%,0.00,United Kingdom,2025,6,Finance,Blank Checks
AXON,Axon Enterprise Inc. Common Stock,$403.54,-23.35,-5.47%,32514105992.00,United States,2001,1746070,Industrials,Ordnance And Accessories
AXP,American Express Company Common Stock,$316.03,-2.66,-0.835%,215635625781.00,United States,,6801016,Finance,Finance: Consumer Services
AXR,AMREP Corporation Common Stock,$25.94,-0.84,-3.137%,137616862.00,United States,,3682,Real Estate,Homebuilding
AXS,Axis Capital Holdings Limited Common Stock,$99.39,0.08,0.081%,7327352426.00,Bermuda,2003,327871,Finance,Property-Casualty Insurers
AXS^E,Axis Capital Holdings Limited Depositary Shares each representing 1/100th interest in a share of a 5.50% Series E Preferred Shares,$19.72,0.07,0.356%,,Bermuda,,18883,,
AXSM,Axsome Therapeutics Inc. Common Stock,$217.38,-2.84,-1.29%,11186323933.00,United States,2015,574387,Health Care,Biotechnology: Pharmaceutical Preparations
AXTA,Axalta Coating Systems Ltd. Common Shares,$29.13,0.56,1.96%,6234366712.00,United States,2014,1804133,Consumer Discretionary,Paints/Coatings
AXTI,AXT Inc Common Stock,$116.36,7.94,7.323%,6467152310.00,United States,1998,13154733,Technology,Semiconductors
AYA,Aya Gold & Silver Inc. Common Shares,$19.33,0.68,3.646%,2763929954.00,Canada,,309912,Technology,Computer Software: Programming Data Processing
AYI,Acuity Inc. Common Stock,$293.33,-2.09,-0.707%,8892348229.00,United States,,328408,Consumer Discretionary,Building Products
AYTU,Aytu BioPharma Inc.  Common Stock,$2.50,0.03,1.215%,26833020.00,United States,,7734,Health Care,Biotechnology: Pharmaceutical Preparations
AZ,A2Z Cust2Mate Solutions Corp. Common Shares,$7.14,0.21,3.03%,318051364.00,Canada,,512889,Industrials,Industrial Machinery/Components
AZI,Autozi Internet Technology (Global) Ltd. Class A Ordinary Shares,$1.27,0.01,0.794%,5779049.00,China,2024,18753,Consumer Discretionary,Automotive Aftermarket
AZN,AstraZeneca PLC Ordinary Shares,$182.85,0.33,0.181%,567100450293.00,United Kingdom,2026,1910409,Health Care,Biotechnology: Pharmaceutical Preparations
AZO,AutoZone Inc. Common Stock,$3496.19,-58.69,-1.651%,57606093316.00,United States,,231482,Consumer Discretionary,Auto & Home Supply Stores
AZTA,Azenta Inc.,$19.22,0.65,3.50%,885302587.00,United States,,1022062,Technology,Industrial Machinery/Components
AZTR,Azitra Inc Common Stock,$0.2343,-0.0034,-1.43%,3793888.00,,2023,265462,Health Care,Biotechnology: Pharmaceutical Preparations
AZZ,AZZ Inc.,$147.60,3.51,2.436%,4410333608.00,United States,,210552,Industrials,Industrial Specialties
B,Barrick Mining Corporation Common Shares,$43.13,1.29,3.083%,72264675567.00,Canada,,14641210,Basic Materials,Precious Metals
BA,Boeing Company (The) Common Stock,$237.36,6.33,2.74%,187111441286.00,United States,,7509678,Industrials,Aerospace
BA^A,Boeing Company (The) Depositary Shares each representing a 1/20th interest in a share of 6.00% Series A Mandatory Convertible Preferred Stock par value $1.00,$75.29,2.14,2.925%,,United States,,1286015,,
BABA,Alibaba Group Holding Limited American Depositary Shares each representing eight Ordinary share,$140.06,-0.94,-0.667%,323437681728.00,China,2014,10023951,Real Estate,Real Estate
BAC,Bank of America Corporation Common Stock,$51.31,-1.44,-2.73%,364126066303.00,United States,,36094979,Finance,Major Banks
BAC^B,Bank of America Corporation Depositary Shares each representing a 1/1000th interest in a share of 6.000% Non-Cumulative Preferred Stock Series GG,$25.08,0.04,0.16%,,United States,,80229,,
BAC^E,Bank of America Corporation Depositary Sh repstg 1/1000th Perp Pfd Ser E,$19.35,0.00,0.00%,,United States,,8926,,
BAC^K,Bank of America Corporation Depositary Shares each representing a 1/1000th interest in a share of 5.875% Non- Cumulative Preferred Stock Series HH,$24.98,0.02,0.08%,,United States,,28984,,
BAC^L,Bank of America Corporation Non Cumulative Perpetual Conv Pfd Ser L,$1217.01,-9.64,-0.786%,,United States,,2682,,
BAC^M,Bank of America Corporation Depositary Shares each representing a 1/1000th interest in a share of 5.375% Non-Cumulative Preferred Stock Series KK,$22.10,0.07,0.318%,,United States,,46248,,
BAC^N,Bank of America Corporation Depositary shares each representing 1/1000th interest in a share of 5.000% Non-Cumulative Preferred Stock Series LL,$20.53,0.015,0.073%,,United States,,84526,,
BAC^O,Bank of America Corporation Depositary shares each representing 1/1000th interest in a share of 4.375% Non-Cumulative Preferred Stock Series NN,$17.63,0.01,0.057%,,United States,,55322,,
BAC^P,Bank of America Corporation Depositary Shares each representing a 1/1000th interest in a share of 4.125% Non-Cumulative Preferred Stock Series PP,$16.80,0.0025,0.015%,,United States,,44463,,
BAC^Q,Bank of America Corporation Depositary shares each representing 1/1000th interest in a share of 4.250% Non-Cumulative Preferred Stock Series QQ,$17.14,0.03,0.175%,,United States,,47650,,
BAC^S,Bank of America Corporation Depositary shares each representing 1/1000th interest in a share of 4.750% Non-Cumulative Preferred Stock Series SS,$19.26,0.03,0.156%,,United States,,50574,,
BACC,Blue Acquisition Corp. Class A Ordinary Shares,$10.46,0.03,0.288%,0.00,United States,2025,94680,Finance,Blank Checks
BACCR,Blue Acquisition Corp. Right ,$0.35,0.028,8.696%,0.00,United States,2025,269471,Finance,Blank Checks
BACCU,Blue Acquisition Corp. Unit,$10.48,0.00,0.00%,0.00,United States,2025,210,Finance,Blank Checks
BAER,Bridger Aerospace Group Holdings Inc. Common Stock,$1.69,-0.04,-2.312%,97407613.00,United States,,640717,Industrials,Aerospace
BAERW,Bridger Aerospace Group Holdings Inc. Warrant,$0.36,-0.02,-5.263%,20749551.00,United States,,25010,Industrials,Aerospace
BAFN,BayFirst Financial Corp. Common Stock,$6.92,-0.2531,-3.528%,28427858.00,United States,,58922,Finance,Major Banks
BAH,Booz Allen Hamilton Holding Corporation Common Stock,$77.04,0.19,0.247%,9290591729.00,United States,2010,1253491,Consumer Discretionary,Professional Services
BAK,Braskem SA ADR,$3.69,0.00,0.00%,1470848454.00,Brazil,,1474165,Industrials,Major Chemicals
BALL,Ball Corporation Common Stock,$58.52,0.11,0.188%,15580745824.00,United States,,3155800,Industrials,Containers/Packaging
BALY,Bally's Corporation Common Stock,$12.84,-0.21,-1.609%,625861866.00,United States,2024,25441,Consumer Discretionary,Hotels/Resorts
BAM,Brookfield Asset Management Inc Class A Limited Voting Shares,$49.76,0.97,1.988%,81516274389.00,,2022,6155237,Consumer Discretionary,Other Consumer Services
BANC,Banc of California Inc. Common Stock,$19.04,-0.13,-0.678%,2927940108.00,United States,,3187987,Finance,Major Banks
BANC^F,Banc of California Inc. Depositary Shares each representing a 1/40th interest in a share of 7.75% non-cumulative perpetual preferred stock Series F,$25.62,0.01,0.039%,,United States,,31536,,
BAND,Bandwidth Inc. Class A Common Stock,$49.89,1.31,2.697%,1597343446.00,United States,2017,871914,Technology,Computer Software: Prepackaged Software
BANF,BancFirst Corporation Common Stock,$112.95,-0.29,-0.256%,3792406489.00,United States,1993,128308,Finance,Major Banks
BANFP,BancFirst Corporation - BFC Capital Trust II Cumulative Trust Preferred Securities,$26.46,0.01,0.038%,888420325.00,United States,,1002,Finance,Major Banks
BANL,CBL International Limited Class B Ordinary Shares,$0.5054,0.0081,1.629%,13898665.00,Malaysia,2023,53347,Energy,Oil Refining/Marketing
BANR,Banner Corporation Common Stock,$65.67,0.09,0.137%,2230674817.00,United States,,192538,Finance,Major Banks
BANX,ArrowMark Financial Corp. Common Stock,$19.835,0.065,0.329%,140880587.00,United States,,55387,Finance,Trusts Except Educational Religious and Charitable
BAOS,Baosheng Media Group Holdings Limited Ordinary shares,$2.81,0.04,1.444%,4311908.00,China,2021,7996,Real Estate,Real Estate
BAP,Credicorp Ltd. Common Stock,$330.50,8.73,2.713%,31193355769.00,Peru,,452579,Finance,Commercial Banks
BARK,BARK Inc. Class A Common Stock,$9.05,-0.30,-3.209%,78207123.00,United States,2020,25265,Consumer Discretionary,Other Specialty Stores
BATL,Battalion Oil Corporation Common Stock,$2.89,0.03,1.049%,62044936.00,United States,,4701545,Energy,Oil & Gas Production
BATRA,Atlanta Braves Holdings Inc. Series A Common Stock,$54.87,-0.47,-0.849%,4019519738.00,United States,,31872,Consumer Discretionary,Services-Misc. Amusement & Recreation
BATRK,Atlanta Braves Holdings Inc. Series C Common Stock,$50.67,-0.51,-0.996%,3711847368.00,United States,,291308,Consumer Discretionary,Services-Misc. Amusement & Recreation
BAX,Baxter International Inc. Common Stock,$17.99,0.50,2.859%,9291277454.00,United States,,7865753,Health Care,Medical/Dental Instruments
BAYA,Bayview Acquisition Corp Ordinary Shares,$11.89,0.00,0.00%,0.00,United States,2023,491,,
BAYAR,Bayview Acquisition Corp Right,$0.08,-0.0144,-15.254%,0.00,United States,2023,200,,
BB,BlackBerry Limited Common Stock,$6.37,0.27,4.426%,3758300000.00,Canada,,56590352,Technology,Computer Software: Prepackaged Software
BBAI,BigBear.ai Inc. Common Stock,$4.18,0.01,0.24%,2002008701.00,United States,2021,35039277,Technology,Computer Software: Prepackaged Software
BBAR,Banco BBVA Argentina S.A. ADS,$14.83,-0.53,-3.451%,3028830157.00,Argentina,,557693,Finance,Commercial Banks
BBBY,Bed Bath & Beyond Inc. Common Stock,$5.30,-0.06,-1.119%,391874024.00,United States,,1654849,Consumer Discretionary,Catalog/Specialty Distribution
BBCP,Concrete Pumping Holdings Inc. Common Stock,$7.95,-0.09,-1.119%,401558523.00,United States,2017,61930,Consumer Discretionary,Engineering & Construction
BBCQ,Bleichroeder Acquisition Corp. II Class A Ordinary Shares,$10.45,0.09,0.869%,0.00,United States,2026,509212,,
BBCQU,Bleichroeder Acquisition Corp. II Units,$10.87,0.02,0.184%,0.00,United States,2026,16063,,
BBCQW,Bleichroeder Acquisition Corp. II Warrants,$1.45,0.09,6.618%,0.00,United States,2026,54463,,
BBD,Banco Bradesco Sa American Depositary Shares,$3.75,0.01,0.267%,39663795105.00,Brazil,,25159724,Finance,Major Banks
BBDC,Barings BDC Inc. Common Stock,$8.87,-0.03,-0.337%,928750061.00,United States,,1433176,Finance,Diversified Financial Services
BBDO,Banco Bradesco Sa American Depositary Shares (each representing one Common Share),$3.37,0.04,1.201%,35644530534.00,Brazil,,91377,Finance,Major Banks
BBGI,Beasley Broadcast Group Inc. Class A Common Stock,$17.13,-0.33,-1.89%,30942039.00,United States,2000,23440,Consumer Discretionary,Broadcasting
BBIO,BridgeBio Pharma Inc. Common Stock,$67.39,-0.06,-0.089%,13195382648.00,United States,2019,5401302,Health Care,Biotechnology: Pharmaceutical Preparations
BBLG,Bone Biologics Corp Common Stock,$1.315,0.025,1.938%,2360767.00,United States,,7875,Health Care,Industrial Specialties
BBLGW,Bone Biologics Corp Warrants,$19.90,2.69,15.63%,35725674.00,United States,,210,Health Care,Industrial Specialties
BBN,BlackRock Taxable Municipal Bond Trust Common Shares of Beneficial Interest,$16.13,0.02,0.124%,0.00,United States,2010,115266,Finance,Finance Companies
BBNX,Beta Bionics Inc. Common Stock,$9.65,-0.85,-8.095%,430020357.00,United States,2025,755435,Health Care,Medical/Dental Instruments
BBOT,BridgeBio Oncology Therapeutics Inc. Common Stock  ,$7.66,-0.20,-2.545%,613663474.00,United States,2024,238160,Health Care,Biotechnology: Pharmaceutical Preparations
BBSI,Barrett Business Services Inc. Common Stock,$29.87,-0.03,-0.10%,733596716.00,United States,1993,252442,Consumer Discretionary,Professional Services
BBT,Beacon Financial Corporation Common stock,$28.93,0.05,0.173%,2430936549.00,United States,,626808,Finance,Banks
BBUC,Brookfield Business Corporation Class A Subordinate Voting Shares,$30.85,-2.76,-8.212%,6386180542.00,,,507350,Consumer Discretionary,Engineering & Construction
BBVA,Banco Bilbao Vizcaya Argentaria S.A. Common Stock,$22.28,0.41,1.875%,127195822636.00,Spain,,1108745,Finance,Commercial Banks
BBW,Build-A-Bear Workshop Inc. Common Stock,$38.37,0.95,2.539%,482712979.00,United States,2004,278613,Consumer Discretionary,Recreational Games/Products/Toys
BBWI,Bath & Body Works Inc.,$19.73,0.43,2.228%,3973277080.00,United States,,6043540,Consumer Discretionary,Clothing/Shoe/Accessory Stores
BBY,Best Buy Co. Inc. Common Stock,$59.40,0.86,1.469%,12515294108.00,United States,,2325190,Consumer Discretionary,Consumer Electronics/Video Chains
BC,Brunswick Corporation Common Stock,$81.71,0.94,1.164%,5320377265.00,United States,,504609,Industrials,Industrial Machinery/Components
BC^C,Brunswick Corporation 6.375% Notes due 2049,$24.65,0.095,0.387%,,United States,,7363,,
BCAB,BioAtla Inc. Common Stock,$4.84,0.49,11.264%,8019522.00,United States,2020,58337,Health Care,Biotechnology: Biological Products (No Diagnostic Substances)
BCAL,California BanCorp Common Stock,$19.25,0.18,0.944%,618931737.00,United States,,141452,Finance,Major Banks
BCAR,D. Boral ARC Acquisition I Corp. Class A Ordinary Shares,$10.67,-0.04,-0.373%,0.00,United States,2025,276714,Finance,Blank Checks
BCARW,D. Boral ARC Acquisition I Corp. Warrant,$1.59,-0.03,-1.852%,0.00,United States,2025,344539,Finance,Blank Checks
BCAT,BlackRock Capital Allocation Term Trust Common Shares of Beneficial Interest,$15.52,0.07,0.453%,1678255200.00,United States,2020,610382,Finance,Finance/Investors Services
BCAX,Bicara Therapeutics Inc. Common Stock,$22.58,-0.51,-2.209%,1481256355.00,United States,2024,377369,Health Care,Biotechnology: Pharmaceutical Preparations
BCBP,BCB Bancorp Inc. (NJ) Common Stock,$10.11,0.01,0.099%,175541517.00,United States,2005,83560,Finance,Savings Institutions
BCC,Boise Cascade L.L.C. Common Stock,$70.67,-2.09,-2.872%,2486858643.00,United States,2013,340675,Consumer Discretionary,RETAIL: Building Materials
BCDA,BioCardia Inc. Common Stock,$1.11,0.02,1.835%,12143813.00,United States,,4909394,Health Care,Biotechnology: Biological Products (No Diagnostic Substances)
BCE,BCE Inc. Common Stock,$24.14,-0.43,-1.75%,22511173222.00,Canada,,3426462,Telecommunications,Telecommunications Equipment
BCG,Binah Capital Group Inc. Common Stock,$2.14,0.06,2.885%,35529264.00,United States,,110018,Finance,Finance: Consumer Services
BCGWW,Binah Capital Group Inc. Warrants,$0.165,-0.0225,-12.00%,2739406.00,United States,,5000,Finance,Finance: Consumer Services
BCH,Banco De Chile ADS,$36.09,-0.38,-1.042%,18228532303.00,Chile,,166312,Finance,Commercial Banks
BCHT,Birchtech Corp. Common Stock,$1.40,-0.01,-0.709%,36828352.00,,2026,190547,Industrials,Industrial Machinery/Components
BCIC,BCP Investment Corporation Common Stock,$8.35,0.49,6.234%,103337821.00,United States,2006,178338,Finance,Finance: Consumer Services
BCML,BayCom Corp Common Stock,$30.94,0.46,1.509%,337534268.00,United States,2018,59827,Finance,Major Banks
BCO,Brinks Company (The) Common Stock,$107.22,-0.53,-0.492%,4415384361.00,United States,,475372,Industrials,Integrated Freight & Logistics
BCPC,Balchem Corporation Common Stock,$160.97,1.47,0.922%,5171939701.00,United States,,96939,Industrials,Major Chemicals
BCRX,BioCryst Pharmaceuticals Inc. Common Stock,$8.62,-0.28,-3.146%,2190882129.00,United States,1994,6164048,Health Care,Biotechnology: Biological Products (No Diagnostic Substances)
BCS,Barclays PLC Common Stock,$23.71,0.42,1.803%,82428361184.00,United Kingdom,,6329512,Finance,Commercial Banks
BCSF,Bain Capital Specialty Finance Inc. Common Stock,$13.66,-0.15,-1.086%,886103792.00,United States,2018,309404,Finance,Finance/Investors Services
BCSS,Bain Capital GSS Investment Corp. Class A Ordinary Shares,$10.15,-0.01,-0.098%,0.00,,2025,5272,,
BCTX,BriaCell Therapeutics Corp. Common Shares,$4.19,0.09,2.195%,30379541.00,Canada,,79070,Health Care,Biotechnology: Pharmaceutical Preparations
BCTXL,BriaCell Therapeutics Corp. Warrant expiring 2031,$1.09,0.10,10.101%,7903031.00,Canada,,27335,,
BCTXZ,BriaCell Therapeutics Corp. Warrant expiring 2030,$0.0899,-0.0013,-1.425%,651819.00,Canada,,341338,Health Care,Biotechnology: Pharmaceutical Preparations
BCV,Bancroft Fund Ltd.,$24.95,-0.04,-0.16%,0.00,United States,1972,6045,Finance,Finance/Investors Services
BCV^A,Bancroft Fund Limited 5.375% Series A Cumulative Preferred Shares,$21.41,0.01,0.047%,,United States,,1599,,
BCX,BlackRock Resources Common Shares of Beneficial Interest,$12.25,0.08,0.657%,1039510623.00,United States,2011,89613,Finance,Finance/Investors Services
BCYC,Bicycle Therapeutics plc American Depositary Shares,$4.81,-0.08,-1.636%,335791992.00,United Kingdom,2019,349912,Health Care,Biotechnology: Pharmaceutical Preparations
BDC,Belden Inc Common Stock,$112.30,0.04,0.036%,4373415692.00,United States,,498854,Industrials,Telecommunications Equipment
BDCI,BTC Development Corp. Class A Ordinary Shares,$10.02,-0.005,-0.05%,0.00,United States,2025,192533,Finance,Blank Checks
BDCIW,BTC Development Corp. Warrant,$0.47,-0.0199,-4.062%,0.00,United States,2025,4400,Finance,Blank Checks
BDJ,Blackrock Enhanced Equity Dividend Trust,$9.20,0.10,1.099%,1628705440.00,United States,2005,189182,Finance,Finance Companies
BDL,Flanigan's Enterprises Inc. Common Stock,$30.53,-0.85,-2.709%,56744493.00,United States,1972,667,Consumer Discretionary,Restaurants
BDMD,Baird Medical Investment Holdings Ltd Ordinary Share,$1.75,-0.11,-5.914%,71713919.00,China,,266726,Health Care,Medical/Dental Instruments
BDMDW,Baird Medical Investment Holdings Ltd Warrant,$0.0705,-0.0008,-1.122%,2889046.00,China,,100,Health Care,Medical/Dental Instruments
BDN,Brandywine Realty Trust Common Stock,$3.11,0.00,0.00%,540243838.00,United States,,1509136,Real Estate,Real Estate Investment Trusts
BDRX,Biodexa Pharmaceuticals plc American Depositary Shs,$4.25,-0.61,-12.551%,2755335.00,United Kingdom,,80216,Health Care,Biotechnology: Pharmaceutical Preparations
BDSX,Biodesix Inc. Common Stock,$15.32,-0.15,-0.97%,154863446.00,United States,2020,73270,Health Care,Medical Specialities
BDTX,Black Diamond Therapeutics Inc. Common Stock,$2.99,0.27,9.926%,171332304.00,United States,2020,1662883,Health Care,Biotechnology: Biological Products (No Diagnostic Substances)
BDX,Becton Dickinson and Company Common Stock,$149.43,-3.83,-2.499%,42548968519.00,United States,,4481804,Health Care,Medical/Dental Instruments
BE,Bloom Energy Corporation Class A Common Stock,$261.03,2.39,0.924%,74248382864.00,United States,2018,14373643,Energy,Industrial Machinery/Components
BEAG,Bold Eagle Acquisition Corp. Class A Ordinary Shares,$10.54,0.00,0.00%,0.00,United States,2024,156656,,
BEAGR,Bold Eagle Acquisition Corp. Right,$0.25,0.00,0.00%,0.00,United States,2024,48,,
BEAM,Beam Therapeutics Inc. Common Stock,$32.32,0.85,2.701%,3320740798.00,United States,2020,2852656,Health Care,Biotechnology: Biological Products (No Diagnostic Substances)
BEAT,Heartbeam Inc. Common Stock,$0.8901,0.0195,2.24%,36572314.00,United States,2021,375105,Health Care,Medical/Dental Instruments
BEATW,Heartbeam Inc. Warrant,$0.0948,-0.0204,-17.708%,3895130.00,United States,2021,744,Health Care,Medical/Dental Instruments
BEBE,TGE Value Creative Solutions Corp Class A Ordinary Shares,$9.91,0.00,0.00%,127541700.00,,2026,14,Consumer Discretionary,Diversified Commercial Services
BEEM,Beam Global Common Stock,$1.86,-0.03,-1.587%,39314788.00,United States,,498454,Technology,Semiconductors
BEEP,Mobile Infrastructure Corporation Common Stock,$1.81,-0.05,-2.688%,74558360.00,United States,,20326,Finance,Blank Checks
BEKE,KE Holdings Inc American Depositary Shares (each representing three Class A Ordinary Shares),$18.87,0.46,2.499%,21320079177.00,China,2020,5928355,Finance,Real Estate
BELFA,Bel Fuse Inc. Class A Common Stock,$265.37,5.71,2.199%,3376224757.00,United States,,30991,,
BELFB,Bel Fuse Inc. Class B Common Stock,$297.98,7.52,2.589%,3791112232.00,United States,,155840,,
BEN,Franklin Resources Inc. Common Stock,$31.05,0.53,1.737%,16134733880.00,United States,,2965088,Finance,Investment Managers
BENF,Beneficient Class A Common Stock,$3.44,-0.08,-2.273%,48895231.00,United States,,20399,Finance,Finance: Consumer Services
BENFW,Beneficient Warrant,$0.0106,0.00,0.00%,150666.00,United States,,1301,Finance,Finance: Consumer Services
BEP,Brookfield Renewable Partners L.P. Limited Partnership Units,$34.03,-0.51,-1.477%,23145351127.00,Canada,,518176,Utilities,Electric Utilities: Central
BEP^A,Brookfield Renewable Partners L.P. 5.25% Class A Preferred Limited Partnership Units Series 17,$18.45,0.20,1.096%,,Canada,,3517,,
BEPC,Brookfield Renewable Corporation Brookfield Renewable Corporation Class A Subordinate Voting Shares,$36.68,-0.47,-1.265%,13824187063.00,United States,,1525372,Utilities,Electric Utilities: Central
BEPH,Brookfield BRP Holdings (Canada) Inc. 4.625% Perpetual Subordinated Notes,$15.13,0.23,1.544%,4344796464.00,Canada,,18450,Utilities,Electric Utilities: Central
BEPI,Brookfield BRP Holdings (Canada) Inc. 4.875% Perpetual Subordinated Notes,$15.66,0.07,0.449%,4496993564.00,Canada,2021,5706,Utilities,Electric Utilities: Central
BEPJ,Brookfield BRP Holdings (Canada) Inc. 7.250% Perpetual Subordinated Notes,$24.90,-0.06,-0.24%,7150392066.00,Canada,2024,4324,Utilities,Electric Utilities: Central
BESS,Bimergen Energy Corporation Common Stock,$2.35,0.03,1.293%,16620547.00,,2026,24740,Utilities,Electric Utilities: Central
BETA,Beta Technologies Inc. Class A Common Stock,$18.68,0.69,3.835%,4292946423.00,United States,2025,1559043,Industrials,Aerospace
BETR,Better Home & Finance Holding Company Class A Common Stock,$30.07,-0.45,-1.474%,567384876.00,United Kingdom,2021,1135783,Finance,Finance: Consumer Services
BETRW,Better Home & Finance Holding Company Warrant,$0.2401,-0.0198,-7.618%,4530399.00,United Kingdom,2021,5652,Finance,Finance: Consumer Services
BF/A,Brown Forman Corporation,$28.36,0.16,0.567%,,United States,,174939,,
BF/B,Brown Forman Corporation,$27.68,0.30,1.096%,,United States,,4509750,,
BFAM,Bright Horizons Family Solutions Inc. Common Stock,$70.59,2.28,3.338%,3728942233.00,United States,2013,3103083,Consumer Discretionary,Other Consumer Services
BFC,Bank First Corporation Common Stock,$146.62,1.62,1.117%,1645434299.00,United States,,53590,Finance,Major Banks
BFH,Bread Financial Holdings Inc. Common Stock,$87.34,0.86,0.994%,3529153057.00,United States,,334585,Real Estate,Real Estate
BFH^A,Bread Financial Holdings Inc. Depositary Shares each representing a 1/40th interest in a share of 8.625% Non-Cumulative Perpetual Preferred Stock Series A,$25.26,0.16,0.637%,,United States,,6268,,
BFLY,Butterfly Network Inc. Class A Common Stock,$4.16,-0.08,-1.887%,1086881973.00,United States,2020,4949183,Health Care,Medical Electronics
BFRG,Bullfrog AI Holdings Inc. Common Stock,$0.66,0.0103,1.585%,12230371.00,United States,2023,288846,Health Care,Biotechnology: Pharmaceutical Preparations
BFRGW,Bullfrog AI Holdings Inc. Warrants,$0.1878,-0.0122,-6.10%,3480096.00,United States,2023,350,Health Care,Biotechnology: Pharmaceutical Preparations
BFRI,Biofrontera Inc. Common Stock,$1.15,0.01,0.877%,13808692.00,United States,2021,108674,Health Care,Biotechnology: Pharmaceutical Preparations
BFRIW,Biofrontera Inc. Warrants,$0.0323,-0.0075,-18.844%,387844.00,United States,2021,806,Health Care,Biotechnology: Pharmaceutical Preparations
BFS,Saul Centers Inc. Common Stock,$35.19,0.99,2.895%,862006322.00,United States,1993,51483,Real Estate,Real Estate Investment Trusts
BFS^D,Saul Centers Inc. Depositary Shares each representing 1/100th of a share of 6.125% Series D Cumulative Redeemable Preferred Stock,$20.6799,0.1099,0.534%,,United States,,1353,,
BFS^E,Saul Centers Inc. Depositary shares each representing a 1/100th fractional interest in a share of 6.000% Series E Cumulative Redeemable Preferred Stock,$23.10,0.495,2.19%,,United States,,2891,,
BFST,Business First Bancshares Inc. Common Stock,$27.68,0.10,0.363%,904526154.00,United States,,109105,Finance,Major Banks
BG,Bunge Limited Common Shares,$124.94,1.19,0.962%,24240623288.00,United States,,1380220,Consumer Staples,Packaged Foods
BGB,Blackstone Strategic Credit 2027 Term Fund Common Shares of Beneficial Interest,$11.47,0.00,0.00%,0.00,United States,2012,112188,Finance,Trusts Except Educational Religious and Charitable
BGC,BGC Group Inc. Class A Common Stock,$11.39,0.10,0.886%,5401844601.00,United States,,5065477,Finance,Investment Bankers/Brokers/Service
BGDE,Big Digital Energy Inc. Common Stock,$6.21,-0.58,-8.542%,34072593.00,Australia,,171384,Finance,Finance: Consumer Services
BGH,Barings Global Short Duration High Yield Fund Common Shares of Beneficial Interests,$14.30,0.11,0.775%,0.00,United States,2012,51199,Finance,Investment Managers
BGI,Birks Group Inc. Common Stock,$0.67,-0.0019,-0.283%,13128440.00,Canada,,17641,Consumer Discretionary,Consumer Specialties
BGIN,Bgin Blockchain Limited Class A Ordinary Shares,$4.09,0.15,3.807%,462725999.00,China,2025,36203,Finance,Finance: Consumer Services
BGL,Blue Gold Limited Class A Ordinary Shares,$1.11,0.02,1.835%,38492016.00,United Kingdom,,147509,Basic Materials,Metal Mining
BGLC,BioNexus Gene Lab Corp Common stock,$2.06,-0.02,-0.962%,4979667.00,Malaysia,,2725,Health Care,Medical Specialities
BGLWW,Blue Gold Limited Warrant,$0.31,0.0106,3.54%,10750023.00,United Kingdom,,17323,Basic Materials,Metal Mining
BGM,BGM Group Ltd. Class A Ordinary Shares,$0.293,0.0068,2.376%,53900260.00,China,2021,145019,Health Care,Biotechnology: Pharmaceutical Preparations
BGMS,Bio Green Med Solution Inc. Common Stock,$0.88,-0.1056,-10.714%,0.00,United States,,30062,,
BGR,BlackRock Energy and Resources Trust,$15.83,-0.11,-0.69%,2146329451.00,United States,2004,45237,Finance,Trusts Except Educational Religious and Charitable
BGS,B&G Foods Inc. Common Stock,$5.35,-0.07,-1.292%,430199273.00,United States,,1508297,Consumer Staples,Packaged Foods
BGSF,BGSF Inc. Common Stock,$5.26,0.06,1.154%,59143266.00,United States,,11534,Consumer Discretionary,Professional Services
BGSI,Boyd Group Services Inc. Common Shares,$115.43,-4.84,-4.024%,3212424288.00,Canada,,35193,,
BGT,BlackRock Floating Rate Income Trust,$10.96,0.04,0.366%,0.00,United States,2004,51133,Finance,Trusts Except Educational Religious and Charitable
BGX,Blackstone Long Short Credit Income Fund Common Shares,$10.95,0.05,0.459%,0.00,,2011,99360,Finance,Trusts Except Educational Religious and Charitable
BGY,Blackrock Enhanced International Dividend Trust,$5.81,0.02,0.345%,0.00,United States,2007,252169,Finance,Trusts Except Educational Religious and Charitable
BH,Biglari Holdings Inc. Class B Common Stock,$306.74,6.02,2.002%,703758490.00,United States,2018,57394,Consumer Discretionary,Restaurants
BHAV,BHAV Acquisition Corp Class A Ordinary Shares,$9.89,0.00,0.00%,0.00,United States,2026,20720,,
BHAVR,BHAV Acquisition Corp Rights,$0.20,0.00,0.00%,0.00,United States,2026,62,Finance,Blank Checks
BHAVU,BHAV Acquisition Corp Units,$10.05,0.00,0.00%,0.00,United States,2026,5766,,
BHB,Bar Harbor Bankshares Inc. Common Stock,$34.98,0.06,0.172%,585638798.00,United States,1997,66993,Finance,Major Banks
BHC,Bausch Health Companies Inc. Common Stock,$5.75,0.02,0.349%,2147484953.00,Canada,,1250528,Health Care,Biotechnology: Pharmaceutical Preparations
BHE,Benchmark Electronics Inc. Common Stock,$85.51,1.73,2.065%,3067845348.00,United States,,245394,Technology,Electrical Products
BHF,Brighthouse Financial Inc. Common Stock,$61.38,-0.30,-0.486%,3525724038.00,United States,,502971,Finance,Life Insurance
BHFAL,Brighthouse Financial Inc. 6.25% Junior Subordinated Debentures due 2058,$16.87,-0.09,-0.531%,969028422.00,United States,,48096,Finance,Life Insurance
BHFAM,Brighthouse Financial Inc. Depositary shares each representing a 1/1000th Interest in a Share of 4.625% Non-Cumulative Preferred Stock Series D,$11.57,-0.06,-0.516%,664591514.00,United States,,9414,Finance,Life Insurance
BHFAN,Brighthouse Financial Inc. Depositary shares each representing a 1/1000th interest in a share of 5.375% Non-Cumulative Preferred Stock Series C,$12.97,-0.03,-0.231%,745008810.00,United States,,12144,Finance,Life Insurance
BHFAO,Brighthouse Financial Inc. Depositary Shares 6.75% Non-Cumulative Preferred Stock Series B,$16.66,0.11,0.665%,956965827.00,United States,,22680,Finance,Life Insurance
BHFAP,Brighthouse Financial Inc. Depositary Shares 6.6% Non-Cumulative Preferred Stock Series A,$15.92,0.02,0.126%,914459542.00,United States,,34591,Finance,Life Insurance
BHK,Blackrock Core Bond Trust,$9.19,0.05,0.547%,0.00,United States,2001,127486,Finance,Finance Companies
BHM,Bluerock Homes Trust Inc. Class A Common Stock,$10.945,-0.1149,-1.039%,141150748.00,,2022,296,Real Estate,Real Estate Investment Trusts
BHP,BHP Group Limited American Depositary Shares (Each representing two Ordinary Shares),$84.72,2.17,2.629%,215142762135.00,Australia,,1998567,Energy,Coal Mining
BHR,Braemar Hotels & Resorts Inc. Common Stock,$2.80,0.05,1.818%,192302090.00,United States,2013,533034,Real Estate,Real Estate Investment Trusts
BHR^B,Braemar Hotels & Resorts Inc. 5.50% Series B Cumulative Convertible Preferred Stock par value $0.01 per share,$15.0399,-0.0101,-0.067%,,United States,,4309,,
BHR^D,Braemar Hotels & Resorts Inc. 8.25% Series D Cumulative Preferred Stock  par value $0.01 per share,$16.71,0.01,0.06%,,United States,,1798,,
BHRB,Burke & Herbert Financial Services Corp. Common Stock,$63.82,0.34,0.536%,960244463.00,United States,,80009,Finance,Major Banks
BHST,BioHarvest Sciences Inc. Common Stock,$3.97,-0.14,-3.406%,89937527.00,Canada,,130665,,
BHV,BlackRock Virginia Municipal Bond Trust,$11.35,0.04,0.354%,0.00,United States,2002,1013,Finance,Finance/Investors Services
BHVN,Biohaven Ltd. Common Shares ,$9.86,0.12,1.232%,1483993991.00,United States,2022,1975683,Health Care,Biotechnology: Pharmaceutical Preparations
BIAF,bioAffinity Technologies Inc. Common Stock,$2.03,-0.09,-4.245%,9132310.00,United States,2022,184438,Health Care,Biotechnology: Commercial Physical & Biological Resarch
BIAFW,bioAffinity Technologies Inc. Warrant,$0.3105,0.0323,11.61%,1396839.00,United States,2022,1059,Health Care,Biotechnology: Commercial Physical & Biological Resarch
BIDU,Baidu Inc. ADS,$141.05,1.18,0.844%,47992637552.00,China,2005,5207302,Technology,Computer Software: Programming Data Processing
BIIB,Biogen Inc. Common Stock,$193.45,2.07,1.082%,28560400284.00,United States,,931536,Health Care,Biotechnology: Biological Products (No Diagnostic Substances)
BILI,Bilibili Inc. American Depositary Shares,$22.06,0.08,0.364%,9190717653.00,China,2018,2178541,Technology,EDP Services
BILL,BILL Holdings Inc. Common Stock,$41.83,4.17,11.073%,4139515205.00,United States,2019,7322704,Technology,EDP Services
BIO,Bio-Rad Laboratories Inc. Class A Common Stock,$254.32,-3.00,-1.166%,6806009603.00,United States,1980,230854,Industrials,Biotechnology: Laboratory Analytical Instruments
BIO/B,Bio-Rad Laboratories Inc.,$255.54,-5.7256,-2.191%,,United States,,395,,
BIOA,BioAge Labs Inc. Common Stock,$17.99,0.17,0.954%,798716728.00,United States,2024,177467,Health Care,Biotechnology: Pharmaceutical Preparations
BIOX,Bioceres Crop Solutions Corp. Ordinary Shares,$0.4702,-0.0026,-0.55%,29729918.00,Argentina,,90532,Industrials,Agricultural Chemicals
BIP,Brookfield Infrastructure Partners LP Limited Partnership Units,$36.77,-0.20,-0.541%,16932172735.00,Bermuda,,783766,Consumer Discretionary,Marine Transportation
BIP^A,Brookfield Infrastructure Partners LP 5.125% Class A Preferred Limited Partnership Units Series 13,$17.31,0.22,1.287%,,Bermuda,,5458,,
BIP^B,Brookfield Infrastructure Partners LP 5.000% Class A Preferred Limited Partnership Units Series 14,$16.51,-0.0207,-0.125%,,Bermuda,,10223,,
BIPC,Brookfield Infrastructure Corporation Brookfield Infrastructure Corporation,$38.99,-0.15,-0.383%,5185473334.00,Canada,,724719,Utilities,Oil & Gas Production
BIPH,Brookfield Infrastructure Corporation 5.000% Subordinated Notes due 2081,$16.57,0.10,0.607%,7644469616.00,Canada,2021,11014,Utilities,Oil & Gas Production
BIPI,BIP Bermuda Holdings I Limited 5.125% Perpetual Subordinated Notes,$16.58,-0.01,-0.06%,157127002.00,Bermuda,2022,20363,Consumer Discretionary,Marine Transportation
BIPJ,Brookfield Infrastructure Corporation 7.250% Subordinated Notes due 2084,$25.17,0.09,0.359%,11612027775.00,Canada,2024,6759,Utilities,Oil & Gas Production
BIRD,Allbirds Inc. Class A Common Stock,$5.60,-0.62,-9.968%,48765545.00,United States,2021,494021,Consumer Discretionary,Apparel
BIRK,Birkenstock Holding plc Ordinary Shares,$39.34,0.30,0.768%,7234864243.00,,2023,1533807,Consumer Discretionary,Shoe Manufacturing
BIT,BlackRock Multi-Sector Income Trust Common Shares of Beneficial Interest,$12.82,0.01,0.078%,0.00,United States,2013,247498,Finance,Trusts Except Educational Religious and Charitable
BIVI,BioVie Inc. Class A Common Stock,$1.47,-0.07,-4.545%,11089049.00,United States,,111249,Health Care,Biotechnology: Pharmaceutical Preparations
BIVIW,BioVie Inc. Warrant,$0.283,-0.017,-5.667%,2134831.00,United States,,8400,Health Care,Biotechnology: Pharmaceutical Preparations
BIXI,Bitcoin Infrastructure Acquisition Corp Ltd. Class A Ordinary Shares,$9.9595,0.0084,0.084%,0.00,United States,2025,3623,,
BIXIU,Bitcoin Infrastructure Acquisition Corp Ltd. Unit ,$10.06,0.00,0.00%,0.00,United States,2025,12,Finance,Blank Checks
BIXIW,Bitcoin Infrastructure Acquisition Corp Ltd. Warrant,$0.25,0.00,0.00%,0.00,United States,2025,55,,
BIYA,Baiya International Group Inc. Ordinary Shares,$1.04,-0.12,-10.345%,2378399.00,China,2025,647979,Consumer Discretionary,Diversified Commercial Services
BJ,BJ's Wholesale Club Holdings Inc. Common Stock,$92.97,-1.36,-1.442%,11871565031.00,United States,2018,2211824,Consumer Discretionary,Department/Specialty Retail Stores
BJDX,Bluejay Diagnostics Inc. Common Stock,$1.72,-0.10,-5.495%,1779710.00,United States,2021,8121,Health Care,Medical/Dental Instruments
BJRI,BJ's Restaurants Inc. Common Stock,$42.70,1.82,4.452%,897422655.00,United States,,555180,Consumer Discretionary,Restaurants
BK,The Bank of New York Mellon Corporation Common Stock,$130.50,-0.19,-0.145%,89572465373.00,United States,,3881499,Finance,Major Banks
BK^K,The Bank Of New York Mellon Corporation  Depositary Shares each representing a 1/4000th interest in a share of Series K Noncumulative Perpetual Preferred Stock,$25.54,0.01,0.039%,,United States,,32851,,
BKD,Brookdale Senior Living Inc. Common Stock,$12.98,-0.58,-4.277%,3099491552.00,United States,2005,5118270,Health Care,Hospital/Nursing Management
BKE,Buckle Inc. (The) Common Stock,$52.41,0.05,0.095%,2700062887.00,United States,,758107,Consumer Discretionary,Clothing/Shoe/Accessory Stores
BKH,Black Hills Corporation Common Stock,$75.23,0.01,0.013%,5721597112.00,United States,,763469,Utilities,Electric Utilities: Central
BKHA,Black Hawk Acquisition Corporation Class A Ordinary Shares,$11.86,0.00,0.00%,0.00,United States,2024,51,Health Care,Biotechnology: Biological Products (No Diagnostic Substances)
BKHAR,Black Hawk Acquisition Corporation Rights,$1.40,0.00,0.00%,0.00,United States,2024,21000,Health Care,Biotechnology: Biological Products (No Diagnostic Substances)
BKKT,Bakkt Inc. Class A Common Stock,$9.85,1.30,15.205%,1287999504.00,United States,,2519259,Finance,Finance: Consumer Services
BKNG,Booking Holdings Inc. Common Stock,$165.93,-5.35,-3.124%,128575578885.00,United States,,8859463,Consumer Discretionary,Transportation Services
BKR,Baker Hughes Company Class A Common Stock,$63.89,0.36,0.567%,63383269051.00,United States,,7859328,Consumer Discretionary,Oil and Gas Field Machinery
BKSY,BlackSky Technology Inc. Class A Common Stock,$39.45,7.21,22.364%,1459445412.00,United States,2019,3258060,Technology,Radio And Television Broadcasting And Communications Equipment
BKT,BlackRock Income Trust Inc. (The),$10.72,0.10,0.942%,1594733689.00,United States,,103327,Finance,Investment Bankers/Brokers/Service
BKTI,BK Technologies Corporation Common Stock,$93.88,-0.04,-0.043%,351500896.00,United States,,36433,Technology,Radio And Television Broadcasting And Communications Equipment
BKU,BankUnited Inc. Common Stock,$47.50,0.22,0.465%,3501700048.00,United States,2011,625703,Finance,Savings Institutions
BKV,BKV Corporation Common Stock,$27.80,-1.15,-3.972%,3040946368.00,United States,2024,1193733,Energy,Oil & Gas Production
BKYI,BIO-key International Inc. Common Stock,$5.22,-0.12,-2.247%,5664807.00,United States,,19194,Technology,Computer Software: Prepackaged Software
BL,BlackLine Inc. Common Stock,$30.63,-0.54,-1.732%,1826209302.00,United States,2016,856205,Technology,Computer Software: Prepackaged Software
BLBD,Blue Bird Corporation Common Stock,$71.02,0.18,0.254%,2247540751.00,United States,2014,526211,Consumer Discretionary,Construction/Ag Equipment/Trucks
BLCO,Bausch + Lomb Corporation Common Shares,$16.18,0.27,1.697%,5768758272.00,,2022,592665,Health Care,Ophthalmic Goods
BLD,TopBuild Corp. Common Stock,$428.03,0.00,0.00%,12045689173.00,United States,2015,654024,Consumer Discretionary,Engineering & Construction
BLDP,Ballard Power Systems Inc. Common Shares,$4.13,-0.57,-12.128%,1245095256.00,Canada,,12133695,Energy,Industrial Machinery/Components
BLDR,Builders FirstSource Inc. Common Stock,$77.40,-2.01,-2.531%,8325134402.00,United States,2005,2023953,Consumer Discretionary,RETAIL: Building Materials
BLFS,BioLife Solutions Inc. Common Stock,$22.04,-1.08,-4.671%,1064532000.00,United States,,722127,Health Care,Biotechnology: Electromedical & Electrotherapeutic Apparatus
BLIN,Bridgeline Digital Inc. Common Stock,$1.02,0.01,0.99%,12851877.00,United States,2007,12553,Technology,Computer Software: Prepackaged Software
BLIV,BeLive Holdings Ordinary Share,$2.49,-0.11,-4.231%,27053357.00,Singapore,2025,400,Technology,EDP Services
BLK,BlackRock Inc. Common Stock,$1084.83,17.09,1.601%,168402488287.00,United States,1999,490606,Finance,Investment Bankers/Brokers/Service
BLKB,Blackbaud Inc. Common Stock,$37.50,-0.31,-0.82%,1722453975.00,United States,2004,518193,Technology,Computer Software: Prepackaged Software
BLLN,BillionToOne Inc. Class A Common Stock,$92.96,0.06,0.065%,4275740193.00,United States,2025,1300546,Health Care,Medical Specialities
BLMN,Bloomin' Brands Inc. Common Stock,$8.12,0.17,2.138%,692048299.00,United States,2012,6772726,Consumer Discretionary,Restaurants
BLND,Blend Labs Inc. Class A Common Stock,$1.38,-0.24,-14.815%,334619883.00,United States,2021,4119320,Technology,Computer Software: Programming Data Processing
BLNE,Beeline Holdings Inc. Common Stock,$1.92,-0.01,-0.518%,58842948.00,United States,,294457,Finance,Finance: Consumer Services
BLNK,Blink Charging Co. Common Stock,$0.8453,0.0521,6.568%,121000231.00,United States,,2449963,Consumer Discretionary,Industrial Specialties
BLRK,Bluerock Acquisition Corp. Class A Ordinary Shares,$9.93,0.00,0.00%,0.00,United States,2026,1102,,
BLRKW,Bluerock Acquisition Corp. Warrants,$0.35,0.00,0.00%,0.00,United States,2026,3766,,
BLRX,BioLineRx Ltd. American Depositary Shares,$3.07,-0.03,-0.968%,13358666.00,Israel,,12762,Health Care,Biotechnology: Pharmaceutical Preparations
BLSH,Bullish Ordinary Shares,$43.66,2.46,5.971%,6562194401.00,Cayman Islands,2025,1526183,Finance,Finance: Consumer Services
BLTE,Belite Bio Inc American Depositary Shares,$154.88,-1.12,-0.718%,6092973005.00,United States,2022,59997,Health Care,Biotechnology: Pharmaceutical Preparations
BLUW,Blue Water Acquisition Corp. III Class A Ordinary Shares,$10.27,0.00,0.00%,74406150.00,United States,2025,264,,
BLUWW,Blue Water Acquisition Corp. III Warrant.,$0.4001,-0.0499,-11.089%,2898725.00,United States,2025,916,,
BLW,Blackrock Limited Duration Income Trust,$12.81,0.02,0.156%,457461151.00,United States,2003,82149,Consumer Discretionary,Other Consumer Services
BLX,Banco Latinoamericano de Comercio Exterior S.A.,$53.79,-0.37,-0.683%,2002612888.00,Panama,1992,125725,Finance,Commercial Banks
BLZE,Backblaze Inc. Class A Common Stock,$7.48,-0.02,-0.267%,448800000.00,United States,2021,2507626,Technology,Computer Software: Prepackaged Software
BLZR,Trailblazer Acquisition Corp. Class A Ordinary Shares,$10.1001,0.0001,0.001%,0.00,United States,2025,3177,Finance,Blank Checks
BLZRU,Trailblazer Acquisition Corp. Unit,$10.23,0.00,0.00%,0.00,United States,2025,170,,
BLZRW,Trailblazer Acquisition Corp. Warrant,$0.4593,-0.0001,-0.022%,0.00,United States,2025,1667,Finance,Blank Checks
BMA,Banco Macro S.A.  ADR (representing Ten Class B Common Shares),$73.48,-1.38,-1.843%,4698239924.00,Argentina,,204664,Finance,Commercial Banks
BMBL,Bumble Inc. Class A Common Stock,$3.62,0.16,4.624%,472160828.00,United States,2021,4065001,Technology,Computer Software: Programming Data Processing
BME,Blackrock Health Sciences Trust,$38.97,-0.19,-0.485%,519587711.00,United States,2005,73435,Finance,Trusts Except Educational Religious and Charitable
BMEA,Biomea Fusion Inc. Common Stock,$1.54,-0.09,-5.521%,111341138.00,United States,2021,1085316,Health Care,Biotechnology: Pharmaceutical Preparations
BMEZ,BlackRock Health Sciences Term Trust Common Shares of Beneficial Interest,$14.18,0.10,0.71%,189062195.00,United States,2020,239368,Finance,Trusts Except Educational Religious and Charitable
BMGL,Basel Medical Group Ltd Ordinary Shares,$0.759,-0.001,-0.132%,14258384.00,Singapore,2025,13046,Health Care,Medical/Nursing Services
BMHL,Bluemount Holdings Limited Class B Ordinary Shares,$3.70,0.00,0.00%,88819044.00,Hong Kong,2025,905,Finance,Finance: Consumer Services
BMI,Badger Meter Inc. Common Stock,$118.52,-4.04,-3.296%,3459073756.00,United States,1971,737602,Industrials,Industrial Machinery/Components
BML^G,Bank of America Corporation Depositary Shares (Each representing a 1/1200th interest in a share of Floating Rate Non-Cumulative Preferred Stock  Series 1),$19.375,0.02,0.103%,,United States,,1071,,
BML^H,Bank of America Corporation Depositary Shares (Each representing a 1/1200th interest in a Share of Floating Rate Non-Cumulative Preferred Stock Series 2),$19.45,0.06,0.309%,,United States,,15751,,
BML^J,Bank of America Corporation Depositary Shares (Each representing a 1/1200th interest in a Share of Floating Rate Non-Cumulative Preferred Stock Series 4),$20.33,0.01,0.049%,,United States,,15742,,
BML^L,Bank of America Corporation Depositary Shares (Each representing a 1/1200th Interest in a Share of Floating Rate Non-Cumulative Preferred Stock Series 5),$19.75,0.07,0.356%,,United States,,5424,,
BMM,Blue Moon Metals Inc. Common Shares,$6.83,-0.22,-3.121%,604488296.00,Canada,,95550,,
BMN,BlackRock 2037 Municipal Target Term Trust Common Shares of Beneficial Interest,$25.705,-0.145,-0.561%,0.00,,2022,11192,Finance,Trusts Except Educational Religious and Charitable
BMNR,BitMine Immersion Technologies Inc. Common Stock,$22.17,0.17,0.773%,12627518077.00,United States,2025,28757661,Finance,Finance: Consumer Services
BMO,Bank Of Montreal Common Stock,$152.90,0.42,0.275%,107782254698.00,Canada,,1795629,Finance,Commercial Banks
BMR,Beamr Imaging Ltd. Ordinary Share,$1.95,0.03,1.563%,30283215.00,Israel,2023,88806,Technology,Computer Software: Prepackaged Software
BMRA,Biomerica Inc. Common Stock,$2.22,0.025,1.139%,6860397.00,United States,,7762,Health Care,Biotechnology: In Vitro & In Vivo Diagnostic Substances
BMRC,Bank of Marin Bancorp Common Stock,$26.12,0.05,0.192%,422875147.00,United States,,70018,Finance,Major Banks
BMRN,BioMarin Pharmaceutical Inc. Common Stock,$54.06,-0.06,-0.111%,10448956718.00,United States,1999,1972445,Health Care,Biotechnology: Pharmaceutical Preparations
BMY,Bristol-Myers Squibb Company Common Stock,$56.16,-0.09,-0.16%,114682721232.00,United States,,10032437,Health Care,Biotechnology: Pharmaceutical Preparations
BN,Brookfield Corporation Class A Limited Voting Shares,$47.08,0.57,1.226%,105324026682.00,Canada,1925,4556253,Real Estate,Building operators
BNAI,Brand Engagement Network Inc. Common Stock,$22.26,0.15,0.678%,130398078.00,United States,2021,254925,Technology,EDP Services
BNAIW,Brand Engagement Network Inc. Warrant,$0.1599,0.0024,1.524%,936687.00,United States,2021,14746,Technology,EDP Services
BNBX,BNB Plus Corp. Common Stock,$0.485,-0.015,-3.00%,2642022.00,United States,,65128,Consumer Discretionary,Other Consumer Services
BNC,CEA Industries Inc. Common Stock,$3.22,0.07,2.222%,138124608.00,United States,,117569,Industrials,Industrial Machinery/Components
BNCWW,CEA Industries Inc. Warrant,$0.025,-0.0001,-0.398%,0.00,United States,,4270,,
BNCWZ,CEA Industries Inc. Warrant,$0.40,-0.0208,-4.943%,17158336.00,United States,,6054,Industrials,Industrial Machinery/Components
BNED,Barnes & Noble Education Inc Common Stock,$10.52,-0.17,-1.59%,360795172.00,United States,2015,239249,Consumer Discretionary,Other Specialty Stores
BNGO,Bionano Genomics Inc. Common Stock,$1.29,-0.04,-3.008%,14308183.00,United States,2018,150368,Industrials,Biotechnology: Laboratory Analytical Instruments
BNH,Brookfield Finance Inc. 4.625% Subordinated Notes due October 16 2080,$15.65,0.06,0.385%,23597022487.00,Canada,2020,8680,Real Estate,Building operators
BNJ,Brookfield Finance Inc. 4.50% Perpetual Subordinated Notes,$15.00,-0.23,-1.51%,22616954460.00,Canada,2020,16646,Real Estate,Building operators
BNKK,Bonk Inc. Common Stock,$2.40,-0.10,-4.00%,18884299.00,United States,2020,121735,Consumer Discretionary,Package Goods/Cosmetics
BNL,Broadstone Net Lease Inc. Common Stock,$19.86,0.00,0.00%,3808483782.00,United States,2020,1395773,Real Estate,Real Estate Investment Trusts
BNR,Burning Rock Biotech Limited American Depositary Shares,$16.76,0.18,1.086%,176756709.00,China,2020,8193,Health Care,Medical Specialities
BNRG,Brenmiller Energy Ltd Ordinary Shares,$2.28,0.20,9.615%,1232422.00,Israel,,96451,Industrials,Building Products
BNS,Bank Nova Scotia Halifax Pfd 3 Ordinary Shares,$77.53,-0.56,-0.717%,95554448856.00,Canada,,1271913,Finance,Major Banks
BNT,Brookfield Wealth Solutions Ltd. Class A Exchangeable Limited Voting Shares,$46.95,0.51,1.098%,15618292396.00,,2021,13444,Finance,Property-Casualty Insurers
BNTC,Benitec Biopharma Inc. Common Stock,$12.28,0.14,1.153%,421871222.00,United States,2015,169239,Health Care,Biotechnology: Pharmaceutical Preparations
BNTX,BioNTech SE American Depositary Share,$94.125,1.105,1.188%,23655997628.00,Germany,2019,1035125,Health Care,Biotechnology: Biological Products (No Diagnostic Substances)
BNZI,Banzai International Inc. Class A Common Stock,$6.09,-0.28,-4.396%,112616907.00,United States,2021,308943,Technology,Computer Software: Prepackaged Software
BNZIW,Banzai International Inc. Warrant,$0.0108,0.0008,8.00%,199715.00,United States,2021,50482,Technology,Computer Software: Prepackaged Software
BOBS,Bob's Discount Furniture Inc. Common Stock,$13.64,0.97,7.656%,1778206698.00,,2026,2268304,Consumer Discretionary,Other Specialty Stores
BOC,Boston Omaha Corporation Class A Common Stock,$11.36,0.15,1.338%,348366646.00,United States,2022,399895,Finance,Real Estate
BODI,The Beachbody Company Inc. Class A Common Stock,$13.61,-0.46,-3.269%,98470623.00,United States,,72090,Consumer Discretionary,Other Consumer Services
BOE,Blackrock Enhanced Global Dividend Trust Common Shares of Beneficial Interest,$11.90,0.02,0.168%,0.00,United States,2005,62095,Finance,Trusts Except Educational Religious and Charitable
BOF,BranchOut Food Inc. Common Stock,$3.40,-0.09,-2.579%,49580214.00,United States,2023,40341,Consumer Staples,Packaged Foods
BOH,Bank of Hawaii Corporation Common Stock,$80.46,0.59,0.739%,3187907028.00,United States,,420203,Finance,Major Banks
BOH^A,Bank of Hawaii Corporation Depositary Shares Each Representing a 1/40th Interest in a Share of 4.375% Fixed Rate Non-Cumulative Perpetual Preferred Stock Series A,$16.22,0.06,0.371%,,United States,,23747,,
BOH^B,Bank of Hawaii Corporation Depositary Shares Each Representing a 1/40th Interest in a Share of 8.000% Fixed Rate Non-Cumulative Perpetual Preferred Stock Series B,$26.57,0.02,0.075%,,United States,,5590,,
BOKF,BOK Financial Corporation Common Stock,$132.47,-0.98,-0.734%,8049017618.00,United States,,291183,Finance,Major Banks
BOLD,Boundless Bio Inc. Common Stock,$1.44,-0.09,-5.882%,32283001.00,United States,2024,399748,Health Care,Biotechnology: Pharmaceutical Preparations
BOLT,Bolt Biotherapeutics Inc. Common Stock,$4.67,0.08,1.743%,8973718.00,United States,2021,40015,Health Care,Biotechnology: Pharmaceutical Preparations
BON,Bon Natural Life Limited Class A Ordinary Shares,$1.20,-0.0197,-1.615%,9754572.00,China,2021,19660,Health Care, Medicinal Chemicals and Botanical Products 
BOOM,DMC Global Inc. Common Stock,$7.44,0.11,1.501%,152287924.00,United States,,214465,Industrials,Industrial Specialties
BOOT,Boot Barn Holdings Inc. Common Stock,$163.30,-0.07,-0.043%,4967656382.00,United States,2014,442719,Consumer Discretionary,Clothing/Shoe/Accessory Stores
BORR,Borr Drilling Limited Common Shares,$5.85,0.01,0.171%,1800051289.00,Bermuda,2019,5637179,Energy,Oil & Gas Production
BOSC,B.O.S. Better Online Solutions Common Stock,$4.55,-0.08,-1.728%,32076636.00,Israel,,30397,Telecommunications,Computer Communications Equipment
BOTJ,Bank of the James Financial Group Inc. Common Stock,$23.33,0.12,0.517%,105996076.00,United States,,16428,Finance,Major Banks
BOW,Bowhead Specialty Holdings Inc. Common Stock,$27.06,0.70,2.656%,888597227.00,United States,2024,352476,Finance,Property-Casualty Insurers
BOX,Box Inc. Class A Common Stock,$25.72,0.03,0.117%,3560923223.00,United States,2015,2336932,Technology,Computer Software: Prepackaged Software
BOXL,Boxlight Corporation Class A Common Stock,$0.9426,-0.0574,-5.74%,3772009.00,United States,2017,159963,Real Estate,Other Consumer Services
BP,BP p.l.c. Common Stock,$43.34,-0.47,-1.073%,113061944086.00,United Kingdom,,10273508,Energy,Integrated oil Companies
BPAC,Blueport Acquisition Ltd Class A Ordinary Shares,$10.06,0.01,0.10%,0.00,United States,2026,111,,
BPACU,Blueport Acquisition Ltd Units,$10.25,0.02,0.196%,0.00,United States,2025,100,Finance,Blank Checks
BPOP,Popular Inc. Common Stock,$149.01,0.18,0.121%,9683974681.00,United States,,353602,Finance,Major Banks
BPOPM,Popular Inc. Popular Capital Trust II - 6.125% Cumulative Monthly Income Trust Preferred Securities,$25.33,0.00,0.00%,1646165215.00,United States,,487,Finance,Major Banks
BPRE,Bluerock Private Real Estate Fund Common Shares of Beneficial Interest,$16.73,0.55,3.399%,0.00,,2025,838861,,
BPRN,Princeton Bancorp Inc. Common Stock (PA),$35.48,-0.07,-0.197%,241131056.00,United States,,5036,Finance,Major Banks
BPYPM,Brookfield Property Partners L.P. 6.25% Class A Cumulative Redeemable Preferred Units Series 1,$16.93,-0.02,-0.118%,17600097019.00,Bermuda,,26080,Finance,Real Estate
BPYPN,Brookfield Property Partners L.P. 5.750% Class A Cumulative Redeemable Perpetual Preferred Units Series 3,$14.04,0.00,0.00%,14595709518.00,Bermuda,,11145,Finance,Real Estate
BPYPO,Brookfield Property Partners L.P. 6.375% Class A Cumulative Redeemable Perpetual Preferred Units Series 2,$15.3501,-0.1299,-0.839%,15957663866.00,Bermuda,,8762,Finance,Real Estate
BPYPP,Brookfield Property Partners L.P. 6.50% Class A Cumulative Redeemable Perpetual Preferred Units,$15.75,-0.05,-0.316%,16373392088.00,Bermuda,,26458,Finance,Real Estate
BQ,Boqii Holding Limited Class A Ordinary Shares,$0.82,0.0097,1.197%,2287551.00,,2025,336393,Consumer Discretionary,Other Specialty Stores
BR,Broadridge Financial Solutions Inc. Common Stock,$149.50,-3.39,-2.217%,17290915402.00,United States,,1650227,Real Estate,Real Estate
BRAG,Bragg Gaming Group Inc. Common Shares,$2.15,-0.07,-3.153%,54939580.00,Canada,,15522,Technology,Office Equipment/Supplies/Services
BRAI,Braiin Limited Common Stock,$7.285,-0.165,-2.215%,1501352741.00,Australia,,11800,Technology,EDP Services
BRBI,BRBI BR Partners S.A. ADSs,$14.45,-0.32,-2.167%,724473090.00,Brazil,,798,Finance,Finance: Consumer Services
BRBR,BellRing Brands Inc. Common Stock ,$10.31,-0.15,-1.434%,1198824634.00,United States,2022,6097718,Consumer Staples,Packaged Foods
BRBS,Blue Ridge Bankshares Inc. Common Stock,$3.44,-0.06,-1.714%,309296286.00,United States,,139933,Finance,Major Banks
BRC,Brady Corporation Common Stock,$78.33,-1.20,-1.509%,3699372295.00,United States,,150463,Consumer Discretionary,Miscellaneous manufacturing industries
BRCB,Black Rock Coffee Bar Inc. Class A Common Stock,$11.48,0.02,0.175%,574640664.00,United States,2025,152009,Consumer Discretionary,Restaurants
BRCC,BRC Inc. Class A Common Stock,$1.30,0.05,4.00%,324352981.00,United States,2022,759374,Consumer Staples,Beverages (Production/Distribution)
BRFH,Barfresh Food Group Inc. Common Stock,$2.41,-0.11,-4.365%,38905837.00,United States,,3968,Consumer Staples,Packaged Foods
BRIA,BrilliA Inc Class A Ordinary Shares,$1.70,-0.09,-5.028%,52062500.00,,2024,3309,Consumer Discretionary,Apparel
BRID,Bridgford Foods Corporation Common Stock,$7.81,-0.02,-0.255%,70890058.00,United States,,1108,Consumer Staples,Specialty Foods
BRK/A,Berkshire Hathaway Inc.,$717386.810000000056,1136.81,0.159%,1055185606772.00,United States,,201,,
BRK/B,Berkshire Hathaway Inc.,$475.94,0.86,0.181%,1050071833914.00,United States,,5213909,,
BRKR,Bruker Corporation Common Stock,$44.16,0.43,0.983%,6722173730.00,United States,,2635844,Industrials,Biotechnology: Laboratory Analytical Instruments
BRKRP,Bruker Corporation 6.375% Mandatory Convertible Preferred Stock Series A,$342.89,5.28,1.564%,52195791446.00,United States,,1272,Industrials,Biotechnology: Laboratory Analytical Instruments
BRLS,Borealis Foods Inc. Class A Common Shares,$1.46,-0.08,-5.195%,31336427.00,Canada,2021,32728,Consumer Staples,Packaged Foods
BRLT,Brilliant Earth Group Inc. Class A Common Stock,$1.43,0.02,1.418%,144717716.00,United States,2021,43215,Consumer Discretionary,Consumer Specialties
BRN,Barnwell Industries Inc. Common Stock,$1.10,-0.01,-0.901%,15656585.00,United States,1965,298154,Energy,Oil & Gas Production
BRNS,Barinthus Biotherapeutics plc American Depositary Shares,$0.67,0.00,0.00%,27368758.00,United Kingdom,2021,19074,Health Care,Biotechnology: Pharmaceutical Preparations
BRO,Brown & Brown Inc. Common Stock,$56.45,-1.60,-2.756%,19133605624.00,United States,,3616467,Finance,Specialty Insurers
BROS,Dutch Bros Inc. Class A Common Stock,$52.71,-0.83,-1.55%,9205709416.00,United States,2021,5793370,Consumer Discretionary,Restaurants
BRR,ProCap Financial Inc. Common Stock,$1.94,0.03,1.571%,158420695.00,United States,2025,697761,Finance,Finance: Consumer Services
BRRWW,ProCap Financial Inc. Warrant,$0.41,0.0301,7.923%,33480662.00,United States,2025,1222,Finance,Finance: Consumer Services
BRSL,Brightstar Lottery PLC Trading under the Legal Name to begin at the market open on July 21 2025. Ordinary Shares,$13.05,0.36,2.837%,2407725000.00,United States,2015,1219916,Consumer Discretionary,Services-Misc. Amusement & Recreation
BRSP,BrightSpire Capital Inc. Class A Common Stock,$5.97,0.04,0.675%,777760048.00,United States,2018,647947,Real Estate,Real Estate Investment Trusts
BRT,BRT Apartments Corp. (MD) Common Stock,$14.66,-0.12,-0.812%,275935211.00,United States,,17303,Real Estate,Real Estate Investment Trusts
BRTX,BioRestorative Therapies Inc. Common Stock (NV),$0.2058,-0.0192,-8.533%,5243407.00,United States,,1609060,Health Care,Managed Health Care
BRW,Saba Capital Income & Opportunities Fund SBI,$6.88,0.00,0.00%,0.00,United States,,137483,Finance,Trusts Except Educational Religious and Charitable
BRX,Brixmor Property Group Inc. Common Stock,$29.84,-0.25,-0.831%,9156004651.00,United States,2013,3079386,Real Estate,Real Estate Investment Trusts
BRZE,Braze Inc. Class A Common Stock,$21.72,-0.88,-3.894%,2680179191.00,United States,2021,3356847,Technology,Computer Software: Prepackaged Software
BSAA,BEST SPAC I Acquisition Corp. Class A Ordinary Shares,$10.31,0.01,0.097%,,Hong Kong,2025,4066,Finance,Blank Checks
BSAAR,BEST SPAC I Acquisition Corp. Rights,$0.15,0.00,0.00%,0.00,Hong Kong,2025,60000,Finance,Blank Checks
BSAC,Banco Santander - Chile ADS,$30.22,-0.31,-1.015%,14237104880.00,Chile,,302104,Finance,Commercial Banks
BSBK,Bogota Financial Corp. Common Stock,$8.505,-0.045,-0.526%,109879208.00,United States,2020,17155,Finance,Banks
BSBR,Banco Santander Brasil SA American Depositary Shares each representing one unit,$5.83,0.03,0.517%,43557085104.00,Brazil,2009,708237,Finance,Commercial Banks
BSET,Bassett Furniture Industries Incorporated Common Stock,$14.12,-0.13,-0.912%,122098944.00,United States,,12795,Consumer Discretionary,Home Furnishings
BSL,Blackstone Senior Floating Rate 2027 Term Fund Common Shares of Beneficial Interest,$13.22,-0.04,-0.302%,0.00,United States,2010,21972,Finance,Trusts Except Educational Religious and Charitable
BSM,Black Stone Minerals L.P. Common units representing limited partner interests,$13.30,-0.07,-0.524%,2826241102.00,United States,2015,535438,Energy,Oil & Gas Production
BSRR,Sierra Bancorp Common Stock,$37.98,0.22,0.583%,496747408.00,United States,,60175,Finance,Major Banks
BST,BlackRock Science and Technology Trust Common Shares of Beneficial Interest,$44.92,0.50,1.126%,995329724.00,United States,2014,96795,Finance,Finance Companies
BSTZ,BlackRock Science and Technology Term Trust Common Shares of Beneficial Interest,$27.97,0.43,1.561%,619754505.00,United States,2019,196343,Finance,Trusts Except Educational Religious and Charitable
BSVN,Bank7 Corp. Common stock,$43.76,-0.19,-0.432%,416566100.00,United States,2018,8901,Finance,Major Banks
BSX,Boston Scientific Corporation Common Stock,$53.93,-2.64,-4.667%,80159134803.00,United States,,20831151,Health Care,Medical/Dental Instruments
BSY,Bentley Systems Incorporated Class B Common Stock,$32.76,-0.86,-2.558%,9934361695.00,United States,2020,2713853,Technology,Computer Software: Prepackaged Software
BTAI,BioXcel Therapeutics Inc. Common Stock,$1.22,-0.02,-1.613%,33030995.00,United States,2018,564719,Health Care,Biotechnology: Pharmaceutical Preparations
BTBD,BT Brands Inc. Common Stock,$1.14,-0.62,-35.227%,7016385.00,United States,2021,913443,Consumer Discretionary,Restaurants
BTBDW,BT Brands Inc. Warrant,$0.0501,-0.1078,-68.271%,308352.00,United States,2021,40058,Consumer Discretionary,Restaurants
BTBT,Bit Digital Inc. Ordinary Shares,$1.80,-0.03,-1.639%,587838994.00,United States,2018,26492209,Finance,Finance: Consumer Services
BTCS,BTCS Inc. Common Stock,$2.12,-0.21,-9.013%,105523787.00,United States,,2165933,Finance,Finance: Consumer Services
BTCT,BTC Digital Ltd. Ordinary Shares,$1.22,-0.02,-1.613%,7849529.00,China,,32597,Real Estate,Other Consumer Services
BTDR,Bitdeer Technologies Group Class A Ordinary Shares,$13.47,-0.37,-2.673%,3277434906.00,Singapore,,5919795,Finance,Finance: Consumer Services
BTE,Baytex Energy Corp Common Shares,$4.83,-0.03,-0.617%,3541685580.00,Canada,2023,14639677,Energy,Oil & Gas Production
BTG,B2Gold Corp Common shares (Canada),$5.30,0.35,7.071%,7105295837.00,Canada,,34000298,Basic Materials,Precious Metals
BTGO,BitGo Holdings Inc. Class A Common Stock,$12.57,1.26,11.141%,1451419750.00,,2026,673880,Finance,Finance: Consumer Services
BTI,British American Tobacco  Industries p.l.c. Common Stock ADR,$58.28,0.20,0.344%,127157930913.00,United Kingdom,1998,3669871,Health Care, Medicinal Chemicals and Botanical Products 
BTM,Bitcoin Depot Inc. Class A Common Stock,$5.09,-0.13,-2.49%,57764160.00,United States,2022,350819,Finance,Finance: Consumer Services
BTMD,Biote Corp. Class A Common Stock,$2.18,0.09,4.306%,85665784.00,United States,,194928,Health Care, Medicinal Chemicals and Botanical Products 
BTMWW,Bitcoin Depot Inc. Warrant,$0.0353,0.0024,7.295%,400604.00,United States,2022,385065,Finance,Finance: Consumer Services
BTO,John Hancock Financial Opportunities Fund Common Stock,$37.27,0.02,0.054%,0.00,United States,1994,19399,Finance,Investment Managers
BTOC,Armlogi Holding Corp. Common Stock,$0.283,-0.0045,-1.565%,12860391.00,United States,2024,397953,Consumer Discretionary,Office Equipment/Supplies/Services
BTOG,Bit Origin Limited Class A Ordinary Shares,$1.92,-0.12,-5.882%,2835537.00,United States,2019,129425,Finance,Finance: Consumer Services
BTQ,BTQ Technologies Corp. Common Stock,$3.11,-0.09,-2.813%,439476992.00,Canada,,1244856,,
BTSG,BrightSpring Health Services Inc. Common Stock,$54.83,1.89,3.57%,10632545762.00,United States,2024,1876832,Health Care,Medical/Nursing Services
BTSGU,BrightSpring Health Services Inc. Tangible Equity Unit,$181.72,6.58,3.757%,35238851285.00,United States,2024,5619,Health Care,Medical/Nursing Services
BTT,BlackRock Municipal 2030 Target Term Trust,$22.85,-0.04,-0.175%,0.00,United States,2012,88149,Finance,Investment Managers
BTTC,Black Titan Corporation Ordinary Shares,$1.39,0.02,1.46%,1849025.00,Malaysia,,26148,Health Care,Biotechnology: Biological Products (No Diagnostic Substances)
BTU,Peabody Energy Corporation Common Stock ,$23.59,-0.48,-1.994%,2874064744.00,United States,2017,2356679,Energy,Coal Mining
BTX,BlackRock Technology and Private Equity Term Trust Common Shares of Beneficial Interest,$8.15,0.05,0.617%,1921738818.00,United States,2021,654089,,
BTZ,BlackRock Credit Allocation Income Trust,$10.34,-0.01,-0.097%,1118115900.00,United States,2006,138713,Finance,Finance Companies
BUD,Anheuser-Busch Inbev SA Sponsored ADR (Belgium),$79.89,-0.36,-0.449%,143578307521.00,Belgium,,1288694,Consumer Staples,Beverages (Production/Distribution)
BUDA,Buda Juice Inc. Common Stock,$9.71,0.11,1.146%,122022327.00,,2026,1015,Consumer Staples,Beverages (Production/Distribution)
BUI,BlackRock Utility Infrastructure & Power Opportunities Trust,$27.42,-0.23,-0.832%,0.00,United States,2011,91314,Finance,Trusts Except Educational Religious and Charitable
BULL,Webull Corporation Class A Ordinary Shares,$7.03,-0.18,-2.497%,3738685215.00,United States,,8100926,Finance,Investment Bankers/Brokers/Service
BULLW,Webull Corporation Warrants,$2.37,0.01,0.424%,1260410236.00,United States,,250,Finance,Investment Bankers/Brokers/Service
BUR,Burford Capital Limited Ordinary Shares,$5.14,-0.02,-0.388%,1124691578.00,,2020,5043027,Finance,Finance: Consumer Services
BURL,Burlington Stores Inc. Common Stock,$304.51,-2.09,-0.682%,19132445822.00,United States,2013,501694,Consumer Discretionary,Department/Specialty Retail Stores
BURU,Nuburu Inc. Common Stock,$0.228,-0.0177,-7.204%,38645448.00,United States,,13125548,Miscellaneous,Industrial Machinery/Components
BUSE,First Busey Corporation Class A Common Stock,$26.61,0.02,0.075%,2275274133.00,United States,,451753,Finance,Major Banks
BUSEP,First Busey Corporation Depositary Shares Each Representing a 1/40thInterest in a Share of 8.25% Fixed-Rate Series B Non-Cumulative Perpetual Preferred Stock $0.001 par value,$25.99,0.02,0.077%,2222261357.00,United States,,13913,Finance,Major Banks
BUUU,BUUU Group Limited Class A Ordinary Share,$17.10,-1.28,-6.964%,285142500.00,Hong Kong,2025,17245,Consumer Discretionary,Services-Misc. Amusement & Recreation
BV,BrightView Holdings Inc. Common Stock,$12.97,-0.02,-0.154%,1208804000.00,United States,2018,1130900,Real Estate,Real Estate
BVC,BitVentures Limited Ordinary Shares,$9.20,-1.316,-12.514%,1545600000.00,China,2021,2102,,
BVFL,BV Financial Inc. Common Stock,$20.00,0.23,1.163%,175811360.00,United States,2023,19073,Finance,Savings Institutions
BVN,Buenaventura Mining Company Inc.,$35.36,1.43,4.215%,8980975617.00,Peru,1996,774435,Basic Materials,Metal Mining
BVS,Bioventus Inc. Class A Common Stock,$10.50,-0.15,-1.408%,877115243.00,United States,2021,360579,Health Care,Medical/Dental Instruments
BW,Babcock & Wilcox Enterprises Inc. Common Stock,$14.54,-0.30,-2.022%,1973685932.00,United States,2015,2542891,Industrials,Building Products
BW^A,Babcock & Wilcox Enterprises Inc. 7.75% Series A Cumulative Perpetual Preferred Stock,$21.81,0.35,1.631%,,United States,,22192,,
BWA,BorgWarner Inc. Common Stock,$61.32,3.14,5.397%,12577648182.00,United States,,3138444,Consumer Discretionary,Auto Parts:O.E.M.
BWAY,BrainsWay Ltd. American Depositary Shares,$17.17,0.46,2.753%,687367056.00,Israel,2019,93191,Health Care,Medical/Dental Instruments
BWB,Bridgewater Bancshares Inc. Common Stock,$18.52,0.01,0.054%,516399957.00,United States,2018,70733,Finance,Major Banks
BWBBP,Bridgewater Bancshares Inc. Depositary Shares Each Representing a 1/100th Interest in a Share of 5.875% Non-Cumulative Perpetual Preferred Stock Series A,$19.89,-0.065,-0.326%,554600170.00,United States,,6858,Finance,Major Banks
BWEN,Broadwind Inc. Common Stock,$2.14,0.03,1.422%,50084808.00,United States,,247684,Telecommunications,Metal Fabrications
BWFG,Bankwell Financial Group Inc. Common Stock,$52.36,0.45,0.867%,417475705.00,United States,2014,31941,Finance,Major Banks
BWG,BrandywineGLOBAL Global Income Opportunities Fund Inc.,$8.06,0.06,0.75%,0.00,United States,2012,156986,Finance,Finance/Investors Services
BWIN,The Baldwin Insurance Group Inc. Class A Common Stock,$20.18,-0.80,-3.813%,2877014673.00,United States,2019,1098568,Finance,Specialty Insurers
BWLP,BW LPG Limited Common Shares,$20.38,0.17,0.841%,3246167160.00,,2024,158200,Consumer Discretionary,Transportation Services
BWMN,Bowman Consulting Group Ltd. Common Stock,$34.77,0.02,0.058%,608743911.00,United States,2021,213945,Consumer Discretionary,Professional Services
BWMX,Betterware de Mexico S.A.P.I. de C.V. Ordinary Shares,$16.77,0.01,0.06%,624580538.00,Mexico,,84279,Consumer Discretionary,Catalog/Specialty Distribution
BWNB,Babcock & Wilcox Enterprises Inc. 6.50% Senior Notes due 2026,$25.00,0.00,0.00%,2527438550.00,United States,2021,2497,Industrials,Building Products
BWXT,BWX Technologies Inc. Common Stock,$205.33,-4.56,-2.173%,18811235879.00,United States,,1006602,Industrials,Industrial Machinery/Components
BX,Blackstone Inc. Common Stock,$123.77,1.44,1.177%,91859709818.00,United States,2007,3293309,Finance,Investment Managers
BXC,Bluelinx Holdings Inc. Common Stock,$52.39,-0.57,-1.076%,407719674.00,United States,2004,109197,Consumer Discretionary,Wholesale Distributors
BXMT,Blackstone Mortgage Trust Inc. Common Stock,$19.13,-0.02,-0.104%,3226915738.00,United States,,865811,Real Estate,Real Estate Investment Trusts
BXP,BXP Inc. Common Stock,$59.43,-0.03,-0.05%,9430112422.00,United States,1997,1836649,Real Estate,Real Estate Investment Trusts
BXSL,Blackstone Secured Lending Fund Common Shares of Beneficial Interest,$24.18,-0.18,-0.739%,0.00,,2021,2865124,Finance,Trusts Except Educational Religious and Charitable
BY,Byline Bancorp Inc. Common Stock,$33.16,-0.20,-0.60%,1505771028.00,United States,2017,230463,Finance,Major Banks
BYAH,Park Ha Biological Technology Co. Ltd. Class A Ordinary Shares,$1.40,0.17,13.821%,6848024.00,China,2024,117243,Consumer Discretionary,Package Goods/Cosmetics
BYD,Boyd Gaming Corporation Common Stock,$85.64,0.40,0.469%,6365634560.00,United States,1993,1067818,Consumer Discretionary,Hotels/Resorts
BYFC,Broadway Financial Corporation Class A Common Stock,$9.80,-0.04,-0.407%,91129700.00,United States,,2273,Finance,Savings Institutions
BYND,Beyond Meat Inc. Common Stock,$0.8331,-0.0597,-6.687%,386193153.00,United States,2019,77521464,Consumer Staples,Packaged Foods
BYRN,Byrna Technologies Inc. Common Stock,$5.33,-0.20,-3.617%,120914536.00,United States,,388281,Miscellaneous,Industrial Machinery/Components
BYSI,BeyondSpring Inc. Ordinary Shares,$1.49,0.07,4.93%,61268532.00,United States,2017,5909,Health Care,Biotechnology: Pharmaceutical Preparations
BZ,KANZHUN LIMITED American Depository Shares,$14.02,-0.22,-1.545%,6488535956.00,China,2021,4223546,Technology,Computer Software: Programming Data Processing
BZAI,Blaize Holdings Inc. Common Stock,$1.87,0.04,2.186%,230584129.00,United States,2025,8914695,Finance,Blank Checks
BZAIW,Blaize Holdings Inc. Warrants,$0.4799,0.0398,9.043%,59175039.00,United States,2025,257940,Finance,Blank Checks
BZFD,BuzzFeed Inc. Class A Common Stock,$0.823,0.0075,0.92%,30976672.00,United States,2021,248447,Consumer Discretionary,Telecommunications Equipment
BZFDW,BuzzFeed Inc. Warrant,$0.0199,0.0001,0.505%,749011.00,United States,2021,6295,Consumer Discretionary,Telecommunications Equipment
BZH,Beazer Homes USA Inc. Common Stock,$18.77,0.14,0.751%,513055895.00,United States,1994,357298,Consumer Discretionary,Homebuilding
BZUN,Baozun Inc. American Depositary Shares,$2.75,-0.01,-0.362%,159853070.00,China,2015,235970,Consumer Discretionary,Catalog/Specialty Distribution
C,Citigroup Inc. Common Stock,$125.55,-3.54,-2.742%,219404525976.00,United States,,17494526,Finance,Major Banks
C^N,Citigroup Capital XIII 7.875% Fixed rate Floating Rate trust Preferred Securities (TruPS),$29.37,-0.025,-0.085%,,United States,,113318,,
C^R,Citigroup Inc. Depositary Shares Each Representing a 1/1000th Interest in a Share of 6.250% Noncumulative Preferred Stock Series II,$24.98,0.00,0.00%,,United States,,111185,,
CAAP,Corporacion America Airports SA Common Shares,$25.23,-0.55,-2.133%,4168479054.00,,2018,140288,Consumer Discretionary,Aerospace
CAAS,China Automotive Systems Inc. Ordinary Share,$4.50,-0.04,-0.881%,135768159.00,China,,40855,Consumer Discretionary,Auto Parts:O.E.M.
CABA,Cabaletta Bio Inc. Common Stock,$3.88,-0.12,-3.00%,590552773.00,United States,2019,4661536,Health Care,Biotechnology: Biological Products (No Diagnostic Substances)
CABO,Cable One Inc. Common Stock,$62.39,1.62,2.666%,353929299.00,United States,2015,217690,Telecommunications,Cable & Other Pay Television Services
CABR,Caring Brands Inc. Common Stock,$0.8555,-0.0789,-8.444%,7649458.00,United States,,74741,Consumer Discretionary,Package Goods/Cosmetics
CAC,Camden National Corporation Common Stock,$49.30,0.68,1.399%,836924491.00,United States,,90747,Finance,Major Banks
CACC,Credit Acceptance Corporation Common Stock,$533.15,10.28,1.966%,5576786854.00,United States,1992,199006,Finance,Finance: Consumer Services
CACI,CACI International Inc. Class A Common Stock,$480.99,-8.89,-1.815%,10625696792.00,United States,,274371,Technology,EDP Services
CADL,Candel Therapeutics Inc. Common Stock,$8.35,0.56,7.189%,611806496.00,United States,2021,2529081,Health Care,Biotechnology: Biological Products (No Diagnostic Substances)
CAE,CAE Inc. Ordinary Shares,$26.94,-0.07,-0.259%,8669433785.00,Canada,,542703,Miscellaneous,Industrial Machinery/Components
CAEP,Cantor Equity Partners III Inc. Class A Ordinary Shares,$10.97,0.54,5.177%,0.00,United States,2025,20991,,
CAF,Morgan Stanley China A Share Fund Inc. Common Stock,$19.29,0.06,0.312%,0.00,United States,2006,48119,Finance,Investment Managers
CAG,ConAgra Brands Inc. Common Stock,$14.13,-0.23,-1.602%,6760317014.00,United States,,10364171,Consumer Staples,Packaged Foods
CAH,Cardinal Health Inc. Common Stock,$183.65,-1.63,-0.88%,43011905271.00,United States,,3260581,Health Care,Other Pharmaceuticals
CAI,Caris Life Sciences Inc. Common Stock,$16.15,-3.69,-18.599%,4565000102.00,United States,2025,8867821,Health Care,Medical Specialities
CAIIU,Collective Acquisition Corp. II Units,$9.96,0.00,0.00%,0.00,United States,2026,261416,,
CAKE,Cheesecake Factory Incorporated (The) Common Stock,$61.65,0.85,1.398%,3063102629.00,United States,1992,1743739,Consumer Discretionary,Restaurants
CAL,Caleres Inc. Common Stock,$13.50,0.23,1.733%,456870227.00,United States,,444458,Consumer Discretionary,Shoe Manufacturing
CALC,CalciMedica Inc. Common Stock,$0.629,-0.0064,-1.007%,9902923.00,United States,2023,57586,Health Care,Biotechnology: Pharmaceutical Preparations
CALM,Cal-Maine Foods Inc. Common Stock,$76.09,0.35,0.462%,3604884581.00,United States,1996,571081,Consumer Staples,Farming/Seeds/Milling
CALX,Calix Inc Common Stock,$43.24,-0.28,-0.643%,2757946609.00,United States,2010,541030,Consumer Discretionary,Telecommunications Equipment
CALY,Callaway Golf Company Common Stock,$17.52,2.75,18.619%,3188220764.00,United States,,8090471,Consumer Discretionary,Recreational Games/Products/Toys
CAMP,CAMP4 Therapeutics Corporation Common Stock,$4.46,0.12,2.765%,231589068.00,United States,2024,35700,,
CAMT,Camtek Ltd. Ordinary Shares,$205.54,12.46,6.453%,9567600683.00,Israel,2000,320970,Technology,Electronic Components
CAN,Canaan Inc. American Depositary Shares,$0.5095,-0.0055,-1.068%,392299624.00,China,2019,8120533,Technology,Semiconductors
CANF,Can-Fite Biopharma Ltd American Depositary Shares each representing two (2) Ordinary Shares,$3.51,-0.03,-0.847%,7520340.00,Israel,,29322,Health Care,Biotechnology: Pharmaceutical Preparations
CANG,Cango Inc. Class A Ordinary Shares,$0.6909,0.1409,25.618%,71707208.00,China,2025,3939645,Technology,Computer Software: Prepackaged Software
CAPL,CrossAmerica Partners LP Common Units representing limited partner interests,$21.68,0.36,1.689%,827185896.00,United States,2012,39865,Energy,Oil Refining/Marketing
CAPN,Cayson Acquisition Corp Ordinary shares,$11.00,0.00,0.00%,0.00,United States,2024,6,,
CAPNR,Cayson Acquisition Corp Right,$0.23,0.0108,4.927%,0.00,United States,2024,500,Finance,Blank Checks
CAPR,Capricor Therapeutics Inc. Common Stock,$30.38,-3.56,-10.489%,1757182299.00,United States,,3707506,Health Care,Biotechnology: Pharmaceutical Preparations
CAPS,Capstone Holding Corp. Common Stock,$0.37,-0.01,-2.632%,5341285.00,United States,,308616,Consumer Discretionary,RETAIL: Building Materials
CAQ,Cambridge Acquisition Corp. Class A Ordinary Shares,$9.86,0.00,0.00%,0.00,United States,2026,62,,
CAQUU,Cambridge Acquisition Corp. Unit,$9.965,0.00,0.00%,0.00,United States,2026,1,,
CAQUW,Cambridge Acquisition Corp. Warrants,$0.28,0.00,0.00%,0.00,United States,2026,7500,,
CAR,Avis Budget Group Inc. Common Stock,$145.75,-8.31,-5.394%,5148616710.00,United States,,1252503,Consumer Discretionary,Rental/Leasing Companies
CARE,Carter Bankshares Inc. Common Stock,$26.32,0.13,0.496%,583250674.00,United States,,271520,Finance,Major Banks
CARG,CarGurus Inc. Class A Common Stock ,$34.745,-3.415,-8.949%,3133542173.00,United States,2017,1907511,Technology,EDP Services
CARL,Carlsmed Inc. Common Stock,$9.80,0.05,0.513%,266412343.00,United States,2025,176163,Health Care,Medical/Dental Instruments
CARR,Carrier Global Corporation Common Stock ,$66.83,-0.39,-0.58%,55859446634.00,United States,2020,5032004,Industrials,Industrial Machinery/Components
CARS,Cars.com Inc. Common Stock ,$11.68,-0.65,-5.272%,678968001.00,United States,2017,1098539,Technology,EDP Services
CART,Maplebear Inc. Common Stock,$40.35,2.36,6.212%,9689589524.00,United States,2023,6083643,Real Estate,Real Estate
CASH,Pathward Financial Inc. Common Stock,$86.32,-1.23,-1.405%,1878641289.00,United States,1993,172508,Finance,Major Banks
CASS,Cass Information Systems Inc Common Stock,$47.655,0.035,0.073%,613374606.00,United States,,55475,Real Estate,Real Estate
CAST,FreeCast Inc. Class A Common Stock,$1.50,-0.27,-15.254%,61238670.00,United States,,270282,Technology,EDP Services
CASY,Casey's General Stores Inc. Common Stock,$859.49,8.54,1.004%,31765916695.00,United States,1983,257657,Consumer Discretionary,Retail-Auto Dealers and Gas Stations
CAT,Caterpillar Inc. Common Stock,$897.45,1.76,0.196%,413398698984.00,United States,,2029264,Industrials,Construction/Ag Equipment/Trucks
CATO,Cato Corporation (The) Class A Common Stock,$2.89,-0.01,-0.345%,56858106.00,United States,,5404,Consumer Discretionary,Clothing/Shoe/Accessory Stores
CATX,Perspective Therapeutics Inc. Common Stock,$3.76,0.16,4.444%,428706759.00,United States,,794761,Health Care,Medical/Dental Instruments
CATY,Cathay General Bancorp Common Stock,$57.45,0.46,0.807%,3847543641.00,United States,,296026,Finance,Major Banks
CAVA,CAVA Group Inc. Common Stock,$79.40,-5.07,-6.002%,9242928830.00,United States,2023,4020167,Consumer Discretionary,Restaurants
CB,Chubb Limited  Common Stock,$319.64,-1.64,-0.51%,123975604282.00,Switzerland,,926903,Finance,Property-Casualty Insurers
CBAN,Colony Bankcorp Inc. Common Stock,$19.85,0.05,0.253%,420270453.00,United States,,237004,Finance,Major Banks
CBAT,CBAK Energy Technology Inc. Common Stock,$0.79,0.0048,0.611%,70030210.00,China,,43719,Miscellaneous,Industrial Machinery/Components
CBC,Central Bancompany Inc. Class A Common Stock,$27.27,-0.10,-0.365%,6552792946.00,United States,,337550,,
CBFV,CB Financial Services Inc. Common Stock,$35.49,-0.26,-0.727%,180011775.00,United States,,2256,Finance,Major Banks
CBIO,Crescent Biopharma Inc. Common Stock,$18.76,0.76,4.222%,517249501.00,United States,2014,243230,Health Care,Biotechnology: Pharmaceutical Preparations
CBK,Commercial Bancgroup Inc. Common Stock,$29.11,0.00,0.00%,398748402.00,United States,2025,33363,Finance,Major Banks
CBL,CBL & Associates Properties Inc. Common Stock,$47.35,3.40,7.736%,1465235901.00,United States,2021,338846,Real Estate,Real Estate Investment Trusts
CBLL,CeriBell Inc. Common Stock,$20.20,-0.18,-0.883%,765024318.00,United States,2024,307268,Health Care,Biotechnology: Electromedical & Electrotherapeutic Apparatus
CBNA,Chain Bridge Bancorp Inc. Class A Common Stock,$37.20,-0.10,-0.268%,244099592.00,,2024,1272,Finance,Major Banks
CBNK,Capital Bancorp Inc. Common Stock,$31.55,0.02,0.063%,516468578.00,United States,2018,31289,Finance,Major Banks
CBOE,Cboe Global Markets Inc. Common Stock,$348.56,9.91,2.926%,38975543500.00,,2010,806982,Finance,Investment Bankers/Brokers/Service
CBRE,CBRE Group Inc Common Stock Class A,$146.33,-0.37,-0.252%,42847850005.00,United States,,1869277,Finance,Real Estate
CBRL,Cracker Barrel Old Country Store Inc Common Stock,$31.49,0.34,1.091%,703833714.00,United States,1981,1027887,Consumer Discretionary,Restaurants
CBSH,Commerce Bancshares Inc. Common Stock,$51.89,-0.59,-1.124%,7642564996.00,United States,,958909,Finance,Major Banks
CBT,Cabot Corporation Common Stock,$85.68,4.40,5.413%,4422923009.00,United States,,568689,Industrials,Major Chemicals
CBU,Community Financial System Inc. Common Stock,$63.96,0.09,0.141%,3360313147.00,United States,,111294,Finance,Major Banks
CBUS,Cibus Inc. Class A Common Stock,$1.44,-0.06,-4.00%,109937860.00,United States,2017,251192,Industrials,Agricultural Chemicals
CBZ,CBIZ Inc. Common Stock,$30.92,-0.75,-2.368%,1658818793.00,United States,,560387,Real Estate,Real Estate
CC,Chemours Company (The) Common Stock,$23.04,0.63,2.811%,3464702415.00,United States,2015,2881816,Industrials,Major Chemicals
CCAP,Crescent Capital BDC Inc. Common stock,$13.55,-0.05,-0.368%,500933812.00,United States,,81552,Finance,Finance: Consumer Services
CCB,Coastal Financial Corporation Common Stock,$72.86,-2.00,-2.672%,1109914413.00,United States,2018,168071,Finance,Major Banks
CCBG,Capital City Bank Group Common Stock,$46.82,0.23,0.494%,800687969.00,United States,,61602,Finance,Major Banks
CCC,CCC Intelligent Solutions Holdings Inc. Common Stock,$5.13,-0.08,-1.536%,3011004950.00,United States,,9250436,Technology,Computer Software: Prepackaged Software
CCCC,C4 Therapeutics Inc. Common Stock,$2.95,-0.03,-1.007%,310401472.00,United States,2020,1343961,Health Care,Biotechnology: Biological Products (No Diagnostic Substances)
CCD,Calamos Dynamic Convertible & Income Fund Common Stock,$24.97,0.17,0.685%,0.00,United States,,108414,Finance,Trusts Except Educational Religious and Charitable
CCEC,Capital Clean Energy Carriers Corp. Common Share,$20.39,0.00,0.00%,1212957323.00,Greece,2007,6437,Consumer Discretionary,Marine Transportation
CCEL,Cryo-Cell International Inc. Common Stock,$3.4532,-0.1268,-3.542%,27816044.00,United States,2022,4519,Health Care,Misc Health and Biotechnology Services
CCEP,Coca-Cola Europacific Partners plc Ordinary Shares,$94.57,1.07,1.144%,42933118689.00,United Kingdom,,1960390,Consumer Staples,Beverages (Production/Distribution)
CCG,Cheche Group Inc. Class A Ordinary Shares,$0.6698,0.0029,0.435%,55606837.00,China,,37132,Finance,Specialty Insurers
CCGWW,Cheche Group Inc. Warrant,$0.0237,0.00,0.00%,1967575.00,China,,1,Finance,Specialty Insurers
CCHH,CCH Holdings Ltd Ordinary Shares,$0.43,-0.02,-4.444%,8277500.00,Malaysia,2025,26289,Consumer Discretionary,Restaurants
CCI,Crown Castle Inc. Common Stock,$90.57,-0.50,-0.549%,39521790527.00,United States,,4123543,Real Estate,Real Estate Investment Trusts
CCID,Carlyle Credit Income Fund 7.375% Series D Term Preferred Shares due 2028,$25.39,0.1697,0.673%,0.00,,,1374,,
CCIF,Carlyle Credit Income Fund Shares of Beneficial Interest,$3.2601,-0.0399,-1.209%,0.00,,2019,170852,Finance,Finance/Investors Services
CCII,Cohen Circle Acquisition Corp. II Class A Ordinary Shares,$10.23,0.005,0.049%,0.00,United States,2025,15925,,
CCIIU,Cohen Circle Acquisition Corp. II Unit,$10.40,0.00,0.00%,0.00,United States,2025,31,,
CCIIW,Cohen Circle Acquisition Corp. II Warrant,$0.6498,0.0665,11.401%,0.00,United States,2025,980,,
CCIX,Churchill Capital Corp IX Ordinary Shares,$10.78,-0.025,-0.231%,0.00,United States,2024,13206,Technology,EDP Services
CCIXW,Churchill Capital Corp IX Warrant,$0.45,0.00,0.00%,0.00,United States,2024,13062,Technology,EDP Services
CCJ,Cameco Corporation Common Stock,$116.75,-1.96,-1.651%,50848475182.00,Canada,1996,2180237,Basic Materials,Other Metals and Minerals
CCK,Crown Holdings Inc.,$101.19,0.10,0.099%,11307640174.00,United States,,944819,Industrials,Containers/Packaging
CCL,Carnival Corporation Ltd. Common Shares,$26.38,-0.62,-2.296%,37671058097.00,United States,1987,29500459,Consumer Discretionary,Marine Transportation
CCLD,CareCloud Inc. Common Stock,$2.36,-0.11,-4.453%,100283360.00,United States,2014,1869048,Technology,Computer Software: Prepackaged Software
CCLDO,CareCloud Inc. 8.75% Series B Cumulative Redeemable Perpetual Preferred Stock,$27.47,0.01,0.036%,1167281309.00,United States,,17150,Technology,Computer Software: Prepackaged Software
CCM,Concord Medical Services Holdings Limited American Depositary Shares (Each represents thirty (30) Class A ordinary shares),$5.74,0.60,11.673%,24921490.00,China,2024,7492,Health Care,Medical/Nursing Services
CCNE,CNB Financial Corporation Common Stock,$31.18,0.21,0.678%,923832625.00,United States,,87217,Finance,Major Banks
CCNEP,CNB Financial Corporation Depositary Shares each representing a 1/40th ownership interest in a share of 7.125% Series A Fixed-Rate Non-Cumulative Perpetual Preferred Stock,$24.98,0.01,0.04%,740132745.00,United States,,608,Finance,Major Banks
CCO,Clear Channel Outdoor Holdings Inc. Common Stock,$2.39,0.00,0.00%,1216470579.00,United States,2005,7360536,Consumer Discretionary,Advertising
CCOI,Cogent Communications Holdings Inc.,$16.65,0.33,2.022%,833793089.00,United States,,1184510,Consumer Discretionary,Telecommunications Equipment
CCRN,Cross Country Healthcare Inc. Common Stock $0.0001 Par Value,$13.18,0.09,0.688%,424385548.00,United States,2001,1809716,Consumer Discretionary,Professional Services
CCS,Century Communities Inc. Common Stock,$55.01,0.50,0.917%,1582599523.00,United States,2014,390119,Consumer Discretionary,Homebuilding
CCSI,Consensus Cloud Solutions Inc. Common Stock,$34.00,5.71,20.184%,625530300.00,United States,,612525,Technology,Computer Software: Prepackaged Software
CCTG,CCSC Technology International Holdings Limited Class A Ordinary Shares,$0.5629,0.0024,0.428%,2202906.00,Hong Kong,2024,73238,Consumer Discretionary,Building Products
CCU,Compania Cervecerias Unidas S.A. Common Stock,$11.94,-0.09,-0.748%,882372854.00,Chile,,122735,Consumer Staples,Beverages (Production/Distribution)
CCXI,Churchill Capital Corp XI Class A Ordinary Shares,$10.20,-0.01,-0.098%,0.00,United States,2026,219,,
CCXIU,Churchill Capital Corp XI Units,$10.2511,0.0011,0.011%,0.00,United States,2025,947,Finance,Blank Checks
CCXIW,Churchill Capital Corp XI Warrants,$0.7198,-0.0002,-0.028%,0.00,United States,2026,2100,,
CCZ,Comcast Holdings ZONES,$64.70,-1.10,-1.672%,231226249109.00,United States,,1308,Telecommunications,Cable & Other Pay Television Services
CD,Chaince Digital Holdings Inc. Ordinary Shares,$6.29,0.27,4.485%,499487642.00,China,2015,136308,Finance,Finance: Consumer Services
CDE,Coeur Mining Inc. Common Stock,$18.56,0.44,2.428%,19200519817.00,United States,,18360515,Basic Materials,Precious Metals
CDIO,Cardio Diagnostics Holdings Inc. Common stock,$1.83,0.02,1.105%,5415828.00,United States,2022,46978,Health Care,Biotechnology: In Vitro & In Vivo Diagnostic Substances
CDIOW,Cardio Diagnostics Holdings Inc. Warrant,$0.0138,0.0001,0.73%,40841.00,United States,2022,11002,Health Care,Biotechnology: In Vitro & In Vivo Diagnostic Substances
CDLR,Cadeler A/S American Depositary Share (each representing four (4) Ordinary Shares),$29.57,0.76,2.638%,2594453940.00,,2023,73451,Consumer Discretionary,Marine Transportation
CDLX,Cardlytics Inc. Common Stock,$0.64,-0.1419,-18.148%,35245254.00,United States,2018,3914550,Technology,Computer Software: Programming Data Processing
CDNA,CareDx Inc. Common Stock,$21.82,0.38,1.772%,1127209875.00,United States,2014,691854,Health Care,Medical Specialities
CDNL,Cardinal Infrastructure Group Inc. Class A Common Stock,$54.09,2.79,5.439%,2318668403.00,United States,2025,505734,Industrials,Military/Government/Technical
CDNS,Cadence Design Systems Inc. Common Stock,$362.70,5.80,1.625%,100038463200.00,United States,,2317543,Technology,Computer Software: Prepackaged Software
CDP,COPT Defense Properties Common Shares of Beneficial Interest,$31.70,-0.12,-0.377%,3594047191.00,United States,,680756,Real Estate,Real Estate Investment Trusts
CDR^B,Cedar Realty Trust Inc. 7.25% Series B Cumulative Redeemable Preferred Stock,$21.61,-0.88,-3.913%,,United States,,3281,,
CDR^C,Cedar Realty Trust Inc. 6.50% Series C Cumulative Redeemable Preferred Stock,$20.95,-0.75,-3.456%,,United States,,4938,,
CDRE,Cadre Holdings Inc. Common Stock,$29.85,-0.06,-0.201%,1277503912.00,United States,2021,267075,Health Care,Industrial Specialties
CDRO,Codere Online Luxembourg S.A. Ordinary Shares,$9.00,-0.29,-3.122%,408520611.00,Luxembourg,,57104,Consumer Discretionary,Services-Misc. Amusement & Recreation
CDROW,Codere Online Luxembourg S.A. Warrants,$0.75,0.00,0.00%,34043384.00,Luxembourg,,24800,Consumer Discretionary,Services-Misc. Amusement & Recreation
CDT,CDT Equity Inc. Common Stock,$2.005,-0.075,-3.606%,9740992.00,United States,2022,37104,Health Care,Biotechnology: Pharmaceutical Preparations
CDTG,CDT Environmental Technology Investment Holdings Limited ordinary shares,$0.283,0.0046,1.652%,3827575.00,China,2024,80817,Industrials,Miscellaneous
CDTTW,CDT Equity Inc. Warrant,$0.0102,-0.0022,-17.742%,49555.00,United States,2022,49560,Health Care,Biotechnology: Pharmaceutical Preparations
CDW,CDW Corporation Common Stock,$104.79,-5.41,-4.909%,13387284130.00,United States,2013,2687821,Technology,Retail: Computer Software & Peripheral Equipment
CDXS,Codexis Inc. Common Stock,$2.85,0.27,10.465%,259055216.00,United States,2010,1825652,Industrials,Major Chemicals
CDZI,CADIZ Inc. Common Stock,$4.75,-0.04,-0.835%,397581109.00,United States,,842169,Utilities,Water Supply
CDZIP,Cadiz Inc. Depositary Shares,$20.91,0.775,3.849%,1750193890.00,United States,,9022,Utilities,Water Supply
CE,Celanese Corporation Common Stock,$57.17,-1.23,-2.106%,6269407355.00,United States,2005,2928014,Industrials,Major Chemicals
CECO,CECO Environmental Corp. Common Stock,$81.78,0.40,0.492%,2933696475.00,United States,1998,650959,Industrials,Pollution Control Equipment
CEE,The Central and Eastern Europe Fund Inc. (The) Common Stock,$20.81,0.07,0.338%,0.00,United States,,27762,Finance,Finance Companies
CEG,Constellation Energy Corporation Common Stock ,$303.63,-7.65,-2.458%,95130219657.00,United States,,2937944,Utilities,Electric Utilities: Central
CELC,Celcuity Inc. Common Stock,$131.06,0.35,0.268%,6335004626.00,United States,2017,799821,Health Care,Medical Specialities
CELH,Celsius Holdings Inc. Common Stock,$32.29,-1.97,-5.75%,8295174262.00,United States,,13602962,Consumer Staples,Beverages (Production/Distribution)
CELU,Celularity Inc. Class A Common Stock,$0.8799,-0.0276,-3.041%,25469551.00,United States,2019,126093,Health Care,Biotechnology: Pharmaceutical Preparations
CELUW,Celularity Inc. Warrant,$0.0078,0.00,0.00%,225778.00,United States,2019,19114,Health Care,Biotechnology: Pharmaceutical Preparations
CELZ,Creative Medical Technology Holdings Inc. Common Stock,$2.31,0.02,0.873%,8539303.00,United States,,68110,Finance,Finance: Consumer Services
CENN,Cenntro Inc. Common Stock,$4.05,0.04,0.998%,5934117.00,New Zealand,,6977,Industrials,Auto Manufacturing
CENT,Central Garden & Pet Company Common Stock,$38.14,-0.39,-1.012%,2374880123.00,United States,1993,47899,Consumer Discretionary,Consumer Specialties
CENTA,Central Garden & Pet Company Class A Common Stock Nonvoting,$34.24,-0.50,-1.439%,2132037111.00,United States,,323675,Consumer Discretionary,Consumer Specialties
CENX,Century Aluminum Company Common Stock,$58.91,-1.67,-2.757%,5830561109.00,United States,1996,2515082,Industrials,Aluminum
CEPF,Cantor Equity Partners IV Inc. Class A Ordinary Shares,$10.32,0.01,0.097%,0.00,United States,2025,224372,Finance,Blank Checks
CEPO,Cantor Equity Partners I Inc. Class A Ordinary Shares,$10.5711,0.0011,0.01%,0.00,United States,2025,16915,Finance,Blank Checks
CEPS,Cantor Equity Partners VI Inc. Class A Ordinary Shares,$10.16,0.01,0.099%,0.00,United States,2026,6633,Finance,Blank Checks
CEPT,Cantor Equity Partners II Inc. Class A Ordinary Share,$11.97,0.49,4.268%,0.00,United States,2025,648297,Finance,Blank Checks
CEPU,Central Puerto S.A. American Depositary Shares (each represents ten Common Shares),$14.11,-0.48,-3.29%,2135929780.00,,2018,326101,Utilities,Electric Utilities: Central
CEPV,Cantor Equity Partners V Inc. Class A Ordinary Shares,$10.25,0.01,0.098%,0.00,United States,2025,2038,,
CERS,Cerus Corporation Common Stock,$2.61,0.00,0.00%,522963022.00,United States,1997,2201404,Technology,EDP Services
CERT,Certara Inc. Common Stock,$6.31,0.00,0.00%,967481242.00,United States,2020,4853267,Technology,Computer Software: Prepackaged Software
CET,Central Securities Corporation Common Stock,$53.16,-0.14,-0.263%,12866059632.00,United States,1951,38308,Finance,Finance/Investors Services
CETX,Cemtrex Inc. Common Stock,$0.8904,0.0089,1.01%,8973530.00,United States,,338656,Technology,Electrical Products
CETY,Clean Energy Technologies Inc. Common Stock,$0.8501,-0.1599,-15.832%,10342407.00,United States,,128195,Consumer Discretionary,Metal Fabrications
CEV,Eaton Vance California Municipal Income Trust Shares of Beneficial Interest,$10.40,0.04,0.386%,73149180.00,United States,1999,20906,Finance,Finance/Investors Services
CEVA,CEVA Inc. Common Stock,$36.97,3.25,9.638%,1029960872.00,United States,,1050043,Technology,Computer Software: Programming Data Processing
CF,CF Industries Holdings Inc. Common Stock,$115.02,-3.66,-3.084%,17668962239.00,United States,2005,3065469,Industrials,Agricultural Chemicals
CFBK,CF Bankshares Inc. Common Stock,$27.43,0.07,0.256%,176180613.00,United States,,19951,Finance,Major Banks
CFFI,C&F Financial Corporation Common Stock,$74.47,-3.01,-3.885%,242459500.00,United States,,2039,Finance,Major Banks
CFFN,Capitol Federal Financial Inc. Common Stock,$7.85,0.03,0.384%,1019276750.00,United States,,691982,Finance,Savings Institutions
CFG,Citizens Financial Group Inc. Common Stock,$63.73,-0.49,-0.763%,26950266164.00,United States,2014,3749218,Finance,Major Banks
CFG^E,Citizens Financial Group Inc. Depositary Shares Each Representing 1/40th Interest in a Share of 5.000% Fixed-Rate Non-Cumulative Perpetual Preferred Stock Series E,$19.24,0.00,0.00%,,United States,,26629,,
CFG^H,Citizens Financial Group Inc. Depositary Shares Each Representing a 1/40th Interest in a Share of 7.375% Fixed-Rate Non-Cumulative Perpetual Preferred Stock Series H,$26.19,0.04,0.153%,,United States,,22956,,
CFG^I,Citizens Financial Group Inc. Depositary Shares Each Representing a 1/40th Interest in a Share of 6.500% Fixed-Rate Reset Non-Cumulative Perpetual Preferred Stock Series I,$25.24,0.17,0.678%,,United States,,8941,,
CFND,C1 Fund Inc. Common Stock,$3.48,-0.04,-1.136%,0.00,,2025,63103,,
CFR,Cullen/Frost Bankers Inc. Common Stock,$138.85,0.29,0.209%,8719370115.00,United States,,428534,Finance,Major Banks
CFR^B,Cullen/Frost Bankers Inc. Depositary Shares each representing a 1/40th ownership interest in a share of 4.450% non-cumulative perpetual preferred stock Series B,$17.1999,0.1399,0.82%,,United States,,8565,,
CFTR^A,Cantor Fitzgerald Income Trust Inc. 9.50% Series A Cumulative Redeemable Preferred Stock,$25.00,0.05,0.20%,,,,3479,,
CG,The Carlyle Group Inc. Common Stock,$50.63,1.62,3.305%,18218659405.00,United States,2012,5135614,Finance,Investment Managers
CGABL,The Carlyle Group Inc. 4.625% Subordinated Notes due 2061,$17.15,0.30,1.78%,6203239155.00,United States,,36304,Finance,Investment Managers
CGAU,Centerra Gold Inc. Common Shares,$18.39,0.60,3.373%,3659908672.00,Canada,2021,2026658,Basic Materials,Precious Metals
CGBD,Carlyle Secured Lending Inc. Common Stock,$11.52,-0.26,-2.207%,807850863.00,United States,2017,787129,Finance,Finance: Consumer Services
CGC,Canopy Growth Corporation Common Shares,$1.11,-0.02,-1.77%,457809543.00,Canada,,4491147,Health Care, Medicinal Chemicals and Botanical Products 
CGCT,Cartesian Growth Corporation III Class A Ordinary Shares,$10.38,-0.02,-0.192%,0.00,United States,2025,49874,Finance,Blank Checks
CGCTU,Cartesian Growth Corporation III Unit,$11.30,0.00,0.00%,0.00,United States,2025,1468,Finance,Blank Checks
CGCTW,Cartesian Growth Corporation III Warrant,$1.10,-0.10,-8.333%,0.00,United States,2025,124938,Finance,Blank Checks
CGEM,Cullinan Therapeutics Inc. Common Stock,$14.55,-0.17,-1.155%,894117579.00,United States,2021,625154,Health Care,Biotechnology: Biological Products (No Diagnostic Substances)
CGEN,Compugen Ltd. Ordinary Shares,$2.90,0.04,1.399%,274206968.00,Israel,2000,335677,Health Care,Biotechnology: Biological Products (No Diagnostic Substances)
CGNT,Cognyte Software Ltd. Ordinary Shares,$11.11,0.11,1.00%,807429860.00,Israel,,632211,Technology,Computer Software: Prepackaged Software
CGNX,Cognex Corporation Common Stock,$65.66,-0.26,-0.394%,10966129785.00,United States,1989,4256088,Industrials,Industrial Machinery/Components
CGO,Calamos Global Total Return Fund Common Stock,$13.52,0.10,0.745%,0.00,United States,2005,16082,Finance,Investment Managers
CGON,CG Oncology Inc. Common stock,$69.62,0.44,0.636%,6127254808.00,United States,2024,1143070,Health Care,Biotechnology: Biological Products (No Diagnostic Substances)
CGTL,Creative Global Technology Holdings Limited Class A Ordinary Shares,$1.10,0.01,0.917%,28297500.00,China,2024,34004,Technology,Retail: Computer Software & Peripheral Equipment
CGTX,Cognition Therapeutics Inc. Common Stock,$1.21,0.05,4.31%,108118065.00,United States,2021,693508,Health Care,Biotechnology: Biological Products (No Diagnostic Substances)
CHA,Chagee Holdings Limited American Depositary Shares,$10.48,-0.51,-4.641%,1999199656.00,China,2025,664996,Consumer Discretionary,Restaurants
CHAI,Core AI Holdings Inc. Common Shares,$1.19,-0.12,-9.16%,23707683.00,Canada,2020,70167,Telecommunications,Telecommunications Equipment
CHAR,Charlton Aria Acquisition Corporation Class A Ordinary Shares,$10.7398,-0.0302,-0.28%,0.00,United States,2024,517,,
CHARR,Charlton Aria Acquisition Corporation Rights,$0.0721,0.00,0.00%,0.00,United States,2024,14,,
CHCI,Comstock Holding Companies Inc. Class A Common Stock,$17.05,-0.32,-1.842%,174919837.00,United States,2004,3708,Finance,Real Estate
CHCO,City Holding Company Common Stock,$123.01,0.28,0.228%,1735814530.00,United States,,102003,Finance,Major Banks
CHCT,Community Healthcare Trust Incorporated Common Stock,$17.58,-0.10,-0.566%,502292121.00,United States,2015,255415,Real Estate,Real Estate Investment Trusts
CHD,Church & Dwight Company Inc. Common Stock,$93.44,-0.44,-0.469%,22140010171.00,United States,,1620771,Consumer Discretionary,Package Goods/Cosmetics
CHDN,Churchill Downs Incorporated Common Stock,$88.13,-0.72,-0.81%,6142388502.00,United States,,791892,Consumer Discretionary,Services-Misc. Amusement & Recreation
CHE,Chemed Corp,$424.26,-1.56,-0.366%,5631671363.00,United States,,152458,Health Care,Medical/Nursing Services
CHEC,Chenghe Acquisition III Co. Class A Ordinary Share,$10.11,0.00,0.00%,0.00,Singapore,2025,99,,
CHECW,Chenghe Acquisition III Co. Warrants,$0.1925,-0.0005,-0.259%,0.00,Singapore,2025,200,,
CHEF,The Chefs' Warehouse Inc. Common Stock,$81.71,1.37,1.705%,3331940066.00,United States,2011,356860,Consumer Discretionary,Food Distributors
CHGG,Chegg Inc. Common Stock,$1.16,-0.12,-9.375%,129872106.00,United States,2013,4219405,Real Estate,Other Consumer Services
CHH,Choice Hotels International Inc. Common Stock,$106.58,0.05,0.047%,4848909644.00,United States,,444956,Consumer Discretionary,Hotels/Resorts
CHI,Calamos Convertible Opportunities and Income Fund Common Stock,$12.47,0.12,0.972%,0.00,United States,2002,114904,Finance,Investment Managers
CHKP,Check Point Software Technologies Ltd. Ordinary Shares,$114.93,-0.63,-0.545%,12136152303.00,Israel,1996,2015285,Technology,Computer Software: Prepackaged Software
CHMG,Chemung Financial Corp Common Stock,$68.00,-0.90,-1.306%,327721920.00,United States,,30701,Finance,Major Banks
CHMI,Cherry Hill Mortgage Investment Corporation Common Stock,$2.59,0.00,0.00%,95155403.00,,2013,86774,Real Estate,Real Estate Investment Trusts
CHMI^A,Cherry Hill Mortgage Investment Corporation 8.20% Series A Cumulative Redeemable Preferred Stock,$21.10,0.15,0.716%,,,,1430,,
CHMI^B,Cherry Hill Mortgage Investment Corporation 8.250% Series B Fixed-to-Floating Rate Cumulative Redeemable Preferred Stock,$23.1501,-0.1669,-0.716%,,,,3740,,
CHNR,China Natural Resources Inc. Common Stock,$4.30,0.00,0.00%,5302850.00,Hong Kong,,9882,Basic Materials,Precious Metals
CHOW,ChowChow Cloud International Holdings Limited Ordinary Shares,$0.4266,0.0036,0.851%,14973660.00,,2025,67898,Technology,Computer Software: Prepackaged Software
CHPG,ChampionsGate Acquisition Corporation Class A Ordinary Share,$10.33,0.005,0.048%,0.00,United States,2025,310,,
CHPGR,ChampionsGate Acquisition Corporation Rights,$0.16,0.00,0.00%,0.00,United States,2025,25000,,
CHPT,ChargePoint Holdings Inc. Common Stock,$6.24,0.08,1.299%,152357313.00,United States,2019,522222,Consumer Discretionary,Industrial Specialties
CHR,Cheer Holding Inc. Class A Ordinary Share,$1.75,-0.06,-3.315%,3608645.00,China,2018,18520,Technology,EDP Services
CHRD,Chord Energy Corporation Common Stock,$136.44,-1.31,-0.951%,7734251620.00,United States,,689948,Energy,Oil & Gas Production
CHRN,ChronoScale Corporation Common Stock,$15.57,0.57,3.80%,55481842.00,United States,,370519,Industrials,Industrial Machinery/Components
CHRS,Coherus Oncology Inc. Common Stock,$1.75,-0.01,-0.568%,269880816.00,United States,2014,676087,Health Care,Biotechnology: Biological Products (No Diagnostic Substances)
CHRW,C.H. Robinson Worldwide Inc. Common Stock,$171.39,0.02,0.012%,20202260668.00,United States,1997,1060995,Industrials,Integrated Freight & Logistics
CHSCL,CHS Inc Class B Cumulative Redeemable Preferred Stock Series 4,$25.84,0.12,0.467%,317108558.00,United States,,21533,Industrials,Farming/Seeds/Milling
CHSCM,CHS Inc Class B Reset Rate Cumulative Redeemable Preferred Stock Series 3,$25.01,0.05,0.20%,306922795.00,United States,,47619,Industrials,Farming/Seeds/Milling
CHSCN,CHS Inc Preferred Class B Series 2 Reset Rate,$25.35,0.005,0.02%,311095276.00,United States,,13042,Industrials,Farming/Seeds/Milling
CHSCO,CHS Inc. Class B Cumulative Redeemable Preferred Stock,$26.23,0.09,0.344%,321894639.00,United States,,15286,Industrials,Farming/Seeds/Milling
CHSCP,CHS Inc. 8%  Cumulative Redeemable Preferred Stock,$27.845,0.095,0.342%,341713924.00,United States,,5219,Industrials,Farming/Seeds/Milling
CHSN,Chanson International Holding Class A Ordinary Shares,$1.48,-0.35,-19.126%,5386885.00,China,2023,958573,Consumer Staples,Packaged Foods
CHT,Chunghwa Telecom Co. Ltd.,$43.81,0.45,1.038%,33985373292.00,Taiwan,,92162,Telecommunications,Telecommunications Equipment
CHTR,Charter Communications Inc. Class A Common Stock New,$154.86,-5.38,-3.357%,21523145400.00,United States,,3080954,Telecommunications,Cable & Other Pay Television Services
CHW,Calamos Global Dynamic Income Fund Common Stock,$8.79,0.07,0.803%,0.00,United States,2007,131189,Finance,Investment Managers
CHWY,Chewy Inc. Class A Common Stock,$22.97,-0.70,-2.957%,9571069863.00,United States,2019,13911047,Consumer Discretionary,Catalog/Specialty Distribution
CHY,Calamos Convertible and High Income Fund Common Stock,$12.84,0.07,0.548%,0.00,United States,2003,181542,Finance,Investment Managers
CHYM,Chime Financial Inc. Class A Common Stock,$18.425,-0.585,-3.077%,7037766646.00,United States,2025,7570968,Finance,Finance: Consumer Services
CI,The Cigna Group Common Stock,$288.06,4.02,1.415%,76201204296.00,United States,,1659188,Health Care,Medical Specialities
CIA,Citizens Inc. Class A Common Stock ($1.00 Par),$5.24,-0.42,-7.42%,264900675.00,United States,1994,96042,Finance,Life Insurance
CIB,Grupo Cibest S.A. American Depositary Shares each representing four Preferred Shares,$65.27,0.12,0.184%,8307290356.00,Colombia,2025,227279,Finance,Commercial Banks
CICB,CION Investment Corporation 7.50% Notes due 2029,$25.01,0.05,0.20%,0.00,United States,2024,5151,Finance,Finance/Investors Services
CICC,CION Investment Corporation 7.50% Notes due 2031,$25.04,-0.09,-0.358%,0.00,United States,2026,2000,Finance,Finance/Investors Services
CIEN,Ciena Corporation Common Stock,$548.11,9.35,1.735%,77501891823.00,United States,1997,1501199,Utilities,Telecommunications Equipment
CIF,MFS Intermediate High Income Fund Common Stock,$1.635,0.005,0.307%,0.00,United States,,52375,Finance,Trusts Except Educational Religious and Charitable
CIFR,Cipher Digital Inc. Common Stock,$20.55,-0.135,-0.653%,8405960998.00,United States,2020,24439699,Finance,Finance: Consumer Services
CIG,Comp En De Mn Cemig ADS American Depositary Shares,$2.41,0.02,0.837%,6896894367.00,Brazil,,5903940,Utilities,Electric Utilities: Central
CIGI,Colliers International Group Inc. Subordinate Voting Shares,$98.63,-4.88,-4.715%,5040369865.00,Canada,,395394,Finance,Real Estate
CII,BlackRock Enhanced Large Cap Core Fund Inc. Common Stock,$24.74,0.21,0.856%,3680383533.00,United States,2004,128084,Finance,Investment Bankers/Brokers/Service
CIIT,Tianci International Inc. Common Stock,$1.42,-0.10,-6.579%,5138848.00,Hong Kong,,11522,Energy,Oil & Gas Production
CIK,Credit Suisse Asset Management Income Fund Inc. Common Stock,$2.59,0.03,1.172%,0.00,United States,,822988,Finance,Finance/Investors Services
CIM,Chimera Investment Corporation Common Stock,$13.64,0.10,0.739%,1140925588.00,United States,2007,778634,Real Estate,Real Estate Investment Trusts
CIM^A,Chimera Investment Corporation 8.00% Series A Cumulative Redeemable Preferred Stock,$21.57,0.22,1.03%,,United States,,5800,,
CIM^B,Chimera Investment Corporation 8.00% Series B Fixed-to-Floating Rate Cumulative Redeemable Preferred Stock,$24.62,0.10,0.408%,,United States,,63369,,
CIM^C,Chimera Investment Corporation 7.75% Series C Fixed-to-Floating Rate  Cumulative Redeemable  Preferred Stock,$23.35,0.19,0.82%,,United States,,23123,,
CIM^D,Chimera Investment Corporation 8.00% Series D Fixed-to-Floating Rate Cumulative Redeemable Preferred Stock,$24.54,0.065,0.266%,,United States,,7257,,
CIMN,Chimera Investment Corporation 9.000% Senior Notes due 2029,$25.34,0.03,0.119%,2040647837.00,United States,2024,10396,Real Estate,Real Estate Investment Trusts
CIMO,Chimera Investment Corporation 9.250% Senior Notes due 2029,$25.28,-0.02,-0.079%,0.00,United States,2024,7490,Real Estate,Real Estate Investment Trusts
CIMP,Chimera Investment Corporation 8.875% Senior Notes due 2030,$25.215,0.0549,0.218%,0.00,United States,2025,10679,Real Estate,Real Estate Investment Trusts
CINF,Cincinnati Financial Corporation Common Stock,$161.50,-0.55,-0.339%,24981908833.00,United States,,664644,Finance,Property-Casualty Insurers
CING,Cingulate Inc. Common Stock,$5.27,0.04,0.765%,64560472.00,United States,2021,256181,Health Care,Biotechnology: Pharmaceutical Preparations
CINGW,Cingulate Inc. Warrants,$0.017,0.00,0.00%,208260.00,United States,2021,23372,Health Care,Biotechnology: Pharmaceutical Preparations
CINT,CI&T Inc Class A Common Shares,$3.89,-0.10,-2.506%,501381139.00,,2021,254393,Technology,EDP Services
CION,CION Investment Corporation Common Stock,$7.29,-0.10,-1.353%,362963341.00,United States,2021,824994,Finance,Finance/Investors Services
CISO,CISO Global Inc. Common Stock,$0.2982,0.0172,6.121%,13512437.00,United States,,389014,Consumer Discretionary,Professional Services
CISS,C3is Inc. Common Stock,$3.29,-0.03,-0.904%,1738123.00,Greece,,14279,Consumer Discretionary,Marine Transportation
CITR,CitroTech Inc. Common Stock,$6.97,0.15,2.199%,133477131.00,,,13656,Industrials,Environmental Services
CIVB,Civista Bancshares Inc. Common Stock,$24.99,0.01,0.04%,517682469.00,United States,,38231,Finance,Major Banks
CIX,CompX International Inc. Common Stock,$23.75,0.00,0.00%,292672604.00,United States,1998,964,Consumer Discretionary,Industrial Machinery/Components
CJMB,Callan JMB Inc. Common Stock,$1.14,0.00,0.00%,6415200.00,United States,2025,7681,Real Estate,Real Estate
CKX,CKX Lands Inc. Common Stock,$10.86,0.1399,1.305%,22296981.00,United States,2003,246,Energy,Oil & Gas Production
CL,Colgate-Palmolive Company Common Stock,$87.55,0.19,0.217%,70056574091.00,United States,,4435356,Consumer Discretionary,Package Goods/Cosmetics
CLAR,Clarus Corporation Common Stock,$3.01,0.12,4.152%,115708873.00,United States,,587901,Consumer Discretionary,Recreational Games/Products/Toys
CLB,Core Laboratories Inc. Common Stock,$13.13,-0.32,-2.379%,605249435.00,Netherlands,2023,486730,Energy,Oilfield Services/Equipment
CLBK,Columbia Financial Inc. Common Stock,$19.51,0.20,1.036%,2031349555.00,United States,2018,460817,Finance,Savings Institutions
CLBR,Colombier Acquisition Corp. III Class A Ordinary Shares,$10.10,0.01,0.099%,0.00,,2026,186,,
CLBT,Cellebrite DI Ltd. Ordinary Shares,$13.62,-0.19,-1.376%,3397370308.00,Israel,,1616935,Technology,Computer Software: Prepackaged Software
CLDI,Calidi Biotherapeutics Inc. Common Stock,$0.2105,-0.006,-2.771%,3205626.00,,2021,1191523,Health Care,Biotechnology: Biological Products (No Diagnostic Substances)
CLDT,Chatham Lodging Trust (REIT) Common Shares of Beneficial Interest,$9.92,-0.04,-0.402%,466636473.00,United States,2010,386407,Real Estate,Real Estate Investment Trusts
CLDT^A,Chatham Lodging Trust (REIT) 6.625% Series A Cumulative Redeemable Preferred Shares of Beneficial Interest,$20.44,-0.16,-0.777%,,United States,,11668,,
CLDX,Celldex Therapeutics Inc.,$33.97,0.65,1.951%,2666375686.00,United States,,794159,Health Care,Biotechnology: In Vitro & In Vivo Diagnostic Substances
CLF,Cleveland-Cliffs Inc. Common Stock,$11.02,0.37,3.474%,6285969520.00,United States,,10749822,Basic Materials,Metal Mining
CLFD,Clearfield Inc. Common Stock,$40.04,2.55,6.802%,547963856.00,United States,,910044,Utilities,Telecommunications Equipment
CLGN,CollPlant Biotechnologies Ltd Ordinary Shares,$0.4022,0.0093,2.367%,5797764.00,Israel,,20418,Health Care,Industrial Specialties
CLH,Clean Harbors Inc. Common Stock,$291.15,8.78,3.109%,15386122217.00,United States,,1198074,Industrials,Environmental Services
CLIK,Click Holdings Limited Class A Ordinary Share,$2.23,0.02,0.905%,7276564.00,Hong Kong,2024,30974,Consumer Discretionary,Diversified Commercial Services
CLIR,ClearSign Technologies Corporation Common Stock (DE),$4.54,-0.29,-6.004%,24557464.00,United States,2012,26180,Industrials,Industrial Machinery/Components
CLLS,Cellectis S.A. American Depositary Shares,$3.85,-0.01,-0.259%,279475327.00,France,2015,35985,Health Care,Biotechnology: Pharmaceutical Preparations
CLM,Cornerstone Strategic Investment Fund Inc. Common Shares,$7.69,0.02,0.261%,0.00,United States,2003,1144885,Finance,Finance/Investors Services
CLMB,Climb Global Solutions Inc. Common Stock,$20.12,-0.14,-0.691%,374175664.00,United States,,166622,Technology,Retail: Computer Software & Peripheral Equipment
CLMT,Calumet Inc. Common Stock,$32.08,-2.53,-7.31%,2792261101.00,United States,2006,2220789,Energy,Integrated oil Companies
CLNE,Clean Energy Fuels Corp. Common Stock,$2.21,-0.10,-4.329%,486696441.00,United States,2007,2308356,Utilities,Natural Gas Distribution
CLNN,Clene Inc. Common Stock,$7.28,-0.11,-1.488%,85746075.00,United States,,184252,Health Care,Biotechnology: Pharmaceutical Preparations
CLOV,Clover Health Investments Corp. Class A Common Stock,$3.12,0.30,10.638%,1640290426.00,United States,,10368186,Health Care,Medical Specialities
CLPR,Clipper Realty Inc. Common Stock,$3.07,-0.05,-1.603%,49603728.00,United States,2017,46058,Real Estate,Real Estate Investment Trusts
CLPS,CLPS Incorporation Common Stock,$0.9001,-0.0059,-0.651%,26772081.00,China,2018,13308,Technology,Computer Software: Prepackaged Software
CLPT,ClearPoint Neuro Inc. Common Stock,$12.82,1.14,9.76%,384420725.00,United States,,1235121,Health Care,Medical/Dental Instruments
CLRB,Cellectar Biosciences Inc.  Common Stock,$3.10,-0.20,-6.061%,13048387.00,United States,,673217,Health Care,Biotechnology: Pharmaceutical Preparations
CLRO,ClearOne Inc. Common Stock,$3.1701,0.00,0.00%,8481324.00,United States,,33723,Utilities,Telecommunications Equipment
CLS,Celestica Inc. Common Stock,$375.55,-9.66,-2.508%,43178150334.00,Canada,1998,2535359,Technology,Electrical Products
CLSK,CleanSpark Inc. Common Stock,$14.20,0.22,1.574%,3631691365.00,United States,,15811796,Finance,Finance: Consumer Services
CLSKW,CleanSpark Inc. Warrant,$0.304,-0.0026,-0.848%,77748886.00,United States,,91412,Finance,Finance: Consumer Services
CLST,Catalyst Bancorp Inc. Common Stock,$16.04,-0.13,-0.804%,65095084.00,United States,2021,4418,Finance,Savings Institutions
CLVT,Clarivate Plc Ordinary Shares,$2.78,-0.01,-0.358%,1777021898.00,United Kingdom,2019,4117378,Technology,EDP Services
CLW,Clearwater Paper Corporation Common Stock,$13.67,0.01,0.073%,220432209.00,United States,,129277,Basic Materials,Paper
CLWT,Euro Tech Holdings Company Limited Common Stock,$1.17,-0.08,-6.40%,8671413.00,Hong Kong,1997,8110,Consumer Discretionary,Professional and commerical equipment
CLX,Clorox Company (The) Common Stock,$92.16,0.05,0.054%,11144111708.00,United States,,3308148,Consumer Discretionary,Specialty Chemicals
CLYM,Climb Bio Inc. Common Stock,$11.37,-0.54,-4.534%,543128334.00,United States,2021,1139390,Health Care,Biotechnology: Pharmaceutical Preparations
CM,Canadian Imperial Bank of Commerce Common Stock,$110.01,-0.50,-0.452%,101267976473.00,Canada,,919290,Finance,Commercial Banks
CMBT,CMB.TECH NV Ordinary Shares,$14.83,0.07,0.474%,4685948505.00,,2015,886324,Consumer Discretionary,Marine Transportation
CMC,Commercial Metals Company Common Stock,$70.96,0.44,0.624%,7868568769.00,United States,,567628,Industrials,Steel/Iron Ore
CMCL,Caledonia Mining Corporation Plc Common Shares,$23.92,0.57,2.441%,461967630.00,Canada,,88825,Basic Materials,Precious Metals
CMCM,Cheetah Mobile Inc. American Depositary Shares each representing fifty (50) Class A Ordinary Shares,$5.32,-0.01,-0.188%,4146386411.00,China,2022,13313,Technology,Computer Software: Prepackaged Software
CMCO,Columbus McKinnon Corporation Common Stock,$15.93,0.13,0.823%,457818100.00,United States,1996,188232,Industrials,Construction/Ag Equipment/Trucks
CMCSA,Comcast Corporation Class A Common Stock,$25.40,-0.84,-3.201%,90775065338.00,United States,,36583904,Telecommunications,Cable & Other Pay Television Services
CMCT,Creative Media & Community Trust Corporation Common stock,$6.00,-0.52,-7.975%,1619814.00,United States,,75354,Real Estate,Real Estate Investment Trusts
CMDB,Costamare Bulkers Holdings Limited Common Stock,$19.34,0.59,3.147%,467650328.00,,2025,43206,Consumer Discretionary,Marine Transportation
CME,CME Group Inc. Class A Common Stock,$281.25,-5.60,-1.952%,101913566344.00,United States,2002,2308668,Finance,Investment Bankers/Brokers/Service
CMG,Chipotle Mexican Grill Inc. Common Stock,$32.49,-0.78,-2.344%,41676027660.00,United States,2006,12935954,Consumer Discretionary,Restaurants
CMI,Cummins Inc. Common Stock,$679.55,-3.33,-0.488%,93770470480.00,United States,,907216,Industrials,Industrial Machinery/Components
CMII,Columbus Circle Capital Corp II Class A Ordinary Shares,$9.89,0.00,0.00%,0.00,United States,2026,1,Finance,Blank Checks
CMIIW,Columbus Circle Capital Corp II Warrant,$0.34,0.00,0.00%,0.00,United States,2026,3,Finance,Blank Checks
CMMB,Chemomab Therapeutics Ltd. American Depositary Share,$1.77,0.03,1.724%,12730313.00,Israel,2019,32611,Health Care,Biotechnology: Pharmaceutical Preparations
CMND,Clearmind Medicine Inc. Common Shares,$0.5508,-0.0117,-2.08%,1150514.00,Canada,,367524,Health Care,Biotechnology: Pharmaceutical Preparations
CMP,Compass Minerals Intl Inc Common Stock,$27.93,-0.31,-1.098%,1169241215.00,United States,2003,721923,Industrials,Mining & Quarrying of Nonmetallic Minerals (No Fuels)
CMPR,Cimpress plc Ordinary Shares (Ireland),$91.67,-0.31,-0.337%,2221355690.00,Netherlands,2005,151680,Consumer Discretionary,Publishing
CMPS,COMPASS Pathways Plc American Depository Shares,$9.91,0.52,5.538%,1277629853.00,United Kingdom,2020,3526854,Health Care,Biotechnology: Pharmaceutical Preparations
CMPX,Compass Therapeutics Inc. Common Stock,$1.83,0.02,1.105%,329560884.00,United States,,6495734,Health Care,Biotechnology: Biological Products (No Diagnostic Substances)
CMRC,Commerce.com Inc. Series 1 Common Stock,$3.10,-0.46,-12.921%,255180313.00,United States,2020,1827654,Technology,Computer Software: Prepackaged Software
CMRE,Costamare Inc. Common Stock $0.0001 par value,$17.62,0.23,1.323%,2124773934.00,Greece,2010,489508,Consumer Discretionary,Marine Transportation
CMRE^B,Costamare Inc. Perpetual Preferred Stock Series B (Marshall Islands),$25.85,0.20,0.78%,,Greece,,284,,
CMRE^C,Costamare Inc. Perpetual Preferred Series C (Marshall Islands),$26.39,0.21,0.802%,,Greece,,8420,,
CMRE^D,Costamare Inc. 8.75% Series D Cumulative Redeemable Perpetual Preferred Stock,$27.07,0.23,0.857%,,Greece,,8425,,
CMS,CMS Energy Corporation Common Stock,$72.61,-1.35,-1.825%,22430652301.00,United States,,2307389,Utilities,Power Generation
CMS^B,CMS Energy Corporation Preferred Stock,$78.8001,-1.1999,-1.50%,,United States,,510,,
CMS^C,CMS Energy Corporation Depositary Shares each representing a 1/1000th interest in a share of 4.200% Cumulative Redeemable Perpetual Preferred Stock Series C,$17.29,0.09,0.523%,,United States,,13661,,
CMSA,CMS Energy Corporation 5.625% Junior Subordinated Notes due 2078,$22.1999,0.1499,0.68%,6645217301.00,United States,2018,27823,Utilities,Power Generation
CMSC,CMS Energy Corporation 5.875% Junior Subordinated Notes due 2078,$23.11,0.14,0.609%,6917642504.00,United States,2018,16567,Utilities,Power Generation
CMSD,CMS Energy Corporation 5.875% Junior Subordinated Notes due 2079,$23.5337,0.1137,0.485%,7044470939.00,United States,2019,31921,Utilities,Power Generation
CMT,Core Molding Technologies Inc Common Stock,$26.00,1.04,4.167%,239279170.00,United States,1996,36988,Industrials,Plastic Products
CMTG,Claros Mortgage Trust Inc. Common Stock,$2.42,-0.10,-3.968%,339329409.00,United States,2021,795749,Finance,Real Estate
CMTL,Comtech Telecommunications Corp. Common Stock,$3.93,0.19,5.08%,116855088.00,United States,,146931,Technology,Radio And Television Broadcasting And Communications Equipment
CMTV,Community Bancorp. Common Stock,$39.64,-0.76,-1.881%,221216887.00,United States,,6436,Finance,Major Banks
CMU,MFS Municipal Income Trust Common Stock,$3.5312,0.0012,0.034%,100022349.00,United States,1987,131148,Finance,Investment Managers
CNA,CNA Financial Corporation Common Stock,$43.54,-0.18,-0.412%,11778938245.00,United States,,445264,Finance,Property-Casualty Insurers
CNC,Centene Corporation Common Stock,$55.96,0.98,1.782%,27632880120.00,United States,,5295564,Health Care,Medical Specialities
CNCK,Coincheck Group N.V. Ordinary Shares,$1.82,0.03,1.676%,247387362.00,Netherlands,,57638,Finance,Finance: Consumer Services
CNCKW,Coincheck Group N.V. Warrants,$0.22,0.04,22.222%,29903967.00,Netherlands,,3521,Finance,Finance: Consumer Services
CNDT,Conduent Incorporated Common Stock ,$1.76,-0.07,-3.825%,272970393.00,United States,,1088443,Real Estate,Real Estate
CNET,ZW Data Action Technologies Inc. Common Stock,$0.7475,0.0475,6.786%,2443151.00,China,,26812,Technology,Computer Software: Programming Data Processing
CNEY,CN Energy Group Inc. Class A Ordinary Shares,$0.74,0.0342,4.846%,6070447.00,China,2021,100144,Industrials,Major Chemicals
CNF,CNFinance Holdings Limited American Depositary Shares each representing two hundred (200) Ordinary Shares,$3.05,-0.05,-1.613%,20917559.00,,,28354,Finance,Finance: Consumer Services
CNH,CNH Industrial N.V. Common Shares,$10.96,0.12,1.107%,13589857886.00,United Kingdom,2013,18658185,Industrials,Construction/Ag Equipment/Trucks
CNI,Canadian National Railway Company Common Stock,$111.64,0.80,0.722%,67720824000.00,Canada,,925356,Industrials,Railroads
CNK,Cinemark Holdings Inc Cinemark Holdings Inc. Common Stock,$27.06,-0.41,-1.493%,3160276759.00,United States,2007,1514497,Consumer Discretionary,Movies/Entertainment
CNL,Collective Mining Ltd. Common Shares,$18.27,0.55,3.104%,1691354348.00,,2024,35055,,
CNM,Core & Main Inc. Class A Common Stock,$49.09,-0.57,-1.148%,9555368991.00,United States,2021,1725636,Consumer Discretionary,Durable Goods
CNMD,CONMED Corporation Common Stock,$36.76,-1.34,-3.517%,1106813971.00,United States,1987,387181,Health Care,Biotechnology: Electromedical & Electrotherapeutic Apparatus
CNNE,Cannae Holdings Inc. Common Stock,$14.19,0.20,1.43%,657347763.00,United States,2017,527635,Consumer Discretionary,Restaurants
CNO,CNO Financial Group Inc. Common Stock,$46.02,0.12,0.261%,4313351837.00,United States,,870620,Finance,Accident &Health Insurance
CNO^A,CNO Financial Group Inc. 5.125% Subordinated Debentures due 2060,$18.17,0.09,0.498%,,United States,,625,,
CNOB,ConnectOne Bancorp Inc. Common Stock,$30.05,0.14,0.468%,1511169245.00,United States,,304802,Finance,Major Banks
CNOBP,ConnectOne Bancorp Inc. Depositary Shares each representing a 1/40th interest in a share of 5.25% Fixed-Rate Reset Non-Cumulative Perpetual Preferred Stock Series A,$24.955,0.095,0.382%,1254949368.00,United States,,2465,Finance,Major Banks
CNP,CenterPoint Energy Inc (Holding Co) Common Stock,$41.72,-0.52,-1.231%,27291950706.00,United States,,4133841,Utilities,Electric Utilities: Central
CNQ,Canadian Natural Resources Limited Common Stock,$44.53,-0.21,-0.469%,92888333160.00,Canada,,8411072,Energy,Oil & Gas Production
CNR,Core Natural Resources Inc. Common Stock,$84.91,-3.65,-4.121%,4309213577.00,United States,2017,737436,Energy,Coal Mining
CNS,Cohen & Steers Inc Common Stock,$72.76,1.66,2.335%,3739420819.00,United States,2004,304341,Finance,Investment Managers
CNSP,CNS Pharmaceuticals Inc. Common Stock,$7.29,0.19,2.676%,5915463.00,United States,2019,210387,Health Care,Biotechnology: Pharmaceutical Preparations
CNTA,Centessa Pharmaceuticals plc American Depositary Shares,$39.59,-0.02,-0.05%,6125719764.00,United Kingdom,2021,682369,Health Care,Biotechnology: Pharmaceutical Preparations
CNTB,Connect Biopharma Holdings Limited Ordinary Shares,$2.36,0.03,1.288%,133390226.00,China,2021,95049,Health Care,Biotechnology: Pharmaceutical Preparations
CNTN,Canton Strategic Holdings Inc. Common Stock,$3.02,0.04,1.342%,171101938.00,United States,2022,353255,Health Care,Biotechnology: Pharmaceutical Preparations
CNTX,Context Therapeutics Inc. Common Stock,$2.38,0.05,2.146%,218672441.00,United States,2021,537688,Health Care,Biotechnology: Pharmaceutical Preparations
CNTY,Century Casinos Inc. Common Stock,$1.50,0.03,2.041%,42306134.00,United States,,160362,Consumer Discretionary,Hotels/Resorts
CNVS,Cineverse Corp. Class A Common Stock,$2.57,-0.06,-2.281%,54727806.00,United States,,65547,Consumer Discretionary,Consumer Electronics/Video Chains
CNX,CNX Resources Corporation Common Stock,$35.72,-0.20,-0.557%,5053579658.00,United States,1999,1513175,Energy,Oil & Gas Production
CNXC,Concentrix Corporation Common Stock,$24.27,-1.19,-4.674%,1480587127.00,United States,,2217200,Technology,Computer Software: Prepackaged Software
CNXN,PC Connection Inc. Common Stock,$66.65,1.30,1.989%,1681316033.00,United States,,65871,Consumer Discretionary,Catalog/Specialty Distribution
COAG,Hemab Therapeutics Holdings Inc. Common Stock,$25.12,-0.62,-2.409%,1066165899.00,United States,2026,207066,Health Care,Biotechnology: Biological Products (No Diagnostic Substances)
COCH,Envoy Medical Inc. Class A Common Stock,$0.6455,-0.0145,-2.197%,49626757.00,United States,2021,126671,Health Care,Industrial Specialties
COCHW,Envoy Medical Inc Warrant,$0.065,0.00,0.00%,4997272.00,United States,2021,25629,Health Care,Industrial Specialties
COCO,The Vita Coco Company Inc. Common Stock,$71.60,3.395,4.978%,4089265239.00,United States,2021,1671922,Consumer Staples,Beverages (Production/Distribution)
COCP,Cocrystal Pharma Inc. Common Stock,$1.44,0.05,3.597%,19851493.00,United States,,191363,Health Care,Biotechnology: Pharmaceutical Preparations
CODA,Coda Octopus Group Inc. Common stock,$12.11,0.21,1.765%,136554201.00,United States,,106299,Industrials,Industrial Machinery/Components
CODI,D/B/A Compass Diversified Holdings Shares of Beneficial Interest,$12.48,0.45,3.741%,938944856.00,United States,2006,1117982,Consumer Discretionary,Home Furnishings
CODI^A,Compass Diversified Holdings 7.250% Series A Preferred Shares representing beneficial interest in Compass Diversified Holdings,$20.54,-0.21,-1.012%,,United States,,5698,,
CODI^B,Compass Diversified Holdings 7.875% Series B Fixed-to-Floating Rate Cumulative Preferred Shares representing beneficial interests in Compass Diversified Holdings,$22.465,0.0375,0.167%,,United States,,7291,,
CODI^C,Compass Diversified Holdings 7.875% Series C Cumulative Preferred Shares,$21.96,0.06,0.274%,,United States,,20299,,
CODX,Co-Diagnostics Inc. Common Stock,$2.53,0.60,31.088%,9114236.00,United States,2026,10255419,Health Care,Medical/Dental Instruments
COE,51Talk Online Education Group American depositary shares each representing 60 Class A ordinary shares,$24.73,1.1299,4.788%,148560900.00,China,2016,15497,Real Estate,Other Consumer Services
COF,Capital One Financial Corporation Common Stock,$189.48,-3.11,-1.615%,120167440269.00,United States,1994,4726603,Finance,Major Banks
COF^I,Capital One Financial Corporation Depositary shares each representing a 1/40th interest in a share of Fixed Rate Non-Cumulative Perpetual Preferred Stock Series I of the Issuer,$19.21,0.13,0.681%,,United States,,81280,,
COF^J,Capital One Financial Corporation Depositary Shares Each Representing a 1/40th Interest in a Share of Fixed Rate Non- Cumulative Perpetual Preferred Stock Series J,$18.37,0.07,0.383%,,United States,,64751,,
COF^K,Capital One Financial Corporation Depositary Shares Each Representing a 1/40th Ownership Interest in a Share of Fixed Rate Non-Cumulative Perpetual Preferred Stock Series K,$17.75,0.12,0.681%,,United States,,7142,,
COF^L,Capital One Financial Corporation Depositary Shares Each Representing a 1/40th Interest in a Share of Fixed Rate Non-Cumulative Perpetual Preferred Stock Series L,$16.75,0.1001,0.601%,,United States,,36823,,
COF^N,Capital One Financial Corporation Depositary Shares Each Representing a 1/40th Ownership Interest in a Share of Fixed Rate Non-Cumulative Perpetual Preferred Stock Series N,$16.305,0.1235,0.763%,,United States,,12483,,
COFS,ChoiceOne Financial Services Inc. Common Stock,$31.48,-0.02,-0.063%,470843747.00,United States,,54981,Finance,Major Banks
COGT,Cogent Biosciences Inc. Common Stock,$34.74,-0.05,-0.144%,5935954459.00,United States,2018,896115,Health Care,Biotechnology: Pharmaceutical Preparations
COHN,Cohen & Company Inc.,$14.91,0.70,4.926%,36941836.00,United States,,22543,Finance,Investment Bankers/Brokers/Service
COHR,Coherent Corp. Common Stock,$335.26,16.07,5.035%,65590038758.00,United States,,7886619,Technology,Electronic Components
COHU,Cohu Inc. Common Stock,$49.54,2.06,4.339%,2337066690.00,United States,,749549,Industrials,Electrical Products
COIN,Coinbase Global Inc. Class A Common Stock,$201.16,8.20,4.25%,52987779692.00,United States,,12853927,Finance,Finance: Consumer Services
COKE,Coca-Cola Consolidated Inc. Common Stock,$174.31,-3.30,-1.858%,11602822087.00,United States,1972,1096075,Consumer Staples,Beverages (Production/Distribution)
COLA,Columbus Acquisition Corp Ordinary Shares,$10.59,0.00,0.00%,0.00,Singapore,2025,1180,,
COLAR,Columbus Acquisition Corp Rights,$0.369,0.00,0.00%,0.00,Singapore,2025,29,Finance,Blank Checks
COLB,Columbia Banking System Inc. Common Stock,$30.04,0.48,1.624%,8696290595.00,United States,1992,3399010,Finance,Major Banks
COLD,Americold Realty Trust Inc. Common Stock,$14.84,-0.13,-0.868%,4233775930.00,United States,2018,7772566,Real Estate,Real Estate Investment Trusts
COLL,Collegium Pharmaceutical Inc. Common Stock,$37.80,-1.53,-3.89%,1224983428.00,United States,2015,697995,Health Care,Biotechnology: Pharmaceutical Preparations
COLM,Columbia Sportswear Company Common Stock,$63.04,-0.28,-0.442%,3223915528.00,United States,1998,479288,Consumer Discretionary,Apparel
COMP,Compass Inc. Class A Common Stock,$8.72,-0.02,-0.229%,6506387792.00,United States,2021,12279654,Technology,EDP Services
CON,Concentra Group Holdings Parent Inc. Common Stock,$24.16,0.56,2.373%,3104736102.00,United States,2024,3129782,Health Care,Medical Specialities
COO,The Cooper Companies Inc. Common Stock,$60.00,-1.11,-1.816%,11706863880.00,United States,,2151177,Health Care,Ophthalmic Goods
COOK,Traeger Inc. Common Stock,$43.83,1.59,3.764%,121357424.00,United States,2021,7266,Consumer Discretionary,Consumer Electronics/Appliances
COOT,Australian Oilseeds Holdings Limited Ordinary Shares,$0.6348,-0.0151,-2.323%,17709992.00,Australia,,47792,Consumer Staples,Packaged Foods
COOTW,Australian Oilseeds Holdings Limited Warrant,$0.0191,-0.0004,-2.051%,532862.00,Australia,,489,Consumer Staples,Packaged Foods
COP,ConocoPhillips Common Stock,$113.87,-1.01,-0.879%,138727138577.00,United States,,8008875,Energy,Integrated oil Companies
COPL,Copley Acquisition Corp Ordinary Shares,$10.37,0.00,0.00%,0.00,,2025,1803,,
COR,Cencora Inc. Common Stock,$261.08,5.42,2.12%,50796001545.00,United States,,2678901,Health Care,Other Pharmaceuticals
CORT,Corcept Therapeutics Incorporated Common Stock,$52.28,1.23,2.409%,5612341334.00,United States,2004,872745,Health Care,Biotechnology: Pharmaceutical Preparations
CORZ,Core Scientific Inc. Common Stock,$22.92,0.56,2.504%,7285930893.00,United States,,14827804,Finance,Finance: Consumer Services
CORZW,Core Scientific Inc. Tranche 1 Warrants,$16.24,0.67,4.303%,5162457142.00,United States,,381245,Finance,Finance: Consumer Services
CORZZ,Core Scientific Inc. Tranche 2 Warrants,$22.8424,0.6924,3.126%,7261262994.00,United States,,22998,Finance,Finance: Consumer Services
COSM,Cosmos Health Inc. Common Stock,$0.3323,-0.0177,-5.057%,17484664.00,United States,,520353,Health Care,Other Pharmaceuticals
COSO,CoastalSouth Bancshares Inc. Common Stock,$25.84,0.01,0.039%,306288187.00,United States,2025,49047,Finance,Major Banks
COST,Costco Wholesale Corporation Common Stock,$1008.79,-3.27,-0.323%,447552245827.00,United States,,1804832,Consumer Discretionary,Department/Specialty Retail Stores
COTY,Coty Inc. Class A Common Stock,$2.47,-0.03,-1.20%,2174752102.00,United States,2013,5950308,Consumer Discretionary,Package Goods/Cosmetics
COUR,Coursera Inc. Common Stock,$5.78,-0.49,-7.815%,978554000.00,United States,2021,6623589,Technology,Computer Software: Prepackaged Software
COYA,Coya Therapeutics Inc. Common Stock,$4.11,-0.09,-2.143%,96409022.00,United States,2022,165658,Health Care,Biotechnology: Pharmaceutical Preparations
CP,Canadian Pacific Kansas City Limited Common Shares,$86.04,0.82,0.962%,76380840200.00,Canada,,3648326,Industrials,Railroads
CPA,Copa Holdings S.A. Class A Common Stock,$122.80,-0.10,-0.081%,5051814308.00,Panama,2005,184654,Consumer Discretionary,Air Freight/Delivery Services
CPAC,Cementos Pacasmayo S.A.A. American Depositary Shares (Each representing five Common Shares),$10.65,-0.03,-0.281%,902839799.00,Peru,,13608,Industrials,Building Materials
CPAY,Corpay Inc. Common Stock,$343.99,38.24,12.507%,22748743240.00,United States,,942877,Real Estate,Real Estate
CPB,The Campbell's Company Common Stock,$20.84,-0.41,-1.929%,6213372810.00,United States,,6422395,Consumer Staples,Packaged Foods
CPBI,Central Plains Bancshares Inc. Common Stock,$17.475,-0.075,-0.427%,73486831.00,United States,2023,6670,Finance,Savings Institutions
CPF,Central Pacific Financial Corp New,$34.79,0.12,0.346%,908061757.00,United States,,96028,Finance,Major Banks
CPHC,Canterbury Park Holding Corporation 'New' Common Stock,$15.8244,0.0644,0.409%,81500945.00,United States,,1136,Consumer Discretionary,Services-Misc. Amusement & Recreation
CPHI,China Pharma Holdings Inc. Common Stock,$0.53,0.0039,0.741%,21476661.00,China,,6586,Health Care,Biotechnology: Pharmaceutical Preparations
CPIX,Cumberland Pharmaceuticals Inc. Common Stock,$4.68,0.39,9.091%,74312952.00,United States,2009,222008,Health Care,Biotechnology: Pharmaceutical Preparations
CPK,Chesapeake Utilities Corporation Common Stock,$126.42,-0.81,-0.637%,3034681886.00,United States,,112299,Utilities,Oil & Gas Production
CPNG,Coupang Inc. Class A Common Stock,$16.98,-0.24,-1.394%,30480190133.00,United States,2021,25886440,Consumer Discretionary,Catalog/Specialty Distribution
CPOP,Pop Culture Group Co. Ltd Class A Ordinary Shares,$0.3021,-0.0115,-3.667%,24753784.00,China,2021,42649,Consumer Discretionary,Services-Misc. Amusement & Recreation
CPRI,Capri Holdings Limited Ordinary Shares,$18.53,-0.16,-0.856%,2208069358.00,Hong Kong,2011,2238060,Consumer Discretionary,Apparel
CPRT,Copart Inc. (DE) Common Stock,$33.94,0.06,0.177%,32694686689.00,United States,1994,7146242,Consumer Discretionary,Retail-Auto Dealers and Gas Stations
CPRX,Catalyst Pharmaceuticals Inc. Common Stock,$31.15,-0.015,-0.048%,3804158987.00,United States,2006,4479739,Health Care,Biotechnology: Pharmaceutical Preparations
CPS,Cooper-Standard Holdings Inc. Common Stock,$30.80,0.31,1.017%,546862747.00,United States,,318257,Consumer Discretionary,Auto Parts:O.E.M.
CPSH,CPS Technologies Corp. Common Stock,$3.97,0.22,5.867%,71487643.00,United States,,354942,Consumer Discretionary,Building Materials
CPSS,Consumer Portfolio Services Inc. Common Stock,$10.17,-0.10,-0.974%,221301997.00,United States,1992,40988,Finance,Finance: Consumer Services
CPT,Camden Property Trust Common Stock,$103.77,-0.30,-0.288%,10430932590.00,United States,1993,1085037,Real Estate,Real Estate Investment Trusts
CPZ,Calamos Long/Short Equity & Dynamic Income Trust Common Stock,$13.64,0.05,0.368%,267783126.00,United States,2019,48297,Finance,Trusts Except Educational Religious and Charitable
CQP,Cheniere Energy Partners LP Common Units,$62.37,-0.82,-1.298%,30190455652.00,United States,2007,56537,Utilities,Oil/Gas Transmission
CR,Crane Company Common Stock,$181.32,-0.43,-0.237%,10470447786.00,United States,2023,1013752,Industrials,Metal Fabrications
CRAC,Crown Reserve Acquisition Corp. I Class A Ordinary Shares,$10.0702,0.00,0.00%,0.00,Cayman Islands,2025,8077,,
CRACR,Crown Reserve Acquisition Corp. I Rights,$0.14,-0.0047,-3.248%,0.00,Cayman Islands,2025,3127,,
CRACU,Crown Reserve Acquisition Corp. I Unit,$10.20,0.00,0.00%,0.00,Cayman Islands,2025,565,Finance,Blank Checks
CRACW,Crown Reserve Acquisition Corp. I Warrant,$0.0455,0.0036,8.592%,0.00,Cayman Islands,2025,3150,,
CRAI,CRA International Inc. Common Stock,$139.58,0.46,0.331%,901960796.00,United States,1998,122475,Consumer Discretionary,Other Consumer Services
CRAN,Crane Harbor Acquisition Corp. II Class A Ordinary Shares,$10.02,0.00,0.00%,0.00,United States,2026,481,Finance,Blank Checks
CRANR,Crane Harbor Acquisition Corp. II Rights,$0.215,0.0012,0.561%,0.00,United States,2026,10437,Finance,Blank Checks
CRANU,Crane Harbor Acquisition Corp. II Units,$10.25,0.06,0.589%,0.00,United States,2025,344,,
CRAQ,Cal Redwood Acquisition Corp. Class A Ordinary Shares,$10.22,0.00,0.00%,0.00,United States,2025,30,Finance,Blank Checks
CRAQR,Cal Redwood Acquisition Corp. Right,$0.18,0.01,5.882%,0.00,United States,2025,616,Finance,Blank Checks
CRBD,Corebridge Financial Inc. 6.375% Junior Subordinated Notes due 2064,$23.9999,0.1199,0.502%,0.00,United States,2024,14940,Finance,Life Insurance
CRBG,Corebridge Financial Inc. Common Stock,$27.31,-0.14,-0.51%,12473381535.00,United States,2022,6789835,Finance,Life Insurance
CRBP,Corbus Pharmaceuticals Holdings Inc. Common Stock,$10.96,0.09,0.828%,194391645.00,United States,,241009,Health Care,Biotechnology: Pharmaceutical Preparations
CRBU,Caribou Biosciences Inc. Common Stock,$1.94,0.06,3.191%,191443798.00,United States,2021,891814,Health Care,Biotechnology: Biological Products (No Diagnostic Substances)
CRC,California Resources Corporation Common Stock,$58.92,-2.20,-3.599%,5231795567.00,United States,2020,1371315,Energy,Oil & Gas Production
CRCL,Circle Internet Group Inc. Class A Common Stock,$113.67,0.42,0.371%,28100408441.00,United States,2025,16590673,Finance,Finance: Consumer Services
CRCT,Cricut Inc. Class A Common Stock,$4.30,-0.06,-1.376%,902564126.00,United States,2021,734932,Technology,Industrial Machinery/Components
CRD/A,Crawford & Company,$9.99,0.22,2.252%,,United States,,45769,,
CRD/B,Crawford & Company,$9.36,-0.01,-0.107%,,United States,,2498,,
CRDF,Cardiff Oncology Inc. Common Stock,$1.64,0.04,2.50%,112126629.00,United States,,446973,Health Care,Biotechnology: Biological Products (No Diagnostic Substances)
CRDL,Cardiol Therapeutics Inc. Class A Common Shares,$1.32,0.02,1.538%,147671151.00,Canada,,578689,Health Care,Biotechnology: Biological Products (No Diagnostic Substances)
CRDO,Credo Technology Group Holding Ltd Ordinary Shares,$188.505,0.215,0.114%,34769735940.00,United States,2022,4825397,Technology,Semiconductors
CRE,Cre8 Enterprise Limited Class A Ordinary Shares,$2.81,-0.29,-9.355%,5659298.00,Hong Kong,2025,11398,Consumer Discretionary,Publishing
CREG,Smart Powerr Corp. Common Stock,$0.29,-0.18,-38.298%,6658147.00,China,,3932261,Real Estate,Real Estate
CRESY,Cresud S.A.C.I.F. y A. American Depositary Shares,$11.15,-0.08,-0.712%,684692811.00,Argentina,1997,241600,Finance,Real Estate
CREX,Creative Realities Inc. Common Stock,$3.72,0.01,0.27%,39310237.00,United States,,13518,Technology,EDP Services
CRF,Cornerstone Total Return Fund Inc. (The) Common Stock,$7.33,0.00,0.00%,0.00,United States,2003,945684,Finance,Finance/Investors Services
CRGO,Freightos Limited Ordinary shares,$2.05,0.00,0.00%,105951171.00,Israel,,134947,Industrials,Integrated Freight & Logistics
CRGOW,Freightos Limited Warrants,$0.1037,-0.0063,-5.727%,5359579.00,Israel,,41921,Industrials,Integrated Freight & Logistics
CRGY,Crescent Energy Company Class A Common Stock,$12.40,-0.04,-0.322%,4095120187.00,United States,2021,6209343,Energy,Oil & Gas Production
CRH,CRH PLC Ordinary Shares,$113.76,1.13,1.003%,76144053784.00,Ireland,,5744625,Industrials,Building Materials
CRI,Carter's Inc. Common Stock,$35.33,-0.42,-1.175%,1301914634.00,United States,2003,917564,Consumer Discretionary,Apparel
CRIS,Curis Inc. Common Stock,$0.561,-0.016,-2.773%,22428047.00,United States,,222408,Health Care,Biotechnology: Biological Products (No Diagnostic Substances)
CRK,Comstock Resources Inc. Common Stock,$14.10,-0.70,-4.73%,4141111231.00,United States,,3900552,Energy,Oil & Gas Production
CRL,Charles River Laboratories International Inc. Common Stock,$177.62,-4.06,-2.235%,8764118935.00,United States,2000,978212,Health Care,Biotechnology: Commercial Physical & Biological Resarch
CRM,Salesforce Inc. Common Stock,$181.82,-4.52,-2.426%,167819860000.00,United States,2004,15112104,Technology,Computer Software: Prepackaged Software
CRMD,CorMedix Inc. Common Stock,$7.92,0.00,0.00%,621262937.00,United States,,858578,Health Care,Biotechnology: Pharmaceutical Preparations
CRML,Critical Metals Corp. Ordinary Shares,$12.53,-0.32,-2.49%,1581643017.00,British Virgin Islands,,10562859,Basic Materials,Metal Mining
CRMLW,Critical Metals Corp. Warrants,$5.20,-0.20,-3.704%,656388164.00,British Virgin Islands,,18508,Basic Materials,Metal Mining
CRMT,America's Car-Mart Inc Common Stock,$12.95,0.16,1.251%,107516728.00,United States,,51863,Consumer Discretionary,Retail-Auto Dealers and Gas Stations
CRNC,Cerence Inc. Common Stock,$9.87,-0.67,-6.357%,444328469.00,United States,,1771855,Technology,Computer Software: Prepackaged Software
CRNT,Ceragon Networks Ltd. Ordinary Shares,$2.53,-0.06,-2.317%,229918696.00,Israel,,1623601,Technology,Radio And Television Broadcasting And Communications Equipment
CRNX,Crinetics Pharmaceuticals Inc. Common Stock,$37.48,-6.01,-13.819%,3951873772.00,United States,2018,4707458,Health Care,Biotechnology: Pharmaceutical Preparations
CRON,Cronos Group Inc. Common Share,$2.54,-0.03,-1.167%,955729186.00,Canada,,1215688,Health Care, Medicinal Chemicals and Botanical Products 
CROX,Crocs Inc. Common Stock,$103.63,-0.45,-0.432%,5149338222.00,United States,2006,819500,Consumer Discretionary,Shoe Manufacturing
CRS,Carpenter Technology Corporation Common Stock,$427.85,-17.29,-3.884%,21257989094.00,United States,,705119,Industrials,Steel/Iron Ore
CRSP,CRISPR Therapeutics AG Common Shares,$54.83,2.41,4.597%,5288287265.00,Switzerland,2016,1731934,Health Care,Biotechnology: Biological Products (No Diagnostic Substances)
CRSR,Corsair Gaming Inc. Common Stock,$7.88,0.79,11.142%,842211618.00,United States,2020,3994144,Technology,Computer peripheral equipment
CRT,Cross Timbers Royalty Trust Common Stock,$10.53,-0.04,-0.378%,63180000.00,United States,1992,17461,Energy,Oil & Gas Production
CRTO,Criteo S.A. American Depositary Shares,$16.49,0.04,0.243%,828532250.00,France,2013,394801,Consumer Discretionary,Advertising
CRUS,Cirrus Logic Inc. Common Stock,$171.67,-0.01,-0.006%,8756438470.00,United States,1989,790652,Technology,Semiconductors
CRVL,CorVel Corp. Common Stock,$58.52,0.46,0.792%,2993440613.00,United States,,153553,Finance,Specialty Insurers
CRVO,CervoMed Inc. Common Stock,$3.95,0.15,3.947%,36571940.00,United States,,60093,Health Care,Biotechnology: Pharmaceutical Preparations
CRVS,Corvus Pharmaceuticals Inc. Common Stock,$15.55,0.96,6.58%,1307606093.00,United States,2016,980564,Health Care,Biotechnology: Pharmaceutical Preparations
CRWD,CrowdStrike Holdings Inc. Class A Common Stock,$527.77,22.05,4.36%,134336739688.00,United States,2019,4036949,Technology,Computer Software: Prepackaged Software
CRWS,Crown Crafts Inc Common Stock,$2.85,0.08,2.888%,30488693.00,United States,,7929,Consumer Discretionary,Textiles
CRWV,CoreWeave Inc. Class A Common Stock,$114.15,-14.69,-11.402%,61979688986.00,United States,2025,48380572,Technology,Computer Software: Prepackaged Software
CSAI,Cloudastructure Inc. Class A Common Stock,$0.562,-0.02,-3.436%,13777867.00,United States,,184651,Technology,Computer Software: Programming Data Processing
CSAN,Cosan S.A. ADS,$4.17,-0.01,-0.239%,4135150197.00,Brazil,2021,1310505,Consumer Discretionary,Retail-Auto Dealers and Gas Stations
CSBR,Champions Oncology Inc. Common Stock,$6.02,0.03,0.501%,83598693.00,United States,,20659,Health Care,Biotechnology: Biological Products (No Diagnostic Substances)
CSCO,Cisco Systems Inc. Common Stock (DE),$96.57,4.41,4.785%,381441171066.00,United States,1990,24643903,Telecommunications,Computer Communications Equipment
CSGP,CoStar Group Inc. Common Stock,$32.77,-2.21,-6.318%,13381816781.00,United States,1998,7105402,Real Estate,Real Estate
CSGS,CSG Systems International Inc. Common Stock,$80.38,-0.01,-0.012%,2290985616.00,United States,1996,347674,Technology,EDP Services
CSHR,CoinShares PLC Ordinary Shares,$5.94,-0.12,-1.98%,782774441.00,Jersey,,211158,Finance,Investment Bankers/Brokers/Service
CSHRW,CoinShares PLC Warrants,$1.26,0.00,0.00%,166043063.00,Jersey,,11,Finance,Investment Bankers/Brokers/Service
CSIQ,Canadian Solar Inc. Common Shares (ON),$20.06,2.38,13.462%,1360403483.00,Canada,2006,5708064,Technology,Semiconductors
CSL,Carlisle Companies Incorporated Common Stock,$360.39,-0.07,-0.019%,14583208740.00,United States,,378522,Industrials,Specialty Chemicals
CSPI,CSP Inc. Common Stock,$9.17,-0.15,-1.609%,90902458.00,United States,1982,12488,Technology,EDP Services
CSQ,Calamos Strategic Total Return Common Stock,$20.30,0.23,1.146%,3225418727.00,United States,2004,181829,Finance,Finance Companies
CSR,D/B/A Centerspace Common Stock,$67.65,0.20,0.297%,1136733030.00,United States,,60159,Real Estate,Real Estate Investment Trusts
CSTE,Caesarstone Ltd. Ordinary Shares,$1.38,0.00,0.00%,47716364.00,Israel,2012,54139,Industrials,Building Materials
CSTL,Castle Biosciences Inc. Common Stock,$19.83,0.59,3.067%,601442948.00,United States,2019,498574,Health Care,Medical Specialities
CSTM,Constellium SE Ordinary Shares (France),$33.88,1.01,3.073%,4612777246.00,Netherlands,2013,1897075,Industrials,Metal Fabrications
CSV,Carriage Services Inc. Common Stock,$45.46,0.86,1.928%,721556031.00,United States,,103567,Consumer Discretionary,Other Consumer Services
CSW,CSW Industrials Inc. Common Stock,$271.52,-6.24,-2.247%,4471996850.00,United States,,147653,Industrials,Home Furnishings
CSWC,Capital Southwest Corporation Common Stock,$23.88,-0.11,-0.459%,1436669038.00,United States,,550536,Consumer Discretionary,Textiles
CSX,CSX Corporation Common Stock,$44.83,0.37,0.832%,83300364914.00,United States,,9500636,Industrials,Railroads
CTA^A,EIDP Inc. Preferred Stock $3.50 Series,$54.25,-0.345,-0.632%,,United States,,755,,
CTA^B,EIDP Inc. Preferred Stock $4.50 Series,$68.2301,-0.2153,-0.315%,,United States,,1623,,
CTAA,ClearThink 1 Acquisition Corp. Class A Ordinary Shares,$9.86,0.00,0.00%,0.00,United States,2026,117610,Finance,Blank Checks
CTAAU,ClearThink 1 Acquisition Corp. Units,$10.05,0.03,0.299%,0.00,United States,2026,105,Finance,Blank Checks
CTAS,Cintas Corporation Common Stock,$166.97,-3.07,-1.805%,66802546259.00,United States,1983,1565379,Industrials,Garments and Clothing
CTBB,Qwest Corporation 6.5% Notes due 2056,$19.40,0.15,0.779%,19.00,United States,2016,102474,Telecommunications,Telecommunications Equipment
CTBI,Community Trust Bancorp Inc. Common Stock,$66.32,0.01,0.015%,1203759133.00,United States,,61807,Finance,Major Banks
CTDD,Qwest Corporation 6.75% Notes due 2057,$19.55,0.22,1.138%,20.00,United States,2017,70550,Telecommunications,Telecommunications Equipment
CTEV,Claritev Corporation Class A Common Stock,$27.00,2.79,11.524%,458106840.00,United States,2020,169149,Real Estate,Real Estate
CTGO,Contango Silver & Gold Inc. Common Stock,$27.19,2.54,10.304%,836083527.00,United States,2021,443564,Basic Materials,Precious Metals
CTKB,Cytek Biosciences Inc. Common Stock,$4.61,-0.31,-6.301%,595347326.00,United States,2021,1361790,Industrials,Biotechnology: Laboratory Analytical Instruments
CTLP,Cantaloupe Inc. Common Stock,$11.20,0.00,0.00%,825815950.00,United States,,3431541,Miscellaneous,Office Equipment/Supplies/Services
CTM,Castellum Inc. Common Stock,$0.753,0.0964,14.682%,71243401.00,,2022,22246877,Consumer Discretionary,Professional Services
CTMX,CytomX Therapeutics Inc. Common Stock,$3.98,-0.02,-0.50%,866457618.00,United States,2015,5054906,Health Care,Biotechnology: Pharmaceutical Preparations
CTNM,Contineum Therapeutics Inc. Class A Common Stock,$14.53,-0.10,-0.684%,543224058.00,United States,2024,133374,Health Care,Biotechnology: Pharmaceutical Preparations
CTNT,Cheetah Net Supply Chain Service Inc Class A Common Stock,$2.92,0.45,18.219%,5721284.00,United States,2023,7546563,Consumer Discretionary,Motor Vehicles
CTO,CTO Realty Growth Inc. Common Stock,$20.29,-0.01,-0.049%,685469082.00,United States,1992,795233,Real Estate,Real Estate Investment Trusts
CTO^A,CTO Realty Growth Inc. 6.375% Series A Cumulative Redeemable Preferred Stock,$21.8501,0.3801,1.77%,,United States,,8673,,
CTOR,Citius Oncology Inc. Common Stock,$0.9068,0.0059,0.655%,80047955.00,United States,2022,52811,Health Care,Biotechnology: Pharmaceutical Preparations
CTOS,Custom Truck One Source Inc. Common Stock,$9.70,-0.07,-0.716%,2206098364.00,Cayman Islands,2017,942013,Consumer Discretionary,Diversified Commercial Services
CTRE,CareTrust REIT Inc. Common Stock,$41.60,2.10,5.316%,9286668976.00,United States,2022,2840959,Real Estate,Real Estate Investment Trusts
CTRI,Centuri Holdings Inc. Common Stock,$34.53,0.93,2.768%,3485273879.00,United States,2024,2454703,Utilities,Oil & Gas Production
CTRM,Castor Maritime Inc. Common Shares,$2.01,-0.01,-0.495%,19421332.00,Cyprus,,24248,Consumer Discretionary,Marine Transportation
CTRN,Citi Trends Inc. Common Stock,$46.21,-0.96,-2.035%,581674290.00,United States,2005,58781,Consumer Discretionary,Clothing/Shoe/Accessory Stores
CTS,CTS Corporation Common Stock,$61.75,1.90,3.175%,1765612193.00,United States,,362619,Technology,Electrical Products
CTSH,Cognizant Technology Solutions Corporation Class A Common Stock,$51.68,-0.26,-0.501%,24489574158.00,United States,1998,5388620,Technology,EDP Services
CTSO,Cytosorbents Corporation Common Stock,$0.609,-0.0005,-0.082%,38184300.00,United States,,40752,Health Care,Medical/Dental Instruments
CTVA,Corteva Inc. Common Stock ,$81.13,2.06,2.605%,54261366600.00,United States,2019,4624199,Consumer Staples,Farming/Seeds/Milling
CTW,CTW Cayman Class A Ordinary Shares,$2.80,0.08,2.941%,174720000.00,Japan,2025,104669,Technology,EDP Services
CTXR,Citius Pharmaceuticals Inc. Common Stock,$0.64,-0.0141,-2.156%,14005466.00,United States,,823131,Health Care,Biotechnology: Pharmaceutical Preparations
CUB,Lionheart Holdings Class A Ordinary Shares,$10.81,0.01,0.093%,343418307.00,United States,2024,4039,Industrials,Industrial Machinery/Components
CUBB,Customers Bancorp Inc 5.375% Subordinated Notes Due 2034,$22.75,0.33,1.472%,719434398.00,United States,2019,7825,Finance,Major Banks
CUBE,CubeSmart Common Shares,$40.46,0.21,0.522%,9160695470.00,United States,,1703177,Real Estate,Real Estate Investment Trusts
CUBI,Customers Bancorp Inc Common Stock,$77.26,-0.65,-0.834%,2602189733.00,United States,,305192,Finance,Major Banks
CUBWW,Lionheart Holdings Warrant,$0.14,0.00,0.00%,0.00,United States,2024,1,,
CUE,Cue Biopharma Inc. Common Stock,$35.00,-0.73,-2.043%,113937600.00,United States,2018,243353,Health Care,Biotechnology: Pharmaceutical Preparations
CULP,Culp Inc. Common Stock,$3.61,0.01,0.278%,45712650.00,United States,,19607,Consumer Discretionary,Textiles
CUPR,Cuprina Holdings (Cayman) Limited Class A Ordinary Shares,$0.2799,0.0159,6.023%,6003855.00,Singapore,2025,340507,Health Care,Biotechnology: Pharmaceutical Preparations
CURB,Curbline Properties Corp. Common Stock,$27.88,0.32,1.161%,2942436911.00,United States,2024,938688,Finance,Real Estate
CURI,CuriosityStream Inc. Class A Common Stock,$3.08,-0.06,-1.911%,182605808.00,United States,2020,256340,Consumer Discretionary,Movies/Entertainment
CURR,Currenc Group Inc. Ordinary Shares,$4.47,0.16,3.712%,501900026.00,Singapore,,493910,Real Estate,Real Estate
CURV,Torrid Holdings Inc. Common Stock,$1.56,0.03,1.961%,155217621.00,United States,2021,283650,Consumer Discretionary,Clothing/Shoe/Accessory Stores
CURX,Curanex Pharmaceuticals Inc Common Stock,$0.323,0.0074,2.345%,9161834.00,United States,2025,180272,Health Care,Biotechnology: Pharmaceutical Preparations
CUZ,Cousins Properties Incorporated Common Stock,$26.76,0.51,1.943%,4403099311.00,United States,,2038290,Real Estate,Real Estate Investment Trusts
CV,CapsoVision Inc. Common Stock,$7.12,-0.07,-0.974%,354930063.00,United States,2025,51683,Health Care,Biotechnology: Electromedical & Electrotherapeutic Apparatus
CVBF,CVB Financial Corporation Common Stock,$20.33,-0.18,-0.878%,2760506610.00,United States,,1051085,Finance,Major Banks
CVCO,Cavco Industries Inc. Common Stock When Issued,$484.54,2.20,0.456%,3760593920.00,United States,,93561,Consumer Discretionary,Homebuilding
CVE,Cenovus Energy Inc Common Stock,$28.40,-0.06,-0.211%,53381596200.00,Canada,,5455764,Energy,Oil & Gas Production
CVEO,Civeo Corporation (Canada) Common Shares,$31.16,-0.13,-0.415%,340993103.00,,2014,32116,Consumer Discretionary,Hotels/Resorts
CVGI,Commercial Vehicle Group Inc. Common Stock,$5.10,-0.16,-3.042%,184915545.00,United States,2004,582151,Consumer Discretionary,Auto Parts:O.E.M.
CVGW,Calavo Growers Inc. Common Stock,$27.47,-0.23,-0.83%,491000950.00,United States,,346308,Consumer Discretionary,Specialty Foods
CVI,CVR Energy Inc. Common Stock,$33.55,0.97,2.977%,3372801596.00,United States,2007,753619,Energy,Integrated oil Companies
CVKD,Cadrenal Therapeutics Inc. Common Stock,$6.09,0.07,1.163%,18746524.00,United States,2023,65347,Health Care,Biotechnology: Pharmaceutical Preparations
CVLG,Covenant Logistics Group Inc. Class A Common Stock,$33.25,0.07,0.211%,834314885.00,United States,,120123,Industrials,Trucking Freight/Courier Services
CVLT,Commvault Systems Inc. Common Stock,$105.09,1.71,1.654%,4621268330.00,United States,2006,1012375,Technology,Computer Software: Prepackaged Software
CVM,Cel-Sci Corporation Common Stock,$1.70,0.10,6.25%,14437721.00,United States,1997,351659,Health Care,Biotechnology: Biological Products (No Diagnostic Substances)
CVNA,Carvana Co. Class A Common Stock,$77.94,-2.064,-2.58%,17097475515.00,United States,2017,6951726,Consumer Discretionary,Retail-Auto Dealers and Gas Stations
CVR,Chicago Rivet & Machine Co. Common Stock,$11.40,0.498,4.568%,11013905.00,United States,1930,2065,Industrials,Industrial Machinery/Components
CVRX,CVRx Inc. Common Stock,$6.83,-0.49,-6.694%,180523149.00,United States,2021,187333,Health Care,Medical/Dental Instruments
CVS,CVS Health Corporation Common Stock,$90.55,3.19,3.652%,115535217649.00,United States,,11161810,Consumer Staples,Retail-Drug Stores and Proprietary Stores
CVSA,Covista Inc. Common Shares,$133.73,16.73,14.299%,4614824781.00,United States,,703057,Real Estate,Other Consumer Services
CVU,CPI Aerostructures Inc. Common Stock,$3.97,0.21,5.585%,52442386.00,United States,2022,51351,Industrials,Military/Government/Technical
CVV,CVD Equipment Corporation Common Stock,$7.09,0.11,1.576%,49185726.00,United States,,93782,Technology,Industrial Machinery/Components
CVX,Chevron Corporation Common Stock,$181.62,-0.88,-0.482%,361838903407.00,United States,,13047567,Energy,Integrated oil Companies
CW,Curtiss-Wright Corporation Common Stock,$729.20,4.77,0.658%,26912709093.00,United States,,234312,Technology,Industrial Machinery/Components
CWAN,Clearwater Analytics Holdings Inc. Class A Common Stock,$24.35,0.05,0.206%,7194602287.00,United States,2021,4848044,Technology,Computer Software: Prepackaged Software
CWBC,Community West Bancshares Common Stock,$23.99,-0.06,-0.249%,650281936.00,United States,,191586,Finance,Major Banks
CWCO,Consolidated Water Co. Ltd. Ordinary Shares,$32.92,-0.26,-0.784%,526726255.00,Cayman Islands,,70494,Utilities,Water Supply
CWD,CaliberCos Inc. Class A Common Stock,$0.9992,0.039,4.062%,7047420.00,United States,2023,146107,Finance,Real Estate
CWEN,Clearway Energy Inc. Class C Common Stock,$38.16,0.02,0.052%,7831153911.00,United States,2015,1318843,Utilities,Electric Utilities: Central
CWH,Camping World Holdings Inc. Class A Common Stock,$7.49,-0.10,-1.318%,771370750.00,United States,2016,1873050,Consumer Discretionary,Retail-Auto Dealers and Gas Stations
CWK,Cushman & Wakefield Ltd. Common Shares,$14.19,0.34,2.455%,3324537539.00,United States,2018,1006113,Finance,Real Estate
CWST,Casella Waste Systems Inc. Class A Common Stock,$85.44,-0.01,-0.012%,5434833359.00,United States,1997,478646,Utilities,Environmental Services
CWT,California Water Service Group Common Stock,$43.47,-0.15,-0.344%,2601821299.00,United States,,328671,Utilities,Water Supply
CX,Cemex S.A.B. de C.V. Sponsored ADR,$13.11,-0.03,-0.228%,19873660268.00,Mexico,,5451438,Industrials,Building Materials
CXAI,CXApp Inc. Class A Common Stock,$0.145,-0.009,-5.844%,10007238.00,United States,2021,5462422,Technology,EDP Services
CXAIW,CXApp Inc. Warrant,$0.0378,0.00,0.00%,2608783.00,United States,2021,1181,Technology,EDP Services
CXDO,Crexendo Inc. Common Stock,$9.36,-0.42,-4.294%,303407891.00,United States,,957239,Telecommunications,Telecommunications Equipment
CXE,MFS High Income Municipal Trust Common Stock,$3.78,-0.01,-0.264%,119167422.00,United States,1989,22917,Finance,Investment Managers
CXH,MFS Investment Grade Municipal Trust Common Stock,$8.375,0.015,0.179%,76298302.00,United States,1989,32771,Finance,Investment Managers
CXIIU,Churchill Capital Corp XII Units,$10.11,0.00,0.00%,0.00,United States,2026,54295,Finance,Blank Checks
CXM,Sprinklr Inc. Class A Common Stock,$5.33,-0.12,-2.202%,1247053912.00,United States,2021,3413889,Technology,Computer Software: Prepackaged Software
CXT,Crane NXT Co. Common Stock,$45.31,1.43,3.259%,2607244649.00,United States,,1273546,Industrials,Metal Fabrications
CXW,CoreCivic Inc. Common Stock,$20.33,-1.49,-6.829%,2010368278.00,United States,,1979501,Real Estate,Real Estate Investment Trusts
CYAB,Cyabra Inc. Common Stock,$0.559,-0.0081,-1.428%,7722096.00,Israel,,1001505,Technology,Computer Software: Prepackaged Software
CYCN,Cyclerion Therapeutics Inc. Common Stock,$3.10,-0.05,-1.587%,13423973.00,United States,,55340,Health Care,Biotechnology: Pharmaceutical Preparations
CYCU,Cycurion Inc. Common Stock,$0.86,-0.04,-4.444%,4738590.00,United States,2025,619431,Technology,EDP Services
CYCUW,Cycurion Inc. Warrant,$0.0206,0.0003,1.478%,113506.00,United States,2025,3400,Technology,EDP Services
CYD,China Yuchai International Limited Common Stock,$46.24,2.51,5.74%,1734847209.00,Singapore,1994,177634,Industrials,Industrial Machinery/Components
CYH,Community Health Systems Inc. Common Stock,$2.79,-0.11,-3.793%,393157626.00,United States,2000,2280215,Health Care,Hospital/Nursing Management
CYN,Cyngn Inc. Common Stock,$1.63,-0.05,-2.976%,22181498.00,United States,2021,278890,Technology,EDP Services
CYPH,Cypherpunk Technologies Inc. Common Stock,$1.19,0.13,12.264%,116237686.00,United States,,4787473,Health Care,Biotechnology: Pharmaceutical Preparations
CYRX,CryoPort Inc. Common Stock,$13.60,0.84,6.583%,685471457.00,United States,,838031,Health Care,Biotechnology: Pharmaceutical Preparations
CYTK,Cytokinetics Incorporated Common Stock,$76.91,2.62,3.527%,9570108574.00,United States,2004,5791500,Health Care,Biotechnology: Pharmaceutical Preparations
CZFS,Citizens Financial Services Inc. Common Stock,$63.80,-2.09,-3.172%,306700572.00,United States,,3060,Finance,Major Banks
CZNC,Citizens & Northern Corp Common Stock,$21.63,-0.15,-0.689%,387398556.00,United States,,22826,Finance,Major Banks
CZR,Caesars Entertainment Inc. Common Stock,$28.04,0.26,0.936%,5711101117.00,United States,,1601414,Consumer Discretionary,Hotels/Resorts
CZWI,Citizens Community Bancorp Inc. Common Stock,$21.40,0.425,2.026%,206383997.00,United States,2006,17255,Finance,Savings Institutions
D,Dominion Energy Inc. Common Stock,$61.89,0.28,0.454%,54429494892.00,United States,,6031760,Utilities,Electric Utilities: Central
DAAQ,Digital Asset Acquisition Corp. Class A Ordinary shares,$10.29,0.00,0.00%,0.00,United States,2025,15722,Finance,Blank Checks
DAAQW,Digital Asset Acquisition Corp. Warrant,$0.3999,0.0499,14.257%,0.00,United States,2025,2200,Finance,Blank Checks
DAC,Danaos Corporation Common Stock,$134.63,2.36,1.784%,2450733839.00,Greece,2006,97208,Consumer Discretionary,Marine Transportation
DAIC,CID HoldCo Inc. Common Stock,$0.1935,-0.0016,-0.82%,5668258.00,United States,,262391,Technology,EDP Services
DAICW,CID HoldCo Inc. Warrants,$0.0206,0.0001,0.488%,603442.00,United States,,156,Technology,EDP Services
DAIO,Data I/O Corporation Common Stock,$2.80,-0.03,-1.06%,26304382.00,United States,1981,25058,Industrials,Electrical Products
DAKT,Daktronics Inc. Common Stock,$20.53,0.52,2.599%,991560198.00,United States,1994,268404,Consumer Discretionary,Miscellaneous manufacturing industries
DAL,Delta Air Lines Inc. Common Stock,$73.33,0.22,0.301%,48177394952.00,United States,,5070867,Consumer Discretionary,Air Freight/Delivery Services
DAN,Dana Incorporated Common Stock ,$34.70,0.14,0.405%,3801610758.00,United States,,787374,Consumer Discretionary,Auto Parts:O.E.M.
DAO,Youdao Inc. American Depositary Shares each representing one Class A Ordinary Share,$12.42,0.42,3.50%,1498282117.00,China,2019,76943,Real Estate,Other Consumer Services
DAR,Darling Ingredients Inc. Common Stock,$63.12,0.85,1.365%,10018988366.00,United States,1997,1659141,Consumer Staples,Packaged Foods
DARE,Dare Bioscience Inc. Common Stock,$2.75,-0.16,-5.498%,40038631.00,United States,2014,555595,Health Care,Biotechnology: Pharmaceutical Preparations
DASH,DoorDash Inc. Class A Common Stock,$163.93,-7.42,-4.33%,71427370097.00,United States,,6025535,Technology,EDP Services
DAVA,Endava plc American Depositary Shares (each representing one Class A Ordinary Share),$4.13,-0.01,-0.242%,224373000.00,United Kingdom,2018,328159,Technology,EDP Services
DAVE,Dave Inc. Class A Common Stock,$256.33,7.06,2.832%,3284450619.00,United States,,478663,Finance,Finance: Consumer Services
DAVEW,Dave Inc. Warrants,$0.7106,0.0106,1.514%,9105179.00,United States,,13686,Finance,Finance: Consumer Services
DB,Deutsche Bank AG Common Stock,$32.07,0.59,1.874%,60336498000.00,Germany,,2221710,Finance,Major Banks
DBCA,D. Boral Acquisition I Corp. Class A Ordinary Shares,$9.88,0.00,0.00%,0.00,United States,2026,1602,Finance,Blank Checks
DBCAW,D. Boral Acquisition I Corp. Warrants,$0.31,0.00,0.00%,0.00,United States,2026,100,Finance,Blank Checks
DBD,Diebold Nixdorf Incorporated Common stock,$78.01,-0.90,-1.141%,2701360860.00,United States,2023,204423,Miscellaneous,Office Equipment/Supplies/Services
DBGI,Digital Brands Group Inc. Common Stock,$1.70,0.07,4.294%,36382130.00,United States,2025,570409,Consumer Discretionary,Clothing/Shoe/Accessory Stores
DBI,Designer Brands Inc. Class A Common Stock,$6.97,-0.01,-0.143%,353422353.00,United States,,224873,Consumer Discretionary,Clothing/Shoe/Accessory Stores
DBL,DoubleLine Opportunistic Credit Fund Common Shares of Beneficial Interest,$14.56,0.06,0.414%,0.00,United States,2012,38088,,
DBRG,DigitalBridge Group Inc.,$15.63,-0.01,-0.064%,2850480331.00,United States,2014,1980284,Real Estate,Real Estate Investment Trusts
DBRG^H,DigitalBridge Group Inc. 7.125% Series H ,$16.40,-0.10,-0.606%,,United States,,9592,,
DBRG^I,DigitalBridge Group Inc. 7.15% Series I ,$16.28,-0.02,-0.123%,,United States,,34067,,
DBRG^J,DigitalBridge Group Inc. 7.125% Series J ,$16.04,0.04,0.25%,,United States,,13548,,
DBVT,DBV Technologies S.A. American Depositary Shares,$19.73,-0.26,-1.301%,1168183488.00,France,2014,127433,Health Care,Biotechnology: Biological Products (No Diagnostic Substances)
DBX,Dropbox Inc. Class A Common Stock,$28.90,3.77,15.002%,6896654008.00,United States,2018,10093397,Technology,Computer Software: Prepackaged Software
DC,Dakota Gold Corp. Common Stock,$6.01,0.18,3.087%,802438234.00,United States,2022,691443,Basic Materials,Metal Mining
DCBG,Dime Community Bancshares Inc. 9.000% Fixed-to-Floating Rate Subordinated Notes due 2034,$26.4795,-0.1405,-0.528%,1036636333.00,United States,,3092,Finance,Major Banks
DCBO,Docebo Inc. Common Shares,$21.20,0.24,1.145%,609806743.00,Canada,,311260,Technology,Computer Software: Prepackaged Software
DCGO,DocGo Inc. Common Stock,$0.5703,-0.0636,-10.033%,56333329.00,United States,2020,903538,Health Care,Medical/Nursing Services
DCH,Dauch Corporation Common Stock,$6.64,0.86,14.879%,1572426806.00,United States,,10754440,Consumer Discretionary,Auto Parts:O.E.M.
DCI,Donaldson Company Inc. Common Stock,$86.00,0.09,0.105%,9960024898.00,United States,,348602,Industrials,Pollution Control Equipment
DCO,Ducommun Incorporated Common Stock,$137.23,-0.51,-0.37%,2056658737.00,United States,,174447,Industrials,Military/Government/Technical
DCOM,Dime Community Bancshares Inc. Common Stock,$37.22,0.18,0.486%,1641904135.00,United States,,358061,Finance,Major Banks
DCOM^,Dime Community Bancshares Inc. Fixed-Rate Non-Cumulative Perpetual Preferred Stock Series A,$19.25,-0.25,-1.282%,,United States,,2281,,
DCOY,Decoy Therapeutics Inc. Common Stock,$5.72,-0.02,-0.348%,3042857.00,United States,2015,6860,Health Care,Biotechnology: Pharmaceutical Preparations
DCTH,Delcath Systems Inc. Common Stock,$11.48,0.24,2.135%,395538337.00,United States,,569682,Health Care,Medical/Dental Instruments
DCX,Digital Currency X Technology Inc. Class A Ordinary Shares,$2.44,-0.03,-1.215%,48372905.00,Cayman Islands,,59140,Industrials,Auto Manufacturing
DD,DuPont de Nemours Inc. Common Stock,$49.76,1.40,2.895%,20397684187.00,United States,2017,3956783,Industrials,Major Chemicals
DDC,DDC Enterprise Limited Class A Ordinary Shares,$1.49,0.09,6.429%,68577956.00,,2023,48630,Consumer Staples,Packaged Foods
DDD,3D Systems Corporation Common Stock,$2.47,0.07,2.917%,360765678.00,United States,,2807125,Technology,Computer Software: Prepackaged Software
DDI,DoubleDown Interactive Co. Ltd. American Depository Shares,$11.60,0.48,4.317%,574819904.00,South Korea,2021,498835,Technology,EDP Services
DDL,Dingdong (Cayman) Limited American Depositary Shares (each two representing three Ordinary Shares),$2.55,-0.04,-1.544%,602380597.00,Cayman Islands,2021,256360,Consumer Discretionary,Catalog/Specialty Distribution
DDOG,Datadog Inc. Class A Common Stock,$200.16,11.43,6.056%,71245395356.00,United States,2019,12031099,Technology,Computer Software: Prepackaged Software
DDS,Dillard's Inc. Common Stock,$563.25,9.79,1.769%,8796315241.00,United States,,107773,Consumer Discretionary,Department/Specialty Retail Stores
DDT,Dillard's Capital Trust I,$26.11,0.03,0.115%,407761724.00,United States,,3686,Consumer Discretionary,Department/Specialty Retail Stores
DE,Deere & Company Common Stock,$574.84,-5.70,-0.982%,155268469985.00,United States,,896910,Industrials,Industrial Machinery/Components
DEA,Easterly Government Properties Inc. Common Stock,$23.35,0.05,0.215%,1084592883.00,United States,2015,530907,Real Estate,Real Estate Investment Trusts
DEC,Diversified Energy Company Common Stock,$15.65,0.08,0.514%,1201235954.00,United States,2025,659295,,
DECK,Deckers Outdoor Corporation Common Stock,$100.42,-2.30,-2.239%,14254616088.00,United States,1993,1778804,Consumer Discretionary,Shoe Manufacturing
DEFT,Defi Technologies Inc. Common Stock,$0.7281,-0.017,-2.282%,282340608.00,Canada,,5223330,Finance,Finance: Consumer Services
DEI,Douglas Emmett Inc. Common Stock,$12.37,0.34,2.826%,2071792753.00,United States,2006,3139863,Real Estate,Real Estate Investment Trusts
DELL,Dell Technologies Inc. Class C Common Stock ,$260.46,30.19,13.111%,169186556032.00,United States,2018,12116657,Technology,Computer Manufacturing
DEO,Diageo plc Common Stock,$84.30,0.87,1.043%,46921645124.00,United Kingdom,,1336068,Consumer Staples,Beverages (Production/Distribution)
DERM,Journey Medical Corporation Common Stock,$5.07,0.07,1.40%,138646481.00,United States,2021,100652,Health Care,Biotechnology: Pharmaceutical Preparations
DETX,Liberty Defense Holdings Ltd. Common Shares,$4.525,0.215,4.988%,25602183.00,United States,,38133,Telecommunications,Telecommunications Equipment
DEVS,DevvStream Corp. Common Stock,$0.1587,-0.0078,-4.685%,609669.00,Canada,2024,1680273,Finance,Finance/Investors Services
DFDV,DeFi Development Corp. Common Stock,$4.46,0.20,4.695%,131558377.00,United States,2023,647812,Finance,Finance: Consumer Services
DFDVW,DeFi Development Corp. Warrant,$0.5725,0.013,2.324%,16887258.00,United States,,16118,,
DFH,Dream Finders Homes Inc. Class A Common Stock,$14.32,-0.03,-0.209%,1310787386.00,United States,2022,568290,Consumer Discretionary,Homebuilding
DFIN,Donnelley Financial Solutions Inc. Common Stock ,$42.84,-1.37,-3.099%,1070244945.00,United States,2016,349003,Consumer Discretionary,Other Consumer Services
DFLI,Dragonfly Energy Holdings Corp. Common Stock (NV),$2.07,0.00,0.00%,25147981.00,United States,2021,266939,Miscellaneous,Industrial Machinery/Components
DFLIW,Dragonfly Energy Holdings Corp. Warrant,$0.041,0.0007,1.737%,498100.00,United States,2021,20538,Miscellaneous,Industrial Machinery/Components
DFNS,T3 Defense Inc. Common Stock,$0.4778,0.0328,7.371%,18072086.00,United States,2020,1682812,Consumer Discretionary,Professional Services
DFNSW,T3 Defense Inc. Warrants,$0.0714,-0.0005,-0.695%,2700601.00,United States,2020,137702,Consumer Discretionary,Professional Services
DFP,Flaherty & Crumrine Dynamic Preferred and Income Fund Inc. Common Stock,$21.03,-0.01,-0.048%,0.00,,2013,60812,Finance,Investment Managers
DFSC,DEFSEC Technologies Inc. Common Stock,$4.02,0.07,1.772%,8014377.00,Canada,,72746,Technology,Computer Software: Prepackaged Software
DFSCW,DEFSEC Technologies Inc. Warrant,$0.0299,0.0127,73.837%,59609.00,Canada,,9586,Technology,Computer Software: Prepackaged Software
DFTX,Definium Therapeutics Inc. Common Shares,$22.05,-1.15,-4.957%,2404922565.00,United States,,2207968,Health Care, Medicinal Chemicals and Botanical Products 
DG,Dollar General Corporation Common Stock,$113.29,-3.18,-2.73%,24949439793.00,United States,2009,3306509,Consumer Discretionary,Department/Specialty Retail Stores
DGICA,Donegal Group Inc. Class A Common Stock,$17.21,-0.01,-0.058%,636821010.00,United States,,104696,Finance,Property-Casualty Insurers
DGICB,Donegal Group Inc. Class B Common Stock,$19.72,0.00,0.00%,729698450.00,United States,1986,388,Finance,Property-Casualty Insurers
DGII,Digi International Inc. Common Stock,$65.78,3.75,6.045%,2480050650.00,United States,1989,360334,Telecommunications,Computer Communications Equipment
DGNX,Diginex Limited Ordinary Shares,$1.37,-0.08,-5.517%,39868289.00,Hong Kong,2025,417892,Technology,EDP Services
DGX,Quest Diagnostics Incorporated Common Stock,$187.39,-3.45,-1.808%,20743403830.00,United States,,762830,Health Care,Medical Specialities
DGXX,Digi Power X Inc. Subordinate Voting Shares,$6.63,0.44,7.108%,462823387.00,Canada,,16275644,Finance,Finance: Consumer Services
DH,Definitive Healthcare Corp. Class A Common Stock,$0.9527,0.0307,3.33%,136886139.00,United States,2021,412447,Technology,Computer Software: Prepackaged Software
DHC,Diversified Healthcare Trust Common Shares of Beneficial Interest,$8.45,0.36,4.45%,2045803525.00,United States,,1372402,Real Estate,Real Estate Investment Trusts
DHCNI,Diversified Healthcare Trust 5.625% Senior Notes due 2042,$18.66,0.28,1.523%,4504791902.00,United States,,17248,Real Estate,Real Estate Investment Trusts
DHCNL,Diversified Healthcare Trust 6.25% Senior Notes Due 2046,$19.45,0.216,1.123%,4695509244.00,United States,,14204,Real Estate,Real Estate Investment Trusts
DHF,BNY Mellon High Yield Strategies Fund Common Stock,$2.41,0.01,0.417%,0.00,United States,1998,171429,Finance,Finance Companies
DHI,D.R. Horton Inc. Common Stock,$147.63,1.66,1.137%,41864858267.00,United States,,1532367,Consumer Discretionary,Homebuilding
DHR,Danaher Corporation Common Stock,$171.16,-4.50,-2.562%,121142020517.00,United States,,5846022,Industrials,Industrial Machinery/Components
DHT,DHT Holdings Inc.,$19.00,-0.02,-0.105%,3059791103.00,Jersey,2005,2915395,Consumer Discretionary,Marine Transportation
DHX,DHI Group Inc. Common Stock,$3.51,0.30,9.346%,151626760.00,United States,2007,603359,Real Estate,Real Estate
DHY,Credit Suisse High Yield Credit Fund Common Stock,$1.78,0.02,1.136%,0.00,United States,1998,769011,Finance,Finance/Investors Services
DIBS,1stdibs.com Inc. Common Stock,$4.28,-0.18,-4.036%,155715088.00,United States,2021,279610,Consumer Discretionary,Catalog/Specialty Distribution
DIN,Dine Brands Global Inc. Common Stock,$28.38,0.09,0.318%,360005267.00,United States,,509176,Consumer Discretionary,Restaurants
DINO,HF Sinclair Corporation Common Stock,$72.43,1.93,2.738%,13057349902.00,United States,1960,2400753,Energy,Natural Gas Distribution
DIOD,Diodes Incorporated Common Stock,$111.41,-1.18,-1.048%,5125591184.00,United States,,1032916,Technology,Semiconductors
DIS,Walt Disney Company (The) Common Stock,$108.02,-0.64,-0.589%,187577964020.00,United States,,8363972,Consumer Discretionary,Services-Misc. Amusement & Recreation
DIT,AMCON Distributing Company Common Stock,$89.36,0.00,0.00%,87217862.00,United States,1999,134,Consumer Discretionary,Food Distributors
DJCO,Daily Journal Corp. (S.C.) Common Stock,$500.97,8.64,1.755%,690197390.00,United States,,16312,Consumer Discretionary,Newspapers/Magazines
DJT,Trump Media & Technology Group Corp. Common Stock,$8.93,-0.09,-0.998%,2471210643.00,United States,2024,4937030,Technology,Computer Software: Programming Data Processing
DJTWW,Trump Media & Technology Group Corp. Warrants,$4.20,-0.20,-4.545%,1162271523.00,United States,2021,71180,Technology,Computer Software: Programming Data Processing
DK,Delek US Holdings Inc. Common Stock,$46.04,1.34,2.998%,2821678434.00,United States,2017,1236136,Energy,Integrated oil Companies
DKI,DarkIris Inc. Class A Ordinary Shares,$0.3361,-0.0349,-9.407%,6764013.00,Hong Kong,2025,631885,Technology,Computer Software: Prepackaged Software
DKL,Delek Logistics Partners L.P. Common Units representing Limited Partner Interests,$51.05,0.03,0.059%,2714236814.00,United States,2012,71171,Energy,Natural Gas Distribution
DKNG,DraftKings Inc. Class A Common Stock,$25.52,0.30,1.19%,12651356358.00,United States,2019,28555365,Consumer Discretionary,Services-Misc. Amusement & Recreation
DKS,Dick's Sporting Goods Inc Common Stock,$225.81,3.61,1.625%,20198456335.00,United States,2002,632389,Consumer Discretionary,Other Specialty Stores
DLB,Dolby Laboratories Common Stock,$58.15,0.68,1.183%,5500880387.00,United States,2005,581449,Miscellaneous,Multi-Sector Companies
DLHC,DLH Holdings Corp.,$5.81,0.08,1.396%,84204533.00,United States,,4059,Consumer Discretionary,Professional Services
DLNG,Dynagas LNG Partners LP Common Units,$3.84,0.00,0.00%,139706922.00,Greece,,39134,Consumer Discretionary,Marine Transportation
DLNG^A,Dynagas LNG Partners LP 9.00% Series A Cumulative Redeemable Preferred Units,$26.30,0.055,0.21%,,Greece,,5414,,
DLO,DLocal Limited Class A Common Shares,$13.70,-0.05,-0.364%,4040567797.00,Uruguay,2021,1795978,Real Estate,Real Estate
DLPN,Dolphin Entertainment Inc. Common Stock,$1.43,-0.01,-0.694%,17760094.00,United States,,22399,Consumer Discretionary,Other Consumer Services
DLR,Digital Realty Trust Inc. Common Stock,$195.31,0.53,0.272%,68633119532.00,United States,2004,1376710,Real Estate,Real Estate Investment Trusts
DLR^J,Digital Realty Trust Inc. 5.250% Series J Cumulative Redeemable Preferred Stock,$20.56,-0.04,-0.194%,,United States,,5611,,
DLR^K,Digital Realty Trust Inc. 5.850% Series K Cumulative Redeemable Preferred Stock par value $0.01 per share,$22.94,-0.06,-0.261%,,United States,,15057,,
DLR^L,Digital Realty Trust Inc. 5.200% Series L Cumulative Redeemable Preferred Stock,$20.37,-0.01,-0.049%,,United States,,18667,,
DLTH,Duluth Holdings Inc. Class B Common Stock,$3.26,-0.12,-3.55%,124299555.00,United States,2015,30824,Consumer Discretionary,Clothing/Shoe/Accessory Stores
DLTR,Dollar Tree Inc. Common Stock,$94.24,-2.52,-2.604%,18350922261.00,United States,1995,3451381,Consumer Discretionary,Department/Specialty Retail Stores
DLX,Deluxe Corporation Common Stock,$26.58,-0.25,-0.932%,1203876484.00,United States,,609642,Consumer Discretionary,Publishing
DLXY,Delixy Holdings Limited Class A Ordinary Shares,$0.55,-0.0002,-0.036%,8992500.00,Singapore,2025,65777,Energy,Oil Refining/Marketing
DLY,DoubleLine Yield Opportunities Fund Common Shares of Beneficial Interest,$14.24,0.01,0.07%,682747893.00,United States,2020,77398,Finance,Investment Managers
DMA,Destra Multi-Alternative Fund Common Stock,$7.43,-0.06,-0.801%,0.00,,2022,14711,Finance,Trusts Except Educational Religious and Charitable
DMAA,Drugs Made In America Acquisition Corp. Ordinary Shares,$10.60,0.00,0.00%,0.00,United States,2025,46311,,
DMAAR,Drugs Made In America Acquisition Corp. Rights,$0.14,-0.009,-6.04%,0.00,United States,2025,81387,Finance,Blank Checks
DMAC,DiaMedica Therapeutics Inc. Common Stock,$6.32,-0.21,-3.216%,340542740.00,United States,2018,276945,Health Care,Biotechnology: Pharmaceutical Preparations
DMB,BNY Mellon Municipal Bond Infrastructure Fund Inc. Common Stock,$11.11,0.07,0.634%,0.00,,2013,34970,Finance,Trusts Except Educational Religious and Charitable
DMII,Drugs Made In America Acquisition II Corp. Ordinary Shares,$10.01,-0.005,-0.05%,0.00,United States,2025,75265,Finance,Blank Checks
DMIIR,Drugs Made In America Acquisition II Corp. Right,$0.086,-0.004,-4.444%,0.00,United States,2025,14284,Finance,Blank Checks
DMIIU,Drugs Made In America Acquisition II Corp. Unit,$10.06,0.00,0.00%,0.00,United States,2025,165,,
DMLP,Dorchester Minerals L.P. Common Units Representing Limited Partnership Interests,$26.02,-0.06,-0.23%,1255606809.00,United States,,111228,Energy,Oil & Gas Production
DMO,Western Asset Mortgage Opportunity Fund Inc. Common Stock,$11.04,-0.04,-0.361%,0.00,United States,2010,33695,Finance,Trusts Except Educational Religious and Charitable
DMRA,Damora Therapeutics Inc. Common Stock,$24.16,-0.83,-3.321%,1456925602.00,Denmark,2020,171314,Health Care,Biotechnology: Pharmaceutical Preparations
DMRC,Digimarc Corporation Common Stock,$9.36,0.78,9.091%,206793166.00,United States,,370226,Technology,EDP Services
DNA,Ginkgo Bioworks Holdings Inc. Class A Common Stock,$8.93,-1.39,-13.469%,554869542.00,United States,2021,2211637,Health Care,Biotechnology: Biological Products (No Diagnostic Substances)
DNLI,Denali Therapeutics Inc. Common Stock,$19.62,-0.09,-0.457%,3113213271.00,United States,2017,1946071,Health Care,Biotechnology: Biological Products (No Diagnostic Substances)
DNMX,Dynamix Corporation III Class A Ordinary Shares,$9.98,0.00,0.00%,0.00,United States,2025,10111,Finance,Blank Checks
DNMXU,Dynamix Corporation III Unit,$10.12,-0.02,-0.197%,0.00,United States,2025,3252,Finance,Blank Checks
DNMXW,Dynamix Corporation III Warrants,$0.32,-0.0001,-0.031%,0.00,United States,2025,1435,Finance,Blank Checks
DNN,Denison Mines Corp Ordinary Shares (Canada),$3.74,0.00,0.00%,3381019705.00,Canada,,17680171,Basic Materials,Other Metals and Minerals
DNOW,DNOW Inc. Common Stock,$13.07,0.02,0.153%,2429981092.00,United States,2014,4913974,Consumer Discretionary,Oil and Gas Field Machinery
DNP,DNP Select Income Fund Inc. Common Stock,$10.70,0.08,0.753%,0.00,United States,1987,483111,Finance,Investment Managers
DNTH,Dianthus Therapeutics Inc. Common Stock,$86.71,1.24,1.451%,4740109063.00,United States,2018,517075,Health Care,Biotechnology: Pharmaceutical Preparations
DNUT,Krispy Kreme Inc. Common Stock,$3.60,-0.04,-1.099%,620562985.00,United States,2021,2829247,Consumer Staples,Food Chains
DOC,Healthpeak Properties Inc. Common Stock,$19.64,-0.02,-0.102%,13540202947.00,United States,,7229263,Real Estate,Real Estate Investment Trusts
DOCN,DigitalOcean Holdings Inc. Common Stock,$163.95,13.52,8.988%,17110507475.00,United States,2021,3945627,Technology,Computer Software: Programming Data Processing
DOCS,Doximity Inc. Class A Common Stock,$25.98,-0.05,-0.192%,4798738729.00,United States,2021,2075294,Technology,EDP Services
DOCU,DocuSign Inc. Common Stock,$47.90,-0.29,-0.602%,9385805784.00,United States,1989,2475822,Technology,Computer Software: Prepackaged Software
DOGZ,Dogness (International) Corporation Class A Common Stock,$1.13,0.01,0.893%,16397044.00,China,2017,25676,Consumer Discretionary,Miscellaneous manufacturing industries
DOLE,Dole plc Ordinary Shares,$14.88,0.08,0.541%,1416049918.00,Ireland,2021,1249016,Consumer Staples,Farming/Seeds/Milling
DOMH,Dominari Holdings Inc. Common Stock,$3.64,0.35,10.638%,82314163.00,United States,,320580,Health Care,Biotechnology: Pharmaceutical Preparations
DOMO,Domo Inc. Class B Common Stock,$3.84,-0.08,-2.041%,173362168.00,United States,2018,497258,Technology,Computer Software: Prepackaged Software
DOO,BRP Inc. Common Subordinate Voting Shares,$57.06,1.29,2.313%,4172397752.00,Canada,,339404,Consumer Discretionary,Industrial Specialties
DORM,Dorman Products Inc. Common Stock,$124.13,-0.39,-0.313%,3709350599.00,United States,,182556,Consumer Discretionary,Auto Parts:O.E.M.
DOUG,Douglas Elliman Inc. Common Stock,$2.09,0.03,1.456%,189993711.00,United States,2021,806968,Finance,Real Estate
DOV,Dover Corporation Common Stock,$219.83,-1.07,-0.484%,29602618640.00,United States,,711725,Industrials,Industrial Machinery/Components
DOW,Dow Inc. Common Stock ,$36.87,-0.45,-1.206%,26573736819.00,United States,2019,9779896,Industrials,Major Chemicals
DOX,Amdocs Limited Ordinary Shares,$63.75,-1.39,-2.134%,6881783111.00,Guernsey,,1040539,Technology,EDP Services
DOYU,DouYu International Holdings Limited ADS,$4.71,0.01,0.213%,142142426.00,China,2019,25097,Technology,Computer Software: Programming Data Processing
DPG,Duff & Phelps Utility and Infrastructure Fund Inc.,$14.63,0.12,0.827%,0.00,United States,2011,258790,Finance,Trusts Except Educational Religious and Charitable
DPRO,Draganfly Inc. Common Shares,$5.48,0.26,4.981%,188380321.00,Canada,,2015199,Industrials,Aerospace
DPZ,Domino's Pizza Inc Common Stock,$323.48,-9.05,-2.722%,10759549708.00,United States,2004,946649,Consumer Discretionary,Food Distributors
DQ,DAQO New Energy Corp. American Depositary Shares each representing five ordinary shares,$18.64,0.25,1.359%,1261296794.00,China,2010,789747,Technology,Semiconductors
DRCT,Direct Digital Holdings Inc. Class A Common Stock,$4.03,-0.72,-15.158%,2996055.00,United States,2022,88026,Consumer Discretionary,Advertising
DRD,DRDGOLD Limited American Depositary Shares,$30.23,1.66,5.81%,2613651670.00,South Africa,,471528,Basic Materials,Precious Metals
DRDB,Roman DBDR Acquisition Corp. II Ordinary shares,$10.525,0.015,0.143%,0.00,United States,2025,8287,,
DRDBW,Roman DBDR Acquisition Corp. II Warrants,$0.22,0.0174,8.588%,0.00,United States,2025,120,,
DRH,Diamondrock Hospitality Company Common Stock,$10.79,0.13,1.22%,2206453477.00,United States,2005,1207558,Real Estate,Real Estate Investment Trusts
DRI,Darden Restaurants Inc. Common Stock,$196.23,1.06,0.543%,22475203639.00,United States,,877604,Consumer Discretionary,Restaurants
DRIO,DarioHealth Corp. Common Stock,$7.81,-0.315,-3.877%,57016171.00,Israel,,4230,Health Care,Medical/Dental Instruments
DRMA,Dermata Therapeutics Inc. Common Stock,$1.26,-0.04,-3.077%,5067900.00,United States,2021,38685,Health Care,Biotechnology: Pharmaceutical Preparations
DRS,Leonardo DRS Inc. Common Stock,$41.36,-0.08,-0.193%,11033279918.00,Israel,,925289,Industrials,Industrial Machinery/Components
DRTS,Alpha Tau Medical Ltd. Ordinary Shares,$8.51,0.66,8.408%,748962862.00,Israel,,488051,Health Care,Medical/Dental Instruments
DRTSW,Alpha Tau Medical Ltd. Warrant,$1.3101,0.3301,33.684%,115301556.00,Israel,,61793,Health Care,Medical/Dental Instruments
DRUG,Bright Minds Biosciences Inc. Common Stock,$85.50,-3.315,-3.732%,836802266.00,Canada,,149658,Health Care,Biotechnology: Pharmaceutical Preparations
DRVN,Driven Brands Holdings Inc. Common Stock,$13.41,-0.34,-2.473%,2205331063.00,United States,2021,1423549,Consumer Discretionary,Automotive Aftermarket
DSAC,Daedalus Special Acquisition Corp. Class A Ordinary Shares,$9.95,0.00,0.00%,0.00,Cayman Islands,2026,78,Finance,Blank Checks
DSACU,Daedalus Special Acquisition Corp. Unit,$10.03,0.00,0.00%,0.00,Cayman Islands,2025,473,Finance,Blank Checks
DSGN,Design Therapeutics Inc. Common Stock,$14.22,0.12,0.851%,888138170.00,United States,2021,403032,Health Care,Biotechnology: Pharmaceutical Preparations
DSGR,Distribution Solutions Group Inc. Common Stock,$27.40,-0.09,-0.327%,1265747521.00,United States,,107069,Consumer Discretionary,Industrial Specialties
DSGX,Descartes Systems Group Inc. (The) Common Stock,$72.30,-1.08,-1.472%,6212524052.00,Canada,,314564,Technology,Computer Software: Prepackaged Software
DSL,DoubleLine Income Solutions Fund Common Shares of Beneficial Interests,$11.13,-0.03,-0.269%,1135224696.00,United States,2013,447636,Finance,Trusts Except Educational Religious and Charitable
DSM,BNY Mellon Strategic Municipal Bond Fund Inc. Common Stock,$6.17,-0.01,-0.162%,0.00,United States,1989,54782,Finance,Investment Managers
DSP,Viant Technology Inc. Class A Common Stock,$12.04,0.28,2.381%,768517703.00,United States,2021,285548,Technology,Computer Software: Programming Data Processing
DSS,DSS Inc. Common Stock,$0.553,-0.007,-1.25%,5553512.00,United States,,83529,Consumer Discretionary,Containers/Packaging
DSU,Blackrock Debt Strategies Fund Inc. Common Stock,$9.91,0.00,0.00%,0.00,United States,1998,220520,Finance,Finance Companies
DSWL,Deswell Industries Inc. Common Shares,$3.4025,0.1325,4.052%,54219651.00,Macau,1995,17840,Industrials,Plastic Products
DSX,Diana Shipping inc. common stock,$2.71,0.02,0.743%,334792741.00,Greece,2005,643270,Consumer Discretionary,Marine Transportation
DSX^B,Diana Shipping Inc. Perpetual Preferred Shares Series B (Marshall Islands),$26.76,-0.05,-0.186%,,Greece,,320,,
DSY,Big Tree Cloud Holdings Limited Class A Ordinary Shares,$2.10,-0.05,-2.326%,9978931.00,China,,6605,Consumer Discretionary,Containers/Packaging
DSYWW,Big Tree Cloud Holdings Limited Warrants,$0.0178,-0.0021,-10.553%,84583.00,China,,690,Consumer Discretionary,Containers/Packaging
DT,Dynatrace Inc. Common Stock,$40.70,0.33,0.817%,12138820340.00,United States,2019,5279550,Technology,Computer Software: Prepackaged Software
DTB,DTE Energy Company 2020 Series G 4.375% Junior Subordinated Debentures due 2080,$17.13,0.06,0.351%,3563525002.00,United States,2020,12051,Utilities,Electric Utilities: Central
DTCX,Datacentrex Inc. Common Stock,$2.35,0.00,0.00%,85089747.00,United States,,316734,Technology,EDP Services
DTE,DTE Energy Company Common Stock,$140.60,-1.40,-0.986%,29248780808.00,United States,,1782097,Utilities,Electric Utilities: Central
DTF,DTF Tax-Free Income 2028 Term Fund Inc. Common Stock,$11.49,0.06,0.525%,80769725.00,United States,1991,19767,Finance,Investment Managers
DTG,DTE Energy Company 2021 Series E 4.375% Junior Subordinated Debentures,$17.24,0.07,0.408%,3586408116.00,United States,2021,18441,Utilities,Electric Utilities: Central
DTI,Drilling Tools International Corporation Common Stock,$3.00,-0.34,-10.18%,105564780.00,United States,2021,933290,Consumer Discretionary,Oil and Gas Field Machinery
DTIL,Precision BioSciences Inc. Common Stock,$7.69,0.21,2.807%,198419279.00,United States,2019,182702,Health Care,Biotechnology: Biological Products (No Diagnostic Substances)
DTK,DTE Energy Company 2025 Series H 6.25% Junior Subordinated Debentures due 2085,$24.79,0.04,0.162%,0.00,United States,2025,27395,Utilities,Electric Utilities: Central
DTM,DT Midstream Inc. Common Stock ,$142.80,-1.33,-0.923%,14567616050.00,United States,2021,642439,Utilities,Natural Gas Distribution
DTSQ,DT Cloud Star Acquisition Corporation Ordinary Shares,$11.21,-0.01,-0.089%,0.00,United States,2024,418,,
DTSQR,DT Cloud Star Acquisition Corporation Right,$0.1373,0.0122,9.752%,0.00,United States,2024,11659,,
DTSQU,DT Cloud Star Acquisition Corporation Units,$10.9475,0.00,0.00%,0.00,United States,2024,41,,
DTSS,Datasea Intelligent Technology Ltd. Class A Ordinary Shares,$0.94,0.0451,5.04%,9820324.00,China,,168794,Technology,Computer Software: Prepackaged Software
DTST,Data Storage Corporation Common Stock,$4.26,0.12,2.899%,9232008.00,United States,,25359,Technology,EDP Services
DTSTW,Data Storage Corporation Warrant,$0.032,-0.001,-3.03%,69348.00,United States,,181731,Technology,EDP Services
DTW,DTE Energy Company 2017 Series E 5.25% Junior Subordinated Debentures due 2077,$21.81,0.09,0.414%,4537097507.00,United States,2017,21236,Utilities,Electric Utilities: Central
DUK,Duke Energy Corporation (Holding Company) Common Stock,$124.17,-0.70,-0.561%,96802462265.00,United States,,2585715,Utilities,Power Generation
DUK^A,Duke Energy Corporation Depositary Shares each representing a 1/1000th interest in a share of 5.75% Series A Cumulative Redeemable Perpetual Preferred Stock,$25.17,0.085,0.339%,,United States,,61621,,
DUKB,Duke Energy Corporation 5.625% Junior Subordinated Debentures due 2078,$24.19,0.15,0.624%,18858432489.00,United States,2018,30556,Utilities,Power Generation
DUO,Fangdd Network Group Ltd. Class A Ordinary Shares,$1.46,-0.07,-4.575%,56280683.00,China,2019,51384,Finance,Real Estate
DUOL,Duolingo Inc. Class A Common Stock,$107.99,-5.62,-4.947%,5031590705.00,United States,2021,1938359,Technology,Computer Software: Prepackaged Software
DUOT,Duos Technologies Group Inc. Common Stock,$8.34,-0.18,-2.113%,244325379.00,United States,,538014,Technology,Computer Software: Prepackaged Software
DV,DoubleVerify Holdings Inc. Common Stock,$11.06,0.21,1.935%,1697313930.00,United States,2021,2747569,Technology,Computer Software: Programming Data Processing
DVA,DaVita Inc. Common Stock,$198.65,2.39,1.218%,12753330000.00,United States,,1127099,Health Care,Misc Health and Biotechnology Services
DVLT,Datavault AI Inc. Common Stock,$0.5422,0.0279,5.425%,404736622.00,United States,2018,47944322,Technology,Semiconductors
DVN,Devon Energy Corporation Common Stock,$45.61,0.30,0.662%,28344571125.00,United States,1985,15142528,Energy,Oil & Gas Production
DWSN,Dawson Geophysical Company Common Stock,$3.14,-0.20,-5.988%,97505918.00,United States,,48298,Energy,Oil & Gas Production
DWTX,Dogwood Therapeutics Inc. Common Stock,$1.65,0.09,5.769%,55112562.00,United States,2020,82040,Health Care,Biotechnology: Pharmaceutical Preparations
DX,Dynex Capital Inc. Common Stock,$13.41,0.09,0.676%,2885173663.00,United States,,4287476,Real Estate,Real Estate Investment Trusts
DX^C,Dynex Capital Inc. 6.900% Series C Fixed-to-Floating Rate Cumulative Redeemable Preferred Stock,$25.80,0.09,0.35%,,United States,,3816,,
DXC,DXC Technology Company Common Stock ,$9.43,-2.58,-21.482%,1600836451.00,United States,,16628024,Technology,EDP Services
DXCM,DexCom Inc. Common Stock,$60.61,-0.30,-0.493%,23387761136.00,United States,2005,4217612,Health Care,Medical/Dental Instruments
DXF,Eason Technology Limited American Depositary Shares (each representing sixty-thousand (60000) Ordinary Shares),$0.4221,-0.027,-6.012%,1365897.00,,,287444,Finance,Finance: Consumer Services
DXLG,Destination XL Group Inc. Common Stock,$0.6585,0.0182,2.842%,36092721.00,United States,,83180,Consumer Discretionary,Clothing/Shoe/Accessory Stores
DXPE,DXP Enterprises Inc. Common Stock,$156.18,6.16,4.106%,2421619628.00,United States,,202157,Industrials,Industrial Machinery/Components
DXR,Daxor Corporation Common Stock,$9.95,0.29,3.002%,50134468.00,United States,,21783,Health Care,Medical/Dental Instruments
DXST,Decent Holding Inc Class A Ordinary Shares,$1.92,-0.08,-4.00%,3484998.00,China,2025,34614,Industrials,Miscellaneous
DXYZ,Destiny Tech100 Inc. Common Stock,$54.60,9.60,21.333%,0.00,,2024,6787560,,
DY,Dycom Industries Inc. Common Stock,$428.31,1.95,0.457%,12857266138.00,United States,,310870,Industrials,Water Sewer Pipeline Comm & Power Line Construction
DYAI,Dyadic International Inc. Common Stock,$0.7665,0.0215,2.886%,27930266.00,United States,,340905,Health Care,Biotechnology: Biological Products (No Diagnostic Substances)
DYN,Dyne Therapeutics Inc. Common Stock,$17.61,0.07,0.399%,2909515413.00,United States,2020,1741685,Health Care,Biotechnology: Pharmaceutical Preparations
DYNC,Dynamix Corporation Class A Ordinary Shares,$10.74,0.01,0.093%,0.00,United States,2024,95441,,
DYNCU,Dynamix Corporation Unit,$10.65,-0.24,-2.204%,0.00,United States,2024,4530,,
DYNCW,Dynamix Corporation Warrant,$0.16,0.04,33.333%,0.00,United States,2024,25486,,
DYOR,Insight Digital Partners II Class A Ordinary Shares,$10.01,0.01,0.10%,0.00,United States,2025,32757,Finance,Blank Checks
DYORU,Insight Digital Partners II Units,$10.1599,0.0399,0.394%,0.00,United States,2025,928,Finance,Blank Checks
DYORW,Insight Digital Partners II Warrants,$0.2999,-0.0001,-0.033%,0.00,United States,2025,1220,Finance,Blank Checks
E,ENI S.p.A. Common Stock,$53.43,0.84,1.597%,84065830021.00,Italy,,690849,Energy,Oil & Gas Production
EA,Electronic Arts Inc. Common Stock,$200.44,-0.41,-0.204%,50160854234.00,United States,,2738161,Consumer Discretionary,Services-Misc. Amusement & Recreation
EAD,Allspring Income Opportunities Fund Common Shares,$6.62,0.01,0.151%,0.00,United States,2003,106832,Finance,Finance/Investors Services
EAF,GrafTech International Ltd. Common Stock,$9.29,0.34,3.799%,241984387.00,United States,2018,133574,Energy,Industrial Machinery/Components
EAI,Entergy Arkansas LLC First Mortgage Bonds 4.875% Series Due September 1 2066,$20.75,0.09,0.436%,9500015453.00,United States,2016,18447,Utilities,Electric Utilities: Central
EARN,Ellington Credit Company Common Shares of Beneficial Interest,$4.93,0.08,1.649%,185166831.00,United States,2013,252835,Real Estate,Real Estate Investment Trusts
EAT,Brinker International Inc. Common Stock,$138.68,-7.62,-5.208%,5947678717.00,United States,,1047078,Consumer Discretionary,Restaurants
EBAY,eBay Inc. Common Stock,$107.69,1.27,1.193%,47923254082.00,United States,1998,4875334,Real Estate,Real Estate
EBC,Eastern Bankshares Inc. Common Stock,$20.06,0.10,0.501%,4691009817.00,United States,2020,1115923,Finance,Savings Institutions
EBF,Ennis Inc. Common Stock,$20.67,-0.12,-0.577%,522803540.00,United States,,88704,Consumer Discretionary,Office Equipment/Supplies/Services
EBMT,Eagle Bancorp Montana Inc. Common Stock,$22.88,-0.03,-0.131%,182249061.00,United States,2010,33624,Finance,Major Banks
EBON,Ebang International Holdings Inc. Class A Ordinary Shares,$2.3399,-0.0601,-2.504%,15312161.00,China,2020,1755,Technology,Semiconductors
EBS,Emergent BioSolutions Inc. Common Stock,$9.50,0.37,4.053%,490164812.00,United States,2006,980174,Health Care,Biotechnology: Pharmaceutical Preparations
EC,Ecopetrol S.A. American Depositary Shares,$12.64,-0.36,-2.769%,25985751050.00,Colombia,,2761485,Energy,Oil & Gas Production
ECAT,BlackRock ESG Capital Allocation Term Trust Common Shares of Beneficial Interest,$15.11,0.07,0.465%,1633919850.00,United States,2021,415254,Finance,Trusts Except Educational Religious and Charitable
ECBK,ECB Bancorp Inc. Common Stock,$18.67,0.05,0.269%,163879230.00,United States,2022,3712,Finance,Banks
ECC           ,Eagle Point Credit Company Inc. Common Stock,$4.26,-0.02,-0.467%,258422352.00,United States,2014,1104912,Finance,Trusts Except Educational Religious and Charitable
ECC^D,Eagle Point Credit Company Inc. 6.75% Series D Preferred Stock,$19.18,0.18,0.947%,,United States,,12639,,
ECCC,Eagle Point Credit Company Inc. 6.50% Series C Term Preferred Stock due 2031,$24.15,-0.0999,-0.412%,1464999955.00,United States,,4187,Finance,Trusts Except Educational Religious and Charitable
ECCU,Eagle Point Credit Company Inc. 7.75% Notes due 2030,$25.39,-0.08,-0.314%,0.00,United States,2024,3574,,
ECCV,Eagle Point Credit Company Inc. 5.375% Notes due 2029,$24.03,0.11,0.46%,1457720452.00,United States,2022,8157,Finance,Trusts Except Educational Religious and Charitable
ECF,Ellsworth Growth and Income Fund Ltd.,$12.90,0.05,0.389%,0.00,United States,1986,14714,Finance,Finance/Investors Services
ECF^A,Ellsworth Growth and Income Fund Ltd. 5.25% Series A Cumulative Preferred Shares (Liquidation Preference $25.00 per share),$21.4817,0.0617,0.288%,,United States,,498,,
ECG,Everus Construction Group Inc. Common Stock,$163.24,4.82,3.043%,8332031763.00,United States,2024,542862,Consumer Discretionary,Homebuilding
ECL,Ecolab Inc. Common Stock,$254.22,-2.33,-0.908%,71797770301.00,United States,,1869301,Consumer Discretionary,Package Goods/Cosmetics
ECO,Okeanis Eco Tankers Corp. Common Stock,$56.20,-0.54,-0.952%,2194309611.00,,,349504,Consumer Discretionary,Marine Transportation
ECOR,electroCore Inc. Common Stock,$6.41,0.14,2.233%,53175482.00,United States,2018,71010,Health Care,Biotechnology: Electromedical & Electrotherapeutic Apparatus
ECPG,Encore Capital Group Inc Common Stock,$83.88,1.66,2.019%,1798421759.00,United States,,455260,Finance,Finance Companies
ECVT,Ecovyst Inc. Common Stock,$14.14,0.17,1.217%,1547672264.00,United States,2017,2475664,Industrials,Major Chemicals
ECX,ECARX Holdings Inc. Class A Ordinary shares,$1.14,-0.04,-3.39%,434408382.00,China,,995676,Technology,EDP Services
ECXWW,ECARX Holdings Inc. Warrants,$0.0505,0.00,0.00%,19243529.00,China,,3,Technology,EDP Services
ED,Consolidated Edison Inc. Common Stock,$106.31,-0.08,-0.075%,39166862662.00,United States,,2580131,Utilities,Power Generation
EDAP,EDAP TMS S.A. American Depositary Shares,$4.13,-0.03,-0.721%,154800602.00,France,1997,65064,Health Care,Biotechnology: Electromedical & Electrotherapeutic Apparatus
EDBL,Edible Garden AG Incorporated Common Stock,$0.396,0.0107,2.777%,361847.00,United States,2022,244145,Consumer Staples,Farming/Seeds/Milling
EDBLW,Edible Garden AG Incorporated Warrant,$0.072,-0.0179,-19.911%,65790.00,United States,2022,66191,Consumer Staples,Farming/Seeds/Milling
EDD,Morgan Stanley Emerging Markets Domestic Debt Fund Inc. Common Stock,$5.56,0.05,0.907%,0.00,United States,2007,243741,Finance,Finance Companies
EDF,Virtus Stone Harbor Emerging Markets Income Fund Common Shares of Beneficial Interest,$5.34,0.07,1.328%,0.00,United States,2010,217095,Finance,Investment Managers
EDHL,Everbright Digital Holding Limited Ordinary Shares,$2.69,0.1199,4.665%,4482280.00,Hong Kong,2025,5036,Consumer Discretionary,Advertising
EDIT,Editas Medicine Inc. Common Stock,$3.11,0.08,2.64%,304488537.00,United States,2016,1114825,Health Care,Biotechnology: Biological Products (No Diagnostic Substances)
EDN,Empresa Distribuidora Y Comercializadora Norte S.A. (Edenor) American Depositary Shares,$23.37,-1.09,-4.456%,1057327087.00,Argentina,2007,182069,Utilities,Electric Utilities: Central
EDRY,EuroDry Ltd. Common Shares ,$21.67,0.21,0.979%,62638153.00,Greece,,9424,Consumer Discretionary,Marine Transportation
EDSA,Edesa Biotech Inc. Common Shares,$16.30,-1.13,-6.483%,136075024.00,United States,,291687,Health Care,Biotechnology: Pharmaceutical Preparations
EDTK,Skillful Craftsman Education Technology Limited Ordinary Share,$1.00,0.00,0.00%,15929451.00,China,2020,1459,Real Estate,Other Consumer Services
EDU,New Oriental Education & Technology Group Inc. Sponsored ADR representing 10 Ordinary Share (Cayman Islands),$53.61,-2.75,-4.879%,21329508768.00,China,2006,928776,Real Estate,Other Consumer Services
EDUC,Educational Development Corporation Common Stock,$1.46,0.00,0.00%,12426591.00,United States,,7716,Consumer Discretionary,Consumer Specialties
EE,Excelerate Energy Inc. Class A Common Stock,$33.89,0.83,2.511%,3866688666.00,United States,2022,536061,Utilities,Oil/Gas Transmission
EEA,The European Equity Fund Inc. Common Stock,$10.81,0.19,1.789%,0.00,United States,,32023,Finance,Trusts Except Educational Religious and Charitable
EEFT,Euronet Worldwide Inc. Common Stock,$68.83,-2.75,-3.842%,2613206938.00,United States,1997,596937,Finance,Investment Bankers/Brokers/Service
EEIQ,EpicQuest Education Group International Limited Common Stock,$3.55,0.07,2.011%,5252150.00,United States,2021,98315,Real Estate,Other Consumer Services
EEX,Emerald Holding Inc. Common Stock,$4.57,-0.23,-4.792%,904445195.00,United States,2017,17928,Real Estate,Real Estate
EFC,Ellington Financial Inc. Common Stock ,$13.62,0.03,0.221%,1697719693.00,United States,2010,2184654,Finance,Real Estate
EFC^B,Ellington Financial Inc. 6.250% Series B Fixed-Rate Reset Cumulative Redeemable Preferred Stock,$24.69,-0.01,-0.04%,,United States,,1796,,
EFC^C,Ellington Financial Inc. 8.625% Series C Fixed-Rate Reset Cumulative Redeemable Preferred Stock,$25.59,0.23,0.907%,,United States,,1912,,
EFC^D,Ellington Financial Inc. 7.00% Series D Cumulative Perpetual Redeemable Preferred Stock,$23.24,0.07,0.302%,,United States,,133,,
EFOI,Energy Focus Inc. Common Stock,$3.93,0.09,2.344%,24772492.00,United States,,78880,Consumer Discretionary,Building Products
EFOR,Everforth Inc. Common Stock,$20.32,-0.55,-2.635%,836264073.00,United States,,818842,Consumer Discretionary,Professional Services
EFR,Eaton Vance Senior Floating-Rate Fund Common Shares of Beneficial Interest,$10.54,0.01,0.095%,0.00,United States,2003,64853,Finance,Trusts Except Educational Religious and Charitable
EFSC,Enterprise Financial Services Corporation Common Stock,$59.83,0.27,0.453%,2188928713.00,United States,,207214,Finance,Major Banks
EFSCP,Enterprise Financial Services Corporation Depositary Shares Each Representing a 1/40th Interest in a Share of 5% Fixed Rate Non-Cumulative Perpetual Preferred Stock Series A,$21.30,0.50,2.404%,779277647.00,United States,,7468,Finance,Major Banks
EFSI,Eagle Financial Services Inc Common Stock,$37.91,-0.16,-0.42%,205183174.00,United States,,11011,Finance,Major Banks
EFT,Eaton Vance Floating Rate Income Trust Common Shares of Beneficial Interest,$11.00,0.01,0.091%,319994565.00,United States,2004,72359,Finance,Finance Companies
EFX,Equifax Inc. Common Stock,$175.83,0.21,0.12%,20936501674.00,United States,,1403105,Finance,Finance: Consumer Services
EFXT,Enerflex Ltd Common Shares,$27.13,-1.26,-4.438%,3310502384.00,Canada,2022,556469,Industrials,Industrial Machinery/Components
EG,Everest Group Ltd. Common Stock,$351.52,-0.21,-0.06%,13910209535.00,Bermuda,,261746,Finance,Property-Casualty Insurers
EGAN,eGain Corporation Common Stock,$7.46,-0.27,-3.493%,204300381.00,United States,1999,240642,Technology,Computer Software: Prepackaged Software
EGBN,Eagle Bancorp Inc. Common Stock,$26.38,0.17,0.649%,800987732.00,United States,,174985,Finance,Major Banks
EGO,Eldorado Gold Corporation Ordinary Shares,$34.15,1.00,3.017%,8913093106.00,Canada,,3744669,Basic Materials,Precious Metals
EGP,EastGroup Properties Inc. Common Stock,$205.32,1.43,0.701%,11037023618.00,United States,,404695,Real Estate,Real Estate Investment Trusts
EGY,VAALCO Energy Inc.  Common Stock,$5.60,-0.37,-6.198%,599268062.00,United States,,2731614,Energy,Oil & Gas Production
EH,EHang Holdings Limited ADS,$10.30,-0.11,-1.057%,741444037.00,China,2019,267481,Industrials,Aerospace
EHAB,Enhabit Inc. Common Stock,$13.79,0.02,0.145%,699473549.00,United States,2022,584884,Health Care,Medical/Nursing Services
EHC,Encompass Health Corporation Common Stock,$106.10,-1.05,-0.98%,10525022388.00,United States,,967687,Health Care,Hospital/Nursing Management
EHGO,Eshallgo Inc. Class A Ordinary Shares,$1.77,-0.05,-2.747%,3579974.00,China,2024,6423,Consumer Discretionary,Diversified Commercial Services
EHI,Western Asset Global High Income Fund Inc Common Stock,$6.115,-0.005,-0.082%,0.00,United States,2003,143840,Finance,Investment Managers
EHLD,Euroholdings Ltd. Common Stock ,$8.51,0.01,0.118%,23969394.00,Greece,,2961,Consumer Discretionary,Marine Transportation
EHTH,eHealth Inc. Common Stock,$1.89,0.03,1.613%,59597226.00,United States,2006,431761,Finance,Specialty Insurers
EIC,Eagle Point Income Company Inc. Common Stock,$10.63,0.04,0.378%,94693188.00,United States,2019,205526,Finance,Finance/Investors Services
EICA,Eagle Point Income Company Inc. 5.00% Series A Term Preferred Stock due 2026,$25.0199,-0.0045,-0.018%,222879971.00,United States,2021,3639,Finance,Finance/Investors Services
EIG,Employers Holdings Inc Common Stock,$42.01,0.01,0.024%,766385111.00,United States,2007,171108,Finance,Property-Casualty Insurers
EIIA,Eagle Point Institutional Income Fund 8.125% Series A Term Preferred Shares Due 2029,$25.21,-0.02,-0.079%,0.00,,2024,3781,,
EIKN,Eikon Therapeutics Inc. Common Stock,$9.96,0.79,8.615%,539220008.00,United States,2026,563005,Health Care,Biotechnology: Biological Products (No Diagnostic Substances)
EIM,Eaton Vance Municipal Bond Fund Common Shares of Beneficial Interest $.01 par value,$9.99,0.01,0.10%,0.00,United States,2002,75915,Finance,Finance/Investors Services
EIX,Edison International Common Stock,$68.95,0.38,0.554%,26531542232.00,United States,,1871849,Utilities,Electric Utilities: Central
EJH,E-Home Household Service Holdings Limited Ordinary Shares,$1.38,-0.10,-6.757%,4416213.00,China,2021,14756,Consumer Discretionary,Other Consumer Services
EL,Estee Lauder Companies Inc. (The) Common Stock,$86.20,0.91,1.067%,31186721673.00,United States,1995,2309661,Consumer Discretionary,Package Goods/Cosmetics
ELA,Envela Corporation Common Stock,$24.62,1.35,5.801%,639220779.00,United States,,137085,Consumer Discretionary,Consumer Specialties
ELAB,PMGC Holdings Inc. Common Stock,$1.98,-0.18,-8.333%,8812083.00,United States,2023,300974,Health Care,Biotechnology: Pharmaceutical Preparations
ELAN,Elanco Animal Health Incorporated Common Stock,$23.65,-0.36,-1.499%,11811982638.00,United States,2018,8287612,Health Care,Biotechnology: Pharmaceutical Preparations
ELBM,Electra Battery Materials Corporation Common Stock,$0.6441,-0.0129,-1.963%,66817858.00,Canada,,840110,Miscellaneous,Industrial Machinery/Components
ELC,Entergy Louisiana Inc. Collateral Trust Mortgage Bonds 4.875 % Series due September 1 2066,$20.68,0.128,0.623%,4409752575.00,United States,2016,10063,Utilities,Electric Utilities: Central
ELDN,Eledon Pharmaceuticals Inc. Common Stock,$3.88,0.02,0.518%,299488753.00,United States,2014,1111466,Health Care,Biotechnology: Pharmaceutical Preparations
ELE,Elemental Royalty Corporation Common Stock,$18.86,1.31,7.464%,1211286518.00,Canada,,374412,Basic Materials,Precious Metals
ELF,e.l.f. Beauty Inc. Common Stock,$60.86,-0.93,-1.505%,3593919266.00,United States,2016,2257996,Consumer Discretionary,Package Goods/Cosmetics
ELLA,Ellington Credit Company 8.50% Notes due 2031,$25.65,-0.0388,-0.151%,0.00,United States,2026,6512,Real Estate,Real Estate Investment Trusts
ELLO,Ellomay Capital Ltd Ordinary Shares (Israel),$24.50,0.00,0.00%,337689135.00,Israel,,805,Utilities,Electric Utilities: Central
ELMD,Electromed Inc. Common Stock,$26.93,0.07,0.261%,222854179.00,United States,2011,28913,Health Care,Biotechnology: Electromedical & Electrotherapeutic Apparatus
ELME,Elme Communities Common Stock,$2.10,-0.01,-0.474%,186601554.00,United States,2000,701232,Real Estate,Real Estate Investment Trusts
ELMT,The Elmet Group Co. Common Stock,$15.71,0.36,2.345%,457512496.00,United States,2026,545370,Industrials,Metal Fabrications
ELOG,Eastern International Ltd. Ordinary Shares,$0.8213,-0.0517,-5.922%,9869562.00,China,2025,6566,Industrials,Integrated Freight & Logistics
ELPC,Companhia Paranaense de Energia (COPEL) American Depositary Shares (each representing four (4) Common Shares),$12.60,0.30,2.439%,9395853365.00,Brazil,2023,118536,Utilities,Electric Utilities: Central
ELPW,Elong Power Holding Limited Class A Ordinary Shares,$6.43,-0.66,-9.309%,9177565.00,China,,559315,Miscellaneous,Industrial Machinery/Components
ELS,Equity Lifestyle Properties Inc. Common Stock,$63.24,-0.05,-0.079%,12264610852.00,United States,,1300082,Real Estate,Real Estate Investment Trusts
ELSE,Electro-Sensors Inc. Common Stock,$7.63,-0.02,-0.261%,26952387.00,United States,,1464,Industrials,Industrial Machinery/Components
ELTK,Eltek Ltd. Ordinary Shares,$8.075,-0.1675,-2.032%,54262603.00,Israel,1997,7357,Technology,Electrical Products
ELTX,Elicio Therapeutics Inc. Common Stock,$9.91,-0.10,-0.999%,182305093.00,United States,2021,105163,Health Care,Biotechnology: Pharmaceutical Preparations
ELUT,Elutia Inc. Class A Common Stock,$1.01,0.0112,1.121%,44650318.00,United States,2020,129460,Health Care,Biotechnology: Biological Products (No Diagnostic Substances)
ELV,Elevance Health Inc. Common Stock,$378.07,5.15,1.381%,82102581007.00,United States,,1305874,Health Care,Medical Specialities
ELVA,Electrovaya Inc. Common Shares,$10.55,0.77,7.873%,506408577.00,Canada,,372881,,
ELVN,Enliven Therapeutics Inc. Common Stock,$40.75,0.46,1.142%,2481253441.00,United States,2020,606404,Health Care,Biotechnology: Pharmaceutical Preparations
ELVR,Elevra Lithium Limited American Depository Shares,$97.99,1.90,1.977%,1659722969.00,Australia,,85630,Industrials,Mining & Quarrying of Nonmetallic Minerals (No Fuels)
ELWT,Elauwit Connection Inc. Common Stock,$8.13,0.30,3.831%,53818941.00,United States,2025,14733,Consumer Discretionary,Telecommunications Equipment
EMA,Emera Incorporated Common Shares,$52.60,0.41,0.786%,16084191639.00,Canada,2025,336067,Utilities,Electric Utilities: Central
EMAT,Evolution Metals & Technologies Corp. Common Stock,$9.50,0.17,1.822%,0.00,United States,,92214,,
EMBC,Embecta Corp. Common Stock,$3.64,0.04,1.111%,215952744.00,United States,,6501088,Health Care,Medical/Dental Instruments
EMBJ,Embraer S.A. Common Stock,$60.11,-7.64,-11.277%,10861368169.00,Brazil,,5626351,Industrials,Aerospace
EMD,Western Asset Emerging Markets Debt Fund Inc Common Stock,$10.71,0.03,0.281%,0.00,United States,,152205,Finance,Finance/Investors Services
EME,EMCOR Group Inc. Common Stock,$921.64,-2.42,-0.262%,40957937816.00,United States,,259556,Industrials,Engineering & Construction
EMF,Templeton Emerging Markets Fund Common Stock,$22.57,0.58,2.638%,0.00,United States,1987,30344,Finance,Finance/Investors Services
EMIS,Emmis Acquisition Corp. Class A Ordinary Shares,$10.10,0.00,0.00%,0.00,United States,2025,12,Health Care,Biotechnology: Pharmaceutical Preparations
EML,Eastern Company (The) Common Stock,$22.18,-0.39,-1.728%,133887130.00,United States,,5603,Consumer Discretionary,Industrial Machinery/Components
EMN,Eastman Chemical Company Common Stock,$73.65,-0.04,-0.054%,8421874554.00,United States,,858827,Industrials,Major Chemicals
EMO,ClearBridge Energy Midstream Opportunity Fund Inc. Common Stock,$49.40,-0.47,-0.942%,0.00,United States,2011,38976,Finance,Investment Managers
EMP,Entergy Mississippi LLC First Mortgage Bonds 4.90% Series Due October 1 2066,$21.10,0.05,0.238%,9660256677.00,United States,2016,6459,Utilities,Electric Utilities: Central
EMPD,Empery Digital Inc. Common stock,$5.04,0.10,2.024%,0.00,United States,2021,197888,,
EMR,Emerson Electric Company Common Stock,$141.31,0.22,0.156%,79147731000.00,United States,,2534470,Technology,Consumer Electronics/Appliances
ENB,Enbridge Inc Common Stock,$53.59,-0.40,-0.741%,116951430934.00,Canada,,5074419,Energy,Natural Gas Distribution
ENGN,enGene Therapeutics Inc. Common Stock,$1.50,-0.22,-12.791%,100484199.00,Canada,,17350288,Health Care,Biotechnology: Biological Products (No Diagnostic Substances)
ENGNW,enGene Therapeutics Inc. Warrants,$0.12,-0.11,-47.826%,8038736.00,Canada,,95552,Health Care,Biotechnology: Biological Products (No Diagnostic Substances)
ENGS,Energys Group Limited Ordinary Shares,$1.25,0.00,0.00%,39066770.00,United Kingdom,2025,233461,Industrials,Engineering & Construction
ENHA,Enhanced Group Inc.,$9.70,1.67,20.797%,0.00,Singapore,,874567,,
ENIC,Enel Chile S.A. American Depositary Shares (Each representing 50 shares of Common Stock),$4.62,-0.01,-0.216%,6390989885.00,Chile,2016,358709,Utilities,Electric Utilities: Central
ENJ,Entergy New Orleans LLC First Mortgage Bonds 5.0% Series due December 1 2052,$20.35,-0.015,-0.074%,9316882625.00,United States,,455,Utilities,Power Generation
ENLT,Enlight Renewable Energy Ltd. Ordinary Shares,$90.51,5.42,6.37%,12621081871.00,Israel,2023,172104,Utilities,Electric Utilities: Central
ENLV,Enlivex Ltd. Ordinary Shares,$0.77,-0.0331,-4.122%,185607517.00,Israel,2014,340851,Health Care,Biotechnology: Pharmaceutical Preparations
ENO,Entergy New Orleans LLC First Mortgage Bonds 5.50% Series due April 1 2066,$22.09,0.07,0.318%,4723523388.00,United States,2016,6377,Utilities,Power Generation
ENOV,Enovis Corporation Common Stock,$26.52,-0.73,-2.679%,1519612681.00,United States,,1537889,Health Care,Industrial Specialties
ENPH,Enphase Energy Inc. Common Stock,$36.45,0.98,2.763%,4804045119.00,United States,2012,3693419,Technology,Semiconductors
ENR,Energizer Holdings Inc. Common Stock,$18.86,0.30,1.616%,1291409927.00,United States,2015,1088760,Miscellaneous,Industrial Machinery/Components
ENS,EnerSys Common Stock,$229.82,6.87,3.081%,8469182773.00,United States,2004,375616,Technology,Industrial Machinery/Components
ENSC,Ensysce Biosciences Inc. Common Stock,$0.3502,-0.0198,-5.351%,3249092.00,United States,,219919,Health Care,Biotechnology: Pharmaceutical Preparations
ENSG,The Ensign Group Inc. Common Stock,$171.45,-2.85,-1.635%,10020463830.00,United States,2007,713124,Health Care,Hospital/Nursing Management
ENTA,Enanta Pharmaceuticals Inc. Common Stock,$15.34,0.25,1.657%,445156737.00,United States,2013,191741,Health Care,Biotechnology: Pharmaceutical Preparations
ENTG,Entegris Inc. Common Stock,$149.11,1.45,0.982%,22739275000.00,United States,2000,3012155,Industrials,Plastic Products
ENTX,Entera Bio Ltd. Ordinary Shares,$1.30,-0.07,-5.109%,60608911.00,Israel,2018,158032,Health Care,Biotechnology: Biological Products (No Diagnostic Substances)
ENVA,Enova International Inc. Common Stock,$174.90,2.40,1.391%,4352368310.00,United States,2014,180677,Finance,Finance: Consumer Services
ENVB,Enveric Biosciences Inc. Common Stock,$2.85,-0.32,-10.095%,5658775.00,United States,,283984,Health Care,Biotechnology: Pharmaceutical Preparations
ENVX,Enovix Corporation Common Stock,$6.61,0.19,2.96%,1437756865.00,United States,2021,4714275,Miscellaneous,Industrial Machinery/Components
EOD,Allspring Global Dividend Opportunity Fund Common Shares of Beneficial Interest,$6.54,0.13,2.028%,0.00,United States,2007,96688,Finance,Investment Managers
EOG,EOG Resources Inc. Common Stock,$130.03,-0.86,-0.657%,69257687756.00,United States,,3591258,Energy,Oil & Gas Production
EOI,Eaton Vance Enhance Equity Income Fund Eaton Vance Enhanced Equity Income Fund Shares of Beneficial Interest,$20.01,0.11,0.553%,0.00,United States,2004,53443,Finance,Finance/Investors Services
EOLS,Evolus Inc. Common Stock,$6.36,-0.03,-0.469%,418836216.00,United States,2018,844515,Health Care,Biotechnology: Pharmaceutical Preparations
EONR,EON Resources Inc. Class A Common Stock,$0.693,-0.035,-4.808%,34628062.00,,2022,1730332,Energy,Oil & Gas Production
EOS,Eaton Vance Enhance Equity Income Fund II Common Stock,$22.78,0.19,0.841%,0.00,,2005,110927,Finance,Trusts Except Educational Religious and Charitable
EOSE,Eos Energy Enterprises Inc. Class A Common Stock,$8.01,1.65,25.943%,2719066782.00,United States,,53745991,Miscellaneous,Industrial Machinery/Components
EOT,Eaton Vance Municipal Income Trust EATON VANCE NATIONAL MUNICIPAL OPPORTUNITIES TRUST,$17.05,0.00,0.00%,266404903.00,United States,2009,36202,Finance,Investment Bankers/Brokers/Service
EP,Empire Petroleum Corporation Common Stock,$2.67,-0.07,-2.555%,106218485.00,United States,2022,35356,Energy,Oil & Gas Production
EP^C,El Paso Corporation Preferred Stock,$50.50,0.18,0.358%,,United States,,1311,,
EPAC,Enerpac Tool Group Corp. Common Stock,$35.52,-0.02,-0.056%,1830813363.00,United States,,277250,Technology,Industrial Machinery/Components
EPAM,EPAM Systems Inc. Common Stock,$99.23,-5.01,-4.806%,5204049080.00,United States,2012,2436086,Technology,EDP Services
EPC,Edgewell Personal Care Company Common Stock,$21.25,-0.40,-1.848%,979228178.00,United States,,920425,Consumer Discretionary,Package Goods/Cosmetics
EPD,Enterprise Products Partners L.P. Common Stock,$37.19,-0.54,-1.431%,80395879801.00,United States,,5208554,Utilities,Natural Gas Distribution
EPM,Evolution Petroleum Corporation Inc. Common Stock,$4.65,-0.06,-1.274%,162767875.00,United States,,149278,Energy,Oil & Gas Production
EPOW,E-Power Inc. Class A Ordinary Shares,$0.7125,-0.0628,-8.10%,19228202.00,China,2021,522747,Real Estate,Real Estate
EPR,EPR Properties Common Stock,$58.28,0.40,0.691%,4458627477.00,United States,1997,1030272,Real Estate,Real Estate Investment Trusts
EPR^C,EPR Properties 5.75% Series C Cumulative Convertible Preferred Shares,$25.9099,-0.1401,-0.538%,,United States,,1892,,
EPR^E,EPR Properties Series E Cumulative Conv Pfd Shs Ser E,$32.84,-0.11,-0.334%,,United States,,4484,,
EPR^G,EPR Properties 5.750% Series G Cumulative Redeemable Preferred Shares,$20.26,-0.04,-0.197%,,United States,,4155,,
EPRT,Essential Properties Realty Trust Inc. Common Stock,$31.40,-0.07,-0.222%,6790122987.00,United States,2018,1252889,Real Estate,Real Estate Investment Trusts
EPRX,Eupraxia Pharmaceuticals Inc. Common Stock,$7.45,-0.02,-0.268%,458198691.00,Canada,,94574,Health Care,Pharmaceuticals and Biotechnology
EPSM,Epsium Enterprise Limited Class A Ordinary Shares,$1.25,-0.05,-3.846%,16797543.00,Macau,2025,12224,Consumer Staples,Beverages (Production/Distribution)
EPSN,Epsilon Energy Ltd. Common Share,$5.82,-0.06,-1.02%,176046951.00,United States,,140885,Energy,Oil & Gas Production
EQ,Equillium Inc. Common Stock,$2.11,-0.03,-1.402%,133408033.00,United States,2018,238794,Health Care,Biotechnology: Pharmaceutical Preparations
EQBK,Equity Bancshares Inc. Class A Common Stock,$45.70,-0.09,-0.197%,959340752.00,United States,,56492,Finance,Major Banks
EQH,Equitable Holdings Inc. Common Stock,$42.60,-0.25,-0.583%,11942818027.00,United States,2018,2485166,Finance,Specialty Insurers
EQH^A,Equitable Holdings Inc. Depositary Shares,$19.99,-0.01,-0.05%,,United States,,53837,,
EQH^C,Equitable Holdings Inc. Depositary Shares each representing a 1/1000th interest in a share of Fixed Rate Noncumulative Perpetual Preferred Stock Series C,$16.42,-0.06,-0.364%,,United States,,13860,,
EQIX,Equinix Inc. Common Stock REIT,$1072.08,5.32,0.499%,105733083796.00,United States,2000,428697,Real Estate,Real Estate Investment Trusts
EQNR,Equinor ASA,$36.69,-0.22,-0.596%,91734944091.00,Norway,,4510197,Energy,Integrated oil Companies
EQPT,EquipmentShare.com Inc Class A Common Stock,$21.80,1.20,5.825%,5499921935.00,United States,2026,1740788,Consumer Discretionary,Diversified Commercial Services
EQR,Equity Residential Common Shares of Beneficial Interest,$65.54,-0.32,-0.486%,24555985512.00,United States,,1772525,Real Estate,Real Estate Investment Trusts
EQS,Equus Total Return Inc. Common Stock,$1.29,0.1601,14.169%,18017038.00,United States,,16551,Finance,Finance/Investors Services
EQT,EQT Corporation Common Stock,$55.96,-0.26,-0.462%,35001748880.00,United States,,6204449,Energy,Oil & Gas Production
EQX,Equinox Gold Corp. Common Shares,$14.29,-0.08,-0.557%,11276827905.00,Canada,,8071063,Basic Materials,Precious Metals
ERAS,Erasca Inc. Common Stock,$10.12,-0.28,-2.692%,3146975627.00,United States,2021,3134356,Health Care,Biotechnology: Pharmaceutical Preparations
ERC,Allspring Multi-Sector Income Fund Common Stock,$9.16,0.00,0.00%,0.00,United States,2003,33412,Finance,Finance/Investors Services
ERH,Allspring Utilities and High Income Fund Common Shares,$12.40,-0.13,-1.038%,0.00,,2004,18740,Finance,Finance/Investors Services
ERIC,Ericsson American Depositary Shares,$11.88,0.12,1.02%,40051658612.00,Sweden,,4866328,Technology,Radio And Television Broadcasting And Communications Equipment
ERIE,Erie Indemnity Company Class A Common Stock,$215.90,-0.85,-0.392%,9972768599.00,United States,,140633,Finance,Specialty Insurers
ERII,Energy Recovery Inc. Common Stock,$9.13,-0.30,-3.181%,470608215.00,United States,2008,1548196,Technology,Industrial Machinery/Components
ERNA,Ernexa Therapeutics Inc. Common Stock,$7.53,-0.29,-3.708%,8781313.00,United States,,1453372,Health Care,Biotechnology: Pharmaceutical Preparations
ERNAW,Ernexa Therapeutics Inc. Warrants,$0.075,-0.015,-16.667%,87463.00,United States,,20983,,
ERO,Ero Copper Corp. Common Shares,$28.48,1.38,5.092%,2969793752.00,Canada,2021,1705984,Basic Materials,Metal Mining
ES,Eversource Energy (D/B/A) Common Stock,$66.51,-0.53,-0.791%,24997473896.00,United States,,3620477,Utilities,Electric Utilities: Central
ESAB,ESAB Corporation Common Stock,$100.94,-1.45,-1.416%,6145380831.00,United States,2022,638723,Industrials,Industrial Machinery/Components
ESCA,Escalade Incorporated Common Stock,$19.65,-0.15,-0.758%,271268997.00,United States,,28887,Consumer Discretionary,Recreational Games/Products/Toys
ESE,ESCO Technologies Inc. Common Stock,$303.11,-29.66,-8.913%,7849264420.00,United States,,621444,Telecommunications,Telecommunications Equipment
ESEA,Euroseas Ltd. Common Stock (Marshall Islands),$73.19,0.91,1.259%,516419930.00,Greece,,28061,Consumer Discretionary,Marine Transportation
ESI,Element Solutions Inc. Common Stock,$43.90,1.63,3.856%,10694355992.00,United States,2014,2973901,Industrials,Major Chemicals
ESLA,Estrella Immunopharma Inc. Common Stock,$1.26,-0.01,-0.787%,53758187.00,United States,2021,42867,Health Care,Biotechnology: Biological Products (No Diagnostic Substances)
ESLAW,Estrella Immunopharma Inc. Warrant,$0.1375,0.00,0.00%,5866469.00,United States,2021,56,Health Care,Biotechnology: Biological Products (No Diagnostic Substances)
ESLT,Elbit Systems Ltd. Ordinary Shares,$782.205,-12.755,-1.604%,36379519937.00,Israel,,143540,Industrials,Military/Government/Technical
ESNT,Essent Group Ltd. Common Shares,$63.13,1.55,2.517%,5934827247.00,Bermuda,2013,655727,Finance,Property-Casualty Insurers
ESOA,Energy Services of America Corporation Common Stock,$17.31,0.08,0.464%,288367965.00,United States,,60101,Industrials,Water Sewer Pipeline Comm & Power Line Construction
ESP,Espey Mfg. & Electronics Corp. Common Stock,$71.13,0.89,1.267%,210462503.00,United States,1960,47626,Technology,Industrial Machinery/Components
ESPR,Esperion Therapeutics Inc. Common Stock,$3.14,0.00,0.00%,808251311.00,United States,2013,7427608,Health Care,Biotechnology: Pharmaceutical Preparations
ESQ,Esquire Financial Holdings Inc. Common Stock,$106.83,-0.47,-0.438%,922950414.00,United States,2017,72768,Finance,Commercial Banks
ESRT,Empire State Realty Trust Inc. Class A Common Stock,$5.71,0.10,1.783%,977779795.00,United States,2013,914677,Real Estate,Real Estate Investment Trusts
ESS,Essex Property Trust Inc. Common Stock,$263.55,-3.82,-1.429%,16936478334.00,United States,1994,381706,Real Estate,Real Estate Investment Trusts
ESTA,Establishment Labs Holdings Inc. Common Shares,$71.77,-0.26,-0.361%,2108962239.00,Costa Rica,2018,356704,Health Care,Industrial Specialties
ESTC,Elastic N.V. Ordinary Shares,$52.25,0.63,1.22%,5407927668.00,United States,2018,1270616,Technology,Computer Software: Prepackaged Software
ET,Energy Transfer LP Common Units ,$19.34,-0.58,-2.912%,66535683881.00,United States,,11390075,Utilities,Natural Gas Distribution
ET^I,Energy Transfer L.P. Series I Fixed Rate Perpetual Preferred Units,$11.58,-0.215,-1.823%,,United States,,53249,,
ETB,Eaton Vance Tax-Managed Buy-Write Income Fund Eaton Vance Tax-Managed Buy-Write Income Fund Common Shares of Beneficial Interest,$15.47,0.13,0.847%,454375527.00,United States,2005,25456,Finance,Investment Bankers/Brokers/Service
ETD,Ethan Allen Interiors Inc. Common Stock,$20.39,-0.05,-0.245%,518850852.00,United States,,283854,Consumer Discretionary,Home Furnishings
ETG,Eaton Vance Tax-Advantaged Global Dividend Income Fund Common Shares of Beneficial Interest,$23.02,0.33,1.454%,0.00,United States,2004,161716,Finance,Investment Managers
ETI^,Entergy Texas Inc 5.375% Series A Preferred Stock Cumulative No Par Value,$24.10,-0.15,-0.619%,,United States,,1473,,
ETJ,Eaton Vance Risk-Managed Diversified Equity Income Fund Common Shares of Beneficial Interest,$8.49,0.00,0.00%,0.00,United States,2007,79511,Finance,Finance Companies
ETN,Eaton Corporation PLC Ordinary Shares,$401.51,2.36,0.591%,155906333000.00,Ireland,,2386350,Technology,Industrial Machinery/Components
ETO,Eaton Vance Tax-Advantage Global Dividend Opp Common Stock,$30.48,0.30,0.994%,499510446.00,United States,2004,42681,Finance,Investment Managers
ETON,Eton Pharmaceuticals Inc. Common Stock,$29.65,-1.37,-4.417%,811217803.00,United States,2018,284766,Health Care,Biotechnology: Pharmaceutical Preparations
ETOR,eToro Group Ltd. Class A Common Shares,$38.38,0.14,0.366%,3091368261.00,Israel,2025,1073464,Finance,Investment Bankers/Brokers/Service
ETR,Entergy Corporation Common Stock,$111.59,-0.43,-0.384%,51095593257.00,United States,,4139477,Utilities,Electric Utilities: Central
ETS,Elite Express Holding Inc. Class A Common Stock,$0.551,0.0078,1.436%,9210886.00,United States,2025,34585,Industrials,Trucking Freight/Courier Services
ETSY,Etsy Inc. Common Stock,$64.38,0.36,0.562%,6109419352.00,United States,2025,2343240,Real Estate,Real Estate
ETV,Eaton Vance Corporation Eaton Vance Tax-Managed Buy-Write Opportunities Fund Common Shares of Beneficial Interest,$14.67,0.10,0.686%,1602966680.00,United States,2005,143239,Finance,Investment Bankers/Brokers/Service
ETW,Eaton Vance Corporation Eaton Vance Tax-Managed Global Buy-Write Opportunites Fund Common Shares of Beneficial Interest,$9.45,0.00,0.00%,1035699078.00,United States,2005,116412,Finance,Investment Managers
ETX           ,Eaton Vance Municipal Income 2028 Term Trust Common Shares of Beneficial Interest,$18.84,0.14,0.749%,205072571.00,,2013,16316,Finance,Investment Managers
ETY,Eaton Vance Tax-Managed Diversified Equity Income Fund Common Shares of Beneficial Interest,$15.00,0.12,0.806%,0.00,United States,2006,473387,Finance,Finance Companies
EU,enCore Energy Corp. Common Shares,$1.655,-0.215,-11.497%,321427733.00,United States,,7731040,Basic Materials,Other Metals and Minerals
EUDA,EUDA Health Holdings Limited Ordinary Shares,$13.76,0.32,2.381%,34321912.00,Singapore,2021,22100,Health Care,Medical/Nursing Services
EUDAW,EUDA Health Holdings Limited Warrant,$0.0359,0.0002,0.56%,89546.00,Singapore,2021,31342,Health Care,Medical/Nursing Services
EURK,Eureka Acquisition Corp Class A Ordinary Share,$11.37,0.01,0.088%,0.00,United States,2024,140,,
EVAC,EQV Ventures Acquisition Corp. II Class A Ordinary Shares,$10.14,0.00,0.00%,0.00,,2025,33196,Industrials,Fluid Controls
EVAX,Evaxion A/S American Depositary Share,$4.34,0.27,6.634%,36196533.00,Denmark,2021,36798,Health Care,Biotechnology: Biological Products (No Diagnostic Substances)
EVC,Entravision Communications Corporation Common Stock,$7.16,0.21,3.022%,659000529.00,United States,2000,3813120,Industrials,Broadcasting
EVCM,EverCommerce Inc. Common Stock,$11.97,0.18,1.527%,2118932584.00,United States,2021,98249,Technology,Computer Software: Prepackaged Software
EVER,EverQuote Inc. Class A Common Stock,$20.50,-0.10,-0.485%,725152199.00,United States,2018,865163,Technology,Computer Software: Programming Data Processing
EVEX,Eve Holding Inc. Common Stock,$3.23,0.02,0.623%,1125023806.00,United States,2022,1100471,Industrials,Aerospace
EVF,Eaton Vance Senior Income Trust Common Stock,$5.00,0.01,0.20%,87694290.00,United States,1998,88398,Finance,Investment Bankers/Brokers/Service
EVG,Eaton Vance Short Diversified Income Fund Eaton Vance Short Duration Diversified Income Fund Common Shares of Beneficial Interest,$10.91,-0.01,-0.092%,0.00,United States,2005,39850,Finance,Investment Managers
EVGN,Evogene Ltd Ordinary Shares,$0.7517,-0.0293,-3.752%,7437142.00,Israel,,52954,Industrials,Agricultural Chemicals
EVGO,EVgo Inc. Class A Common Stock,$1.97,0.07,3.684%,618302949.00,United States,,4192176,Technology,EDP Services
EVGOW,EVgo Inc. Warrants,$0.011,-0.0043,-28.105%,3452453.00,United States,,63056,Technology,EDP Services
EVH,Evolent Health Inc Class A Common Stock,$4.18,-0.09,-2.108%,476596385.00,United States,2015,2959874,Consumer Discretionary,Other Consumer Services
EVI,EVI Industries Inc.  Common Stock,$20.05,-0.05,-0.249%,257886087.00,United States,1999,7728,Consumer Discretionary,Other Consumer Services
EVLV,Evolv Technologies Holdings Inc. Class A Common Stock,$7.05,-0.08,-1.122%,1264456719.00,United States,2020,3022215,Technology,Computer peripheral equipment
EVLVW,Evolv Technologies Holdings Inc. Warrant,$0.14,0.001,0.719%,25109779.00,United States,2020,10711,Technology,Computer peripheral equipment
EVMN,Evommune Inc. Common Stock,$22.92,0.42,1.867%,825541086.00,United States,2025,413187,Health Care,Biotechnology: Pharmaceutical Preparations
EVN,Eaton Vance Municipal Income Trust Common Stock,$10.63,0.03,0.283%,421661943.00,United States,1999,74887,Finance,Investment Managers
EVO,Evotec SE American Depositary Shares,$3.07,0.02,0.656%,272287574.00,Germany,2021,45574,Health Care,Biotechnology: Pharmaceutical Preparations
EVOX,Evolution Global Acquisition Corp Class A Ordinary Shares,$10.005,0.015,0.15%,0.00,United States,2025,33944,Finance,Blank Checks
EVOXU,Evolution Global Acquisition Corp Units,$10.17,0.0201,0.198%,0.00,United States,2025,600,Finance,Blank Checks
EVOXW,Evolution Global Acquisition Corp Warrants,$0.37,0.00,0.00%,0.00,United States,2025,6500,Finance,Blank Checks
EVR,Evercore Inc. Class A Common Stock,$341.19,9.91,2.991%,13198076716.00,United States,2006,602108,Finance,Investment Managers
EVRG,Evergy Inc. Common Stock,$81.78,-0.95,-1.148%,18832637705.00,United States,,2963865,Utilities,Power Generation
EVT,Eaton Vance Tax Advantaged Dividend Income Fund Common Shares of Beneficial Interest,$26.33,0.03,0.114%,0.00,United States,2003,74355,Finance,Finance Companies
EVTC,Evertec Inc. Common Stock,$24.01,0.65,2.783%,1479504459.00,Puerto Rico,2013,2051062,Technology,EDP Services
EVTL,Vertical Aerospace Ltd. Ordinary Shares,$2.81,0.13,4.851%,357791691.00,,2021,3270590,Industrials,Aerospace
EVTV,Envirotech Vehicles Inc. Common Stock,$2.05,0.28,15.819%,26507974.00,United States,,2273312,Consumer Discretionary,Auto Parts:O.E.M.
EVV,Eaton Vance Limited Duration Income Fund Common Shares of Beneficial Interest,$9.49,-0.02,-0.21%,0.00,United States,2003,316908,Finance,Finance/Investors Services
EW,Edwards Lifesciences Corporation Common Stock,$79.96,-2.80,-3.383%,46040968000.00,United States,,4031464,Health Care,Industrial Specialties
EWBC,East West Bancorp Inc. Common Stock,$122.99,1.06,0.869%,16847014249.00,United States,,723209,Finance,Major Banks
EWCZ,European Wax Center Inc. Class A Common Stock,$5.82,0.02,0.345%,317405782.00,United States,2021,5669103,Consumer Discretionary,Other Consumer Services
EWTX,Edgewise Therapeutics Inc. Common Stock,$35.32,-0.26,-0.731%,3796247357.00,United States,2021,1015679,Health Care,Biotechnology: Pharmaceutical Preparations
EXC,Exelon Corporation Common Stock,$43.91,-0.50,-1.126%,44929069515.00,United States,,5517979,Utilities,Power Generation
EXE,Expand Energy Corporation Common Stock,$95.94,-1.48,-1.519%,22951615773.00,United States,,2171931,Energy,Oil & Gas Production
EXEL,Exelixis Inc. Common Stock,$48.16,1.95,4.22%,12105260797.00,United States,2000,2179253,Health Care,Biotechnology: Biological Products (No Diagnostic Substances)
EXFY,Expensify Inc. Class A Common Stock,$1.025,-0.085,-7.658%,103547923.00,United States,2021,551396,Technology,Computer Software: Prepackaged Software
EXG,Eaton Vance Tax-Managed Global Diversified Equity Income Fund Common Shares of Beneficial Interest,$9.52,0.03,0.316%,0.00,United States,2007,343068,Finance,Finance Companies
EXK,Endeavour Silver Corporation Ordinary Shares (Canada),$10.03,-0.12,-1.182%,2962968468.00,Canada,,10906658,Basic Materials,Precious Metals
EXLS,ExlService Holdings Inc. Common Stock,$31.08,-0.26,-0.83%,4748493495.00,United States,2006,1760504,Real Estate,Real Estate
EXOD,Exodus Movement Inc. Class A Common Stock,$8.18,0.60,7.916%,243875428.00,United States,,241967,Finance,Finance: Consumer Services
EXOZ,eXoZymes Inc. Common Stock,$9.62,-0.3801,-3.801%,81471684.00,United States,2024,4011,Health Care,Biotechnology: Biological Products (No Diagnostic Substances)
EXP,Eagle Materials Inc Common Stock,$210.45,-1.26,-0.595%,6614893442.00,United States,,242747,Industrials,Building Materials
EXPD,Expeditors International of Washington Inc. Common Stock,$156.69,4.83,3.181%,20493662630.00,United States,,1054434,Industrials,Integrated Freight & Logistics
EXPE,Expedia Group Inc. Common Stock,$229.98,-22.81,-9.023%,27602677268.00,United States,,4189746,Consumer Discretionary,Transportation Services
EXPO,Exponent Inc. Common Stock,$61.42,-2.02,-3.184%,2985914383.00,United States,,394193,Consumer Discretionary,Professional Services
EXR,Extra Space Storage Inc Common Stock,$143.30,0.03,0.021%,30273692129.00,United States,2004,647444,Real Estate,Real Estate Investment Trusts
EXTR,Extreme Networks Inc. Common Stock,$24.04,0.52,2.211%,3143905236.00,United States,1999,2397620,Telecommunications,Computer Communications Equipment
EYE,National Vision Holdings Inc. Common Stock,$22.96,0.13,0.569%,1839454566.00,United States,2017,1064668,Health Care,Ophthalmic Goods
EYPT,EyePoint Inc. Common Stock,$13.66,0.25,1.864%,1144642473.00,United States,,661546,Industrials,Biotechnology: Laboratory Analytical Instruments
EZGO,EZGO Technologies Ltd. Ordinary Shares,$0.04,-0.0289,-41.945%,835390.00,China,2021,231959014,Consumer Discretionary,Motor Vehicles
EZPW,EZCORP Inc. Class A Non Voting Common Stock,$33.54,0.66,2.007%,2063916702.00,United States,1991,691583,Consumer Discretionary,Other Specialty Stores
EZRA,Reliance Global Group Inc. Common Stock,$0.17,-0.0052,-2.968%,3613012.00,United States,,1990941,Finance,Specialty Insurers
F,Ford Motor Company Common Stock,$12.32,0.14,1.149%,49091413202.00,United States,,38407933,Industrials,Auto Manufacturing
F^B,Ford Motor Company 6.20% Notes due June 1 2059,$21.63,0.13,0.605%,,United States,,45648,,
F^C,Ford Motor Company 6% Notes due December 1 2059,$21.04,0.15,0.718%,,United States,,46992,,
F^D,Ford Motor Company 6.500% Notes due August 15 2062,$22.375,0.095,0.426%,,United States,,48806,,
FA,First Advantage Corporation Common Stock,$15.96,0.20,1.269%,2751617986.00,United States,2021,1987784,Technology,EDP Services
FABC,Fabric.AI Inc. Common Stock,$4.57,-0.24,-4.99%,6653806.00,United States,,1174723,Consumer Discretionary,Telecommunications Equipment
FACT,FACT II Acquisition Corp. Class A Ordinary Shares,$10.57,0.00,0.00%,0.00,United States,2024,141,,
FACTU,FACT II Acquisition Corp. Unit,$10.99,-0.46,-4.017%,0.00,United States,2024,1100,Finance,Blank Checks
FACTW,FACT II Acquisition Corp. Warrant,$0.65,-0.10,-13.333%,0.00,United States,2024,6704,Finance,Blank Checks
FAF,First American Corporation (New) Common Stock,$71.04,1.22,1.747%,7238976000.00,United States,,515315,Finance,Specialty Insurers
FAMI,Farmmi Inc. Class A Ordinary Shares,$1.18,0.02,1.724%,16301945.00,China,2018,4163,Consumer Staples,Packaged Foods
FANG,Diamondback Energy Inc. Common Stock,$188.70,-1.75,-0.919%,53083819144.00,United States,2012,3161658,Energy,Oil & Gas Production
FAST,Fastenal Company Common Stock,$44.17,-0.19,-0.428%,50708708644.00,United States,1987,4384321,Consumer Discretionary,RETAIL: Building Materials
FATE,Fate Therapeutics Inc. Common Stock,$2.39,-0.04,-1.646%,277913246.00,United States,2013,2848698,Health Care,Biotechnology: Biological Products (No Diagnostic Substances)
FATN,FatPipe Inc. Common Stock,$3.15,-0.44,-12.256%,43862074.00,United States,2025,227359,Technology,Computer Software: Prepackaged Software
FAX,abrdn Asia-Pacific Income Fund Inc. Common Stock,$14.91,0.41,2.828%,0.00,United States,1986,190963,Finance,Investment Managers
FBGL,FBS Global Limited Ordinary Shares,$0.6387,0.0137,2.192%,8541519.00,Singapore,2025,158054,Consumer Discretionary,Miscellaneous manufacturing industries
FBIN,Fortune Brands Innovations Inc. Common Stock,$37.98,-1.10,-2.815%,4551692439.00,United States,,8733558,Basic Materials,Forest Products
FBIO,Fortress Biotech Inc. Common Stock,$2.39,-0.01,-0.417%,79393582.00,United States,,97292,Health Care,Biotechnology: Pharmaceutical Preparations
FBIOP,Fortress Biotech Inc. 9.375% Series A Cumulative Redeemable Perpetual Preferred Stock,$13.501,0.011,0.082%,448490691.00,United States,,29067,Health Care,Biotechnology: Pharmaceutical Preparations
FBIZ,First Business Financial Services Inc. Common Stock,$56.59,-0.13,-0.229%,473214974.00,United States,,20912,Finance,Major Banks
FBK,FB Financial Corporation Common Stock,$54.12,0.11,0.204%,2788449763.00,United States,2016,159319,Finance,Major Banks
FBLA,FB Bancorp Inc. Common Stock,$14.15,-0.03,-0.212%,252180578.00,United States,2024,70372,Finance,Banks
FBLG,FibroBiologics Inc. Common Stock,$1.16,-0.08,-6.452%,6262970.00,United States,,189192,Health Care,Biotechnology: Pharmaceutical Preparations
FBNC,First Bancorp Common Stock,$58.86,-0.32,-0.541%,2438548669.00,United States,1987,137240,Finance,Major Banks
FBP,First BanCorp. New Common Stock,$24.05,0.06,0.25%,3744978578.00,Puerto Rico,,1058313,Finance,Major Banks
FBRT,Franklin BSP Realty Trust Inc. Common Stock,$9.09,0.05,0.553%,699593752.00,United States,2021,910352,Real Estate,Real Estate Investment Trusts
FBRT^E,Franklin BSP Realty Trust Inc. 7.50% Series E Cumulative Redeemable Preferred Stock,$20.03,0.06,0.30%,,United States,,28567,,
FBRX,Forte Biosciences Inc. Common Stock,$24.02,-2.15,-8.216%,491901184.00,United States,2017,342623,Health Care,Biotechnology: Pharmaceutical Preparations
FBYD,Falcon's Beyond Global Inc. Class A Common Stock,$11.65,-0.83,-6.651%,1412471770.00,United States,,50203,Consumer Discretionary,Services-Misc. Amusement & Recreation
FBYDW,Falcon's Beyond Global Inc. Warrants,$2.54,0.00,0.00%,307955218.00,United States,,22,Consumer Discretionary,Services-Misc. Amusement & Recreation
FC,Franklin Covey Company Common Stock,$22.15,-0.40,-1.774%,249684635.00,United States,,56630,Consumer Discretionary,Other Consumer Services
FCAP,First Capital Inc. Common Stock,$57.36,0.08,0.14%,191899658.00,United States,,3164,Finance,Savings Institutions
FCBC,First Community Bankshares Inc. (VA) Common Stock,$43.52,0.27,0.624%,830145219.00,United States,,64962,Finance,Major Banks
FCCO,First Community Corporation Common Stock,$30.40,-0.02,-0.066%,285274968.00,United States,,59111,Finance,Major Banks
FCEL,FuelCell Energy Inc. Common Stock,$13.70,1.42,11.564%,653161789.00,United States,,9595979,Energy,Industrial Machinery/Components
FCF,First Commonwealth Financial Corporation Common Stock,$18.56,-0.04,-0.215%,1896946070.00,United States,,519257,Finance,Major Banks
FCFS,FirstCash Holdings Inc. Common Stock,$227.68,2.79,1.241%,9980736896.00,United States,1991,296143,Consumer Discretionary,Other Specialty Stores
FCHL,Fitness Champs Holdings Limited Common Stock,$1.73,-0.56,-24.454%,2164313.00,Singapore,2025,301659,Consumer Discretionary,Services-Misc. Amusement & Recreation
FCN,FTI Consulting Inc. Common Stock,$163.90,2.05,1.267%,4940608648.00,United States,1999,505486,Consumer Discretionary,Professional Services
FCNCA,First Citizens BancShares Inc. Class A Common Stock,$1951.93,-1.49,-0.076%,23097390691.00,United States,,46471,Finance,Major Banks
FCNCN,First Citizens BancShares Inc. Depositary Shares each representing a 1/40th interest in a share of 6.625% Non-Cumulative Perpetual Preferred Stock Series E,$25.35,0.01,0.039%,299969186.00,United States,,8883,Finance,Major Banks
FCNCO,First Citizens BancShares Inc. 5.625% Non-Cumulative Perpetual Preferred Stock Series C,$21.59,0.07,0.325%,255476715.00,United States,,17325,Finance,Major Banks
FCNCP,First Citizens BancShares Inc. Depositary Shares,$21.24,0.045,0.212%,251335129.00,United States,,4994,Finance,Major Banks
FCO,abrdn Global Income Fund Inc. Common Stock,$2.59,0.06,2.372%,0.00,United States,1992,73420,Finance,Investment Managers
FCPT,Four Corners Property Trust Inc. Common Stock,$25.17,-0.30,-1.178%,2762387288.00,United States,2015,487988,Real Estate,Real Estate Investment Trusts
FCRS,FutureCrest Acquisition Corp. Class A Ordinary Shares,$10.28,-0.01,-0.097%,0.00,,2025,15259,Finance,Blank Checks
FCRX,Crescent Capital BDC Inc. 5.00% Notes due 2026,$25.10,0.00,0.00%,930244830.00,United States,2023,357,Finance,Finance: Consumer Services
FCT,First Trust Senior Floating Rate Income Fund II Common Shares of Beneficial Interest,$9.78,0.01,0.102%,0.00,United States,2004,67509,Finance,Finance Companies
FCUV,Focus Universal Inc. Common Stock,$1.00,-0.09,-8.257%,1618612.00,United States,,67235,Industrials,Industrial Machinery/Components
FCX,Freeport-McMoRan Inc. Common Stock,$61.65,1.04,1.716%,88623767408.00,United States,,12198049,Basic Materials,Metal Mining
FDBC,Fidelity D & D Bancorp Inc. Common Stock,$45.90,-0.20,-0.434%,269834946.00,United States,,4974,Finance,Major Banks
FDMT,4D Molecular Therapeutics Inc. Common Stock,$10.14,0.21,2.115%,530065813.00,United States,2020,832062,Health Care,Biotechnology: Biological Products (No Diagnostic Substances)
FDP,Fresh Del Monte Produce Inc. Common Stock,$36.81,-0.74,-1.971%,1751294977.00,Cayman Islands,1997,348241,Consumer Staples,Farming/Seeds/Milling
FDS,FactSet Research Systems Inc. Common Stock,$223.61,-0.37,-0.165%,8146364308.00,United States,2000,775665,Technology,Computer Software: Programming Data Processing
FDSB,Fifth District Bancorp Inc. Common Stock,$15.155,-0.055,-0.362%,80227554.00,United States,2024,20446,Finance,Savings Institutions
FDUS,Fidus Investment Corporation Common Stock,$19.79,1.34,7.263%,751116864.00,United States,2011,510292,Finance,Finance/Investors Services
FDX,FedEx Corporation Common Stock,$378.58,2.65,0.705%,90331745686.00,United States,,1369653,Consumer Discretionary,Air Freight/Delivery Services
FE,FirstEnergy Corp. Common Stock,$44.33,-0.84,-1.86%,25641853988.00,United States,,6388523,Utilities,Electric Utilities: Central
FEAM,5E Advanced Materials Inc. Common Stock,$1.60,-0.05,-3.03%,66419013.00,United States,,109175,Industrials,Mining & Quarrying of Nonmetallic Minerals (No Fuels)
FEBO,Fenbo Holdings Limited Class A Ordinary Shares,$1.10,-0.01,-0.901%,12168750.00,Hong Kong,2023,1824,Consumer Discretionary,Home Furnishings
FEDU,Four Seasons Education (Cayman) Inc. American Depositary Shares each ADS representing 10 ordinary shares,$10.50,0.00,0.00%,23730609.00,,2017,99,Real Estate,Other Consumer Services
FEED,ENvue Medical Inc. Common Stock,$1.19,-0.13,-9.848%,4404081.00,United States,,923235,Health Care,Industrial Specialties
FEIM,Frequency Electronics Inc. Common Stock,$62.38,7.57,13.811%,613939406.00,United States,,262898,Industrials,Electrical Products
FELE,Franklin Electric Co. Inc. Common Stock,$99.34,-0.60,-0.60%,4389062927.00,United States,,221718,Consumer Discretionary,Metal Fabrications
FEMY,Femasys Inc. Common Stock,$0.4299,-0.0192,-4.275%,25961956.00,United States,2021,524300,Health Care,Medical/Dental Instruments
FENC,Fennec Pharmaceuticals Inc. Common Stock,$6.93,0.03,0.435%,240559399.00,United States,,211124,Health Care,Biotechnology: Biological Products (No Diagnostic Substances)
FENG,Phoenix New Media Limited American Depositary Shares each representing 48 Class A ordinary shares.,$1.70,-0.0264,-1.529%,20418319.00,China,2011,779,Industrials,Broadcasting
FER,Ferrovial N.V. Ordinary Shares,$70.42,0.39,0.557%,50664214896.00,Netherlands,,1669489,Industrials,Military/Government/Technical
FERA,Fifth Era Acquisition Corp I Class A Ordinary Shares,$10.37,0.00,0.00%,0.00,Cayman Islands,2025,11460,,
FERAR,Fifth Era Acquisition Corp I Rights,$0.3079,0.0135,4.586%,0.00,Cayman Islands,2025,108951,,
FERG,Ferguson Enterprises Inc. Common Stock,$241.34,-5.19,-2.105%,47193061262.00,United Kingdom,2021,1382313,Miscellaneous,Miscellaneous
FET,Forum Energy Technologies Inc. Common Stock,$53.71,-0.71,-1.305%,607153201.00,United States,2012,119358,Consumer Discretionary,Oil and Gas Field Machinery
FF,FutureFuel Corp.  Common shares,$4.90,0.10,2.083%,214931184.00,United States,,214471,Industrials,Major Chemicals
FFA,First Trust Enhanced Equity Income Fund Common Shares of Beneficial Interest,$22.48,0.18,0.807%,0.00,United States,2004,24425,Finance,Investment Managers
FFAI,Faraday Future Intelligent Electric Inc. Class A Common Stock,$0.4048,0.0302,8.062%,125191928.00,United States,2020,14721460,Industrials,Auto Manufacturing
FFAIW,Faraday Future Intelligent Electric Inc. Warrant,$0.0136,-0.0008,-5.556%,4206053.00,United States,2020,124236,Industrials,Auto Manufacturing
FFBC,First Financial Bancorp. Common Stock,$30.60,0.17,0.559%,3210620819.00,United States,,777487,Finance,Major Banks
FFC,Flaherty & Crumrine Preferred and Income Securities Fund Incorporated,$16.14,0.06,0.373%,0.00,United States,2003,129477,Finance,Trusts Except Educational Religious and Charitable
FFIC,Flushing Financial Corporation Common Stock,$15.99,-0.06,-0.374%,541799180.00,United States,,202077,Finance,Major Banks
FFIN,First Financial Bankshares Inc. Common Stock,$32.26,-0.13,-0.401%,4622275062.00,United States,,609796,Finance,Major Banks
FFIV,F5 Inc. Common Stock,$354.03,9.01,2.611%,19974106015.00,United States,1999,709028,Telecommunications,Computer Communications Equipment
FG,F&G Annuities & Life Inc. Common Stock,$28.30,1.22,4.505%,3760777180.00,United States,2022,590312,Finance,Life Insurance
FGBI,First Guaranty Bancshares Inc. Common Stock,$9.35,-0.06,-0.638%,147668599.00,United States,,7203,Finance,Savings Institutions
FGBIP,First Guaranty Bancshares Inc. 6.75% Series A Fixed-Rate Non-Cumulative Perpetual Preferred Stock,$20.50,0.35,1.737%,323765377.00,United States,,4835,Finance,Savings Institutions
FGI,FGI Industries Ltd. Ordinary Shares,$6.40,-0.38,-5.605%,12334886.00,United States,2022,64434,Industrials,Industrial Specialties
FGII,FG Imperii Acquisition Corp. Class A Ordinary Shares,$9.895,0.005,0.051%,0.00,United States,2026,2000,Finance,Blank Checks
FGIIU,FG Imperii Acquisition Corp. Units,$9.99,0.03,0.301%,0.00,United States,2026,1013,Finance,Blank Checks
FGIIW,FG Imperii Acquisition Corp. Warrants,$0.19,0.01,5.556%,0.00,United States,2026,610,Finance,Blank Checks
FGIWW,FGI Industries Ltd. Warrant,$0.0401,-0.0012,-2.906%,77286.00,United States,2022,100,Industrials,Industrial Specialties
FGL,Founder Group Limited Class A Ordinary Shares,$2.00,0.11,5.82%,1895116.00,Malaysia,2024,19842,Consumer Discretionary,Engineering & Construction
FGMC,FG Merger II Corp. Common stock,$10.25,0.00,0.00%,104964080.00,United States,2025,8707,,
FGMCR,FG Merger II Corp. Rights,$0.625,-0.0175,-2.724%,0.00,United States,2025,37736,,
FGMCU,FG Merger II Corp. Unit,$10.75,0.00,0.00%,0.00,United States,2025,709,,
FGN,F&G Annuities & Life Inc. 7.950% Senior Notes due 2053,$25.04,0.06,0.24%,3157507642.00,United States,2023,21394,Finance,Life Insurance
FGNX,FG Nexus Inc. Common Stock ,$6.74,0.44,6.984%,44013595.00,United States,2014,257058,Finance,Property-Casualty Insurers
FGNXP,FG Nexus Inc. 8.00% Cumulative Preferred Stock,$24.97,0.00,0.00%,163059269.00,United States,,235,Finance,Property-Casualty Insurers
FGSN,F&G Annuities & Life Inc. 7.300% Junior Subordinated Notes due 2065,$21.68,0.05,0.231%,0.00,United States,2025,6735,Finance,Life Insurance
FHB,First Hawaiian Inc. Common Stock,$27.34,-0.09,-0.328%,3325882922.00,United States,2016,1550510,Finance,Major Banks
FHI,Federated Hermes Inc. Common Stock,$55.95,1.61,2.963%,4247312935.00,United States,,796410,Finance,Investment Managers
FHN,First Horizon Corporation Common Stock,$24.61,0.14,0.572%,11754375269.00,United States,,4129807,Finance,Major Banks
FHN^E,First Horizon Corporation Depositary Shares each representing a 1/4000th interest in a share of Non-Cumulative Perpetual Preferred Stock Series E,$24.8893,0.1743,0.705%,,United States,,1151,,
FHN^F,First Horizon Corporation Depositary Shares each representing 1/4000th Interest in a Share of Non-Cumulative Perpetual Preferred Stock Series F,$17.98,0.08,0.447%,,United States,,11853,,
FHN^H,First Horizon Corporation Depositary Shares each representing a 1/4000th interest in a share of Non-Cumulative Perpetual Preferred Stock Series H,$25.14,-0.02,-0.079%,,United States,,17431,,
FHTX,Foghorn Therapeutics Inc. Common Stock,$4.44,0.24,5.714%,260689814.00,United States,2020,194549,Health Care,Biotechnology: Pharmaceutical Preparations
FIBK,First Interstate BancSystem Inc. Common Stock (DE),$36.42,0.17,0.469%,3551540696.00,United States,2010,1559831,Finance,Major Banks
FICO,Fair Isaac Corporation Common Stock,$1126.00,-2.39,-0.212%,26112960156.00,United States,,315411,Real Estate,Real Estate
FIEE,FiEE Inc Common Stock,$6.52,0.07,1.085%,54302459.00,United States,,6994,Utilities,Telecommunications Equipment
FIG,Figma Inc. Class A Common Stock,$20.66,0.10,0.486%,10871040320.00,United States,2025,10535677,Technology,Computer Software: Prepackaged Software
FIGR,Figure Technology Solutions Inc. Class A Common Stock,$37.63,0.12,0.32%,8261894651.00,U.S. Virgin Islands,2025,2555085,Finance,Finance: Consumer Services
FIGS,FIGS Inc. Class A Common Stock,$11.63,-3.74,-24.333%,1942730443.00,United States,2021,11606292,Consumer Discretionary,Apparel
FIGX,FIGX Capital Acquisition Corp. Class A Ordinary Share,$10.19,0.00,0.00%,0.00,United States,2025,16,,
FIGXU,FIGX Capital Acquisition Corp. Units,$10.1901,0.00,0.00%,0.00,United States,2025,216,Finance,Blank Checks
FIGXW,FIGX Capital Acquisition Corp. Warrant,$0.2599,0.0142,5.779%,0.00,United States,2025,3260,,
FIHL,Fidelis Insurance Holdings Limited Common Shares,$20.91,-0.11,-0.523%,1808299832.00,Bermuda,2023,390519,Finance,Property-Casualty Insurers
FINS,Angel Oak Financial Strategies Income Term Trust Common Shares of Beneficial Interest,$12.965,0.105,0.816%,324937102.00,,2019,25660,Finance,Finance/Investors Services
FINV,FinVolution Group American Depositary Shares,$5.17,0.06,1.174%,1220605990.00,United States,2017,892671,Finance,Finance: Consumer Services
FINW,FinWise Bancorp Common Stock,$13.53,-0.47,-3.357%,185442708.00,United States,2021,13671,Finance,Major Banks
FIP,FTAI Infrastructure Inc. Common Stock ,$4.86,-0.27,-5.263%,574274877.00,United States,,2783505,Energy,Oil Refining/Marketing
FIS,Fidelity National Information Services Inc. Common Stock,$43.49,-3.76,-7.958%,22478640595.00,United States,,11466863,Real Estate,Real Estate
FISI,Financial Institutions Inc. Common Stock,$35.41,0.00,0.00%,697094362.00,United States,1999,72552,Finance,Major Banks
FISV,Fiserv Inc. Common Stock,$55.48,-1.33,-2.341%,29584931143.00,United States,1986,5567469,Real Estate,Real Estate
FITB,Fifth Third Bancorp Common Stock,$49.33,-0.34,-0.685%,44708348663.00,United States,,4216507,Finance,Major Banks
FITBI,Fifth Third Bancorp Depositary Shares,$25.45,0.02,0.079%,23065628897.00,United States,,34804,Finance,Major Banks
FITBM,Fifth Third Bancorp Depositary Shares Representing a 1/40th Ownership Interest in a Share of 6.875% Fixed-Rate Reset Non-Cumulative Perpetual Preferred Stock Series M,$26.23,0.13,0.498%,23772551904.00,United States,,220952,Finance,Major Banks
FITBO,Fifth Third Bancorp Depositary Shares each representing a 1/1000th ownership interest in a share of Non-Cumulative Perpetual Preferred Stock Series K,$19.265,0.055,0.286%,17460091972.00,United States,,11167,Finance,Major Banks
FITBP,Fifth Third Bancorp Depositary Shares each representing 1/40th share of Fifth Third 6.00% Non-Cumulative Perpetual Class B Preferred Stock Series A,$23.86,0.20,0.845%,21624593535.00,United States,,19725,Finance,Major Banks
FIVE,Five Below Inc. Common Stock,$223.13,1.88,0.85%,12337957508.00,United States,2012,970737,Consumer Discretionary,Department/Specialty Retail Stores
FIVN,Five9 Inc. Common Stock,$22.10,-0.10,-0.45%,1692064135.00,United States,2014,2941882,Technology,EDP Services
FIX,Comfort Systems USA Inc. Common Stock,$1952.37,10.35,0.533%,68728156545.00,United States,1997,267479,Industrials,Engineering & Construction
FIZZ,National Beverage Corp. Common Stock,$35.14,-0.02,-0.057%,3290232064.00,United States,,200514,Consumer Staples,Beverages (Production/Distribution)
FJET,Starfighters Space Inc. Common Stock,$5.68,0.36,6.767%,250908161.00,United States,2025,1351035,Consumer Discretionary,Air Freight/Delivery Services
FKWL,Franklin Wireless Corp. Common Stock,$3.44,-0.02,-0.578%,40537923.00,United States,,3672,Utilities,Telecommunications Equipment
FLC,Flaherty & Crumrine Total Return Fund Inc Common Stock,$17.10,-0.01,-0.058%,0.00,United States,2003,64185,Finance,Trusts Except Educational Religious and Charitable
FLD,Fold Holdings Inc. Class A Common Stock,$1.37,0.14,11.382%,68799374.00,United States,2025,148882,Finance,Finance: Consumer Services
FLDDW,Fold Holdings Inc. Warrant,$0.1744,0.0145,9.068%,8758110.00,United States,2025,34344,Finance,Finance: Consumer Services
FLEX,Flex Ltd. Ordinary Shares,$142.17,9.16,6.887%,52272201775.00,Singapore,1994,10295189,Technology,Electrical Products
FLG,Flagstar Bank N.A. Common Stock,$14.28,-0.01,-0.07%,5951681946.00,United States,,4025765,Finance,Banks
FLG^A,Flagstar Bank N.A. Depositary shares each representing a 1/40th interest in a share of Fixed-to-Floating Rate Series A Noncumulative Perpetual Preferred Stock,$23.06,0.105,0.457%,,United States,,24098,,
FLG^U,Flagstar Bank N.A. Bifurcated Option Note Unit SecuritiES,$41.65,-0.03,-0.072%,,United States,,5652,,
FLGT,Fulgent Genetics Inc. Common Stock,$15.96,0.85,5.625%,453273943.00,United States,2016,754554,Health Care,Medical Specialities
FLL,Full House Resorts Inc. Common Stock,$2.97,0.41,16.016%,107491214.00,United States,,490491,Consumer Discretionary,Hotels/Resorts
FLNA,Filana Therapeutics Inc. Common Stock,$1.30,-0.06,-4.412%,62800265.00,United States,,419878,Health Care,Biotechnology: Pharmaceutical Preparations
FLNC,Fluence Energy Inc. Class A Common Stock,$24.16,5.19,27.359%,4452946150.00,United States,2021,41409118,Miscellaneous,Industrial Machinery/Components
FLNG,FLEX LNG Ltd. Ordinary Shares,$32.72,0.48,1.489%,1769902543.00,,2019,414889,Consumer Discretionary,Marine Transportation
FLNT,Fluent Inc. Common Stock,$2.78,0.01,0.361%,82887679.00,United States,,9824,Consumer Discretionary,Advertising
FLO,Flowers Foods Inc. Common Stock,$8.44,-0.13,-1.517%,1788068581.00,United States,,4701860,Consumer Staples,Packaged Foods
FLOC,Flowco Holdings Inc. Class A Common Stock,$24.84,0.28,1.14%,2244180133.00,United States,2025,877477,Consumer Discretionary,Oil and Gas Field Machinery
FLR,Fluor Corporation Common Stock,$43.31,-7.77,-15.211%,6220506635.00,United States,,11033673,Industrials,Military/Government/Technical
FLS,Flowserve Corporation Common Stock,$71.13,-0.41,-0.573%,9090913404.00,United States,,2051405,Industrials,Fluid Controls
FLUT,Flutter Entertainment plc Ordinary Shares,$101.19,-0.01,-0.01%,17726576926.00,Ireland,2024,2897201,Technology,Computer Software: Programming Data Processing
FLUX,Flux Power Holdings Inc. Common Stock,$1.03,-0.27,-20.769%,21980339.00,United States,,811974,Miscellaneous,Industrial Machinery/Components
FLWS,1-800-FLOWERS.COM Inc. Common Stock,$4.82,0.24,5.24%,308797180.00,United States,1999,1662763,Consumer Discretionary,Other Specialty Stores
FLX,BingEx Limited American Depositary Shares,$2.57,-0.16,-5.861%,187943869.00,China,2024,163481,Industrials,Trucking Freight/Courier Services
FLXS,Flexsteel Industries Inc. Common Stock,$55.84,0.68,1.233%,299052851.00,United States,,34540,Consumer Discretionary,Home Furnishings
FLY,Firefly Aerospace Inc. Common Stock,$39.68,7.32,22.621%,6358133411.00,United States,2025,11885748,Industrials,Military/Government/Technical
FLYE,Fly-E Group Inc. Common Stock,$1.90,-0.03,-1.554%,3101533.00,United States,2024,1804,Industrials,Aerospace
FLYW,Flywire Corporation Voting Common Stock,$17.23,-0.50,-2.82%,2094212769.00,United States,2021,2218507,Real Estate,Real Estate
FLYX,flyExclusive Inc. Class A Common Stock,$2.35,0.03,1.293%,223536136.00,,2023,159146,Consumer Discretionary,Transportation Services
FMACU,Future Money Acquisition Corporation Units,$10.03,0.00,0.00%,0.00,United States,2026,492,Finance,Blank Checks
FMAO,Farmers & Merchants Bancorp Inc. Common Stock,$27.85,0.18,0.651%,383444036.00,United States,,131420,Finance,Savings Institutions
FMBH,First Mid Bancshares Inc. Common Stock,$43.935,0.225,0.515%,1169651190.00,United States,,73330,Finance,Major Banks
FMC,FMC Corporation Common Stock,$13.40,-0.28,-2.047%,1675607033.00,United States,,3857429,Industrials,Major Chemicals
FMFC,Kandal M Venture Limited Class A Ordinary Shares,$0.4101,0.0101,2.525%,7841112.00,Cambodia,2025,100366,Consumer Discretionary,Apparel
FMN,Federated Hermes Premier Municipal Income Fund,$11.32,0.00,0.00%,976404902.00,United States,2002,13178,Finance,Investment Managers
FMNB,Farmers National Banc Corp. Common Stock,$14.17,-0.01,-0.071%,534758215.00,United States,,342411,Finance,Major Banks
FMS,Fresenius Medical Care AG American Depositary Shares (Each representing 1/2 of an Ordinary Share),$22.03,0.38,1.755%,12305468273.00,Germany,,1127696,Health Care,Misc Health and Biotechnology Services
FMST,Foremost Clean Energy Ltd. Common Shares,$1.68,0.06,3.704%,27354454.00,Canada,,232454,Basic Materials,Other Metals and Minerals
FMSTW,Foremost Clean Energy Ltd. Warrant,$0.865,-0.115,-11.735%,14084287.00,Canada,,5364,Basic Materials,Other Metals and Minerals
FMX,Fomento Economico Mexicano S.A.B. de C.V. Common Stock,$121.20,1.29,1.076%,41290593922.00,Mexico,,481892,Consumer Staples,Beverages (Production/Distribution)
FMY,First Trust Mortgage Income Fund Common Shares of Beneficial Interest,$11.77,-0.165,-1.382%,0.00,United States,2005,9870,Finance,Finance/Investors Services
FN,Fabrinet Ordinary Shares,$621.28,-4.84,-0.773%,22260300867.00,Cayman Islands,2010,762536,Utilities,Telecommunications Equipment
FNB,F.N.B. Corporation Common Stock,$17.90,-0.02,-0.112%,6371754687.00,United States,,3118053,Finance,Major Banks
FND,Floor & Decor Holdings Inc. Common Stock,$51.73,0.21,0.408%,5591710380.00,United States,2017,3044179,Consumer Discretionary,RETAIL: Building Materials
FNF,Fidelity National Financial Inc. Common Stock,$50.58,0.31,0.617%,13613988373.00,United States,2014,2026220,Finance,Specialty Insurers
FNGR,FingerMotion Inc. Common Stock,$0.8199,-0.0406,-4.718%,50244544.00,United States,,199698,Technology,Computer Software: Prepackaged Software
FNKO,Funko Inc. Class A Common Stock,$5.26,0.80,17.937%,294174647.00,United States,2017,4324090,Consumer Discretionary,Recreational Games/Products/Toys
FNLC,First Bancorp Inc  (ME) Common Stock,$29.04,-0.11,-0.377%,327290064.00,United States,,8853,Finance,Major Banks
FNRN,First Northern Community Bancorp Common stock,$17.76,0.04,0.226%,291435562.00,United States,,55577,Finance,Savings Institutions
FNUC,Frontier Nuclear and Minerals Inc. Common Shares,$2.07,-0.04,-1.896%,37314377.00,Canada,2021,199028,Basic Materials,Other Metals and Minerals
FNV,Franco-Nevada Corporation,$232.11,4.06,1.78%,44568407838.00,Canada,,876151,Basic Materials,Precious Metals
FNWB,First Northwest Bancorp Common Stock,$9.67,-0.30,-3.009%,91858231.00,United States,2015,43307,Finance,Banks
FNWD,Finward Bancorp Common Stock,$31.75,-0.10,-0.314%,137492931.00,United States,,8895,Finance,Major Banks
FOA,Finance of America Companies Inc. Class A Common Stock,$21.49,0.44,2.09%,183780997.00,United States,2021,43922,Finance,Finance: Consumer Services
FOF,Cohen & Steers Closed-End Opportunity Fund Inc. Common Stock,$14.10,0.20,1.439%,692854655.00,United States,2006,96548,Finance,Investment Managers
FOFO,Hang Feng Technology Innovation Co. Ltd. Ordinary Shares,$2.52,-0.10,-3.817%,19079117.00,Hong Kong,2025,38691,Consumer Discretionary,Professional Services
FONR,Fonar Corporation Common Stock,$18.85,-0.03,-0.159%,123574323.00,United States,1981,83196,Health Care,Biotechnology: Electromedical & Electrotherapeutic Apparatus
FOR,Forestar Group Inc Common Stock ,$27.49,0.23,0.844%,1402230070.00,United States,2017,77645,Finance,Real Estate
FORA,Forian Inc. Common Stock,$2.15,0.00,0.00%,67098815.00,United States,,49198,Technology,EDP Services
FORM,FormFactor Inc. FormFactor Inc. Common Stock,$147.87,3.19,2.205%,11527172136.00,United States,2003,1864655,Technology,Semiconductors
FORR,Forrester Research Inc. Common Stock,$6.87,0.34,5.207%,131738385.00,United States,1996,41104,Industrials,Diversified Commercial Services
FORTY,Formula Systems (1985) Ltd. American Depositary Shares,$147.40,-0.80,-0.54%,2257824116.00,Israel,,1390,Technology,EDP Services
FOSL,Fossil Group Inc. Common Stock,$4.43,-0.06,-1.336%,258514706.00,United States,1993,388949,Consumer Discretionary,Consumer Specialties
FOUR,Shift4 Payments Inc. Class A Common Stock,$42.58,-4.27,-9.114%,3377824434.00,United States,2020,1758312,Real Estate,Real Estate
FOUR^A,Shift4 Payments Inc. 6.00% Series A Mandatory Convertible Preferred Stock,$54.56,-3.74,-6.415%,,United States,,7488,,
FOX,Fox Corporation Class B Common Stock,$56.60,0.10,0.177%,24077418015.00,United States,,939338,Industrials,Broadcasting
FOXA,Fox Corporation Class A Common Stock,$62.94,0.25,0.399%,26774429149.00,United States,,4250359,Industrials,Broadcasting
FOXF,Fox Factory Holding Corp. Common Stock,$17.80,-0.77,-4.146%,746400173.00,United States,2013,1276783,Consumer Discretionary,Motor Vehicles
FOXX,Foxx Development Holdings Inc. Common Stock,$5.05,0.30,6.316%,35376215.00,United States,,6000,Telecommunications,Computer Communications Equipment
FOXXW,Foxx Development Holdings Inc. Warrant,$0.10,0.00,0.00%,700519.00,United States,,1098,Telecommunications,Computer Communications Equipment
FPF,First Trust Intermediate Duration Preferred & Income Fund Common Shares of Beneficial Interest,$18.39,-0.05,-0.271%,0.00,United States,2013,47149,Finance,Trusts Except Educational Religious and Charitable
FPH,Five Point Holdings LLC Class A Common Shares,$4.95,0.08,1.643%,735090325.00,United States,2017,152278,Finance,Real Estate
FPI,Farmland Partners Inc. Common Stock,$10.58,0.00,0.00%,461469987.00,United States,2014,276627,Real Estate,Real Estate Investment Trusts
FPS,Forgent Power Solutions Inc. Class A Common Stock,$40.38,0.69,1.738%,12292838538.00,,2026,2816852,Energy,Industrial Machinery/Components
FR,First Industrial Realty Trust Inc. Common Stock,$62.75,0.33,0.529%,8318794106.00,United States,1994,714314,Real Estate,Real Estate Investment Trusts
FRA,Blackrock Floating Rate Income Strategies Fund Inc  Common Stock,$11.14,0.06,0.542%,1657213927.00,United States,2003,113962,Finance,Investment Bankers/Brokers/Service
FRAF,Franklin Financial Services Corporation Common Stock,$58.50,0.93,1.615%,262777788.00,United States,,44535,Finance,Major Banks
FRBA,First Bank Common Stock,$15.18,-0.15,-0.978%,381540238.00,United States,2013,156172,Finance,Commercial Banks
FRD,Friedman Industries Inc. Common Stock,$21.65,0.62,2.948%,153978740.00,United States,,16843,Industrials,Steel/Iron Ore
FRGT,Freight Technologies Inc. Ordinary Shares,$0.8157,0.0727,9.785%,1275955.00,United States,2017,92419,Consumer Discretionary,Professional Services
FRHC,Freedom Holding Corp. Common Stock,$139.81,0.78,0.561%,8555048698.00,Kazakhstan,,59814,Finance,Investment Bankers/Brokers/Service
FRME,First Merchants Corporation Common Stock,$40.41,-0.10,-0.247%,2546748964.00,United States,,249491,Finance,Major Banks
FRMEP,First Merchants Corporation Depository Shares,$25.59,0.2399,0.946%,1612751942.00,United States,,608,Finance,Major Banks
FRMI,Fermi Inc. Common Stock,$5.23,0.11,2.148%,3294062102.00,United States,2025,7440038,Real Estate,Real Estate Investment Trusts
FRMM,Forum Markets Incorporated Common Stock,$4.61,-0.17,-3.556%,93643442.00,United States,2017,369897,Health Care,Biotechnology: Pharmaceutical Preparations
FRO,Frontline Plc Ordinary Shares,$39.51,1.39,3.646%,8795830344.00,Bermuda,,2578279,Consumer Discretionary,Marine Transportation
FROG,JFrog Ltd. Ordinary Shares,$70.55,13.53,23.729%,8547559539.00,United States,2020,9194867,Technology,Computer Software: Prepackaged Software
FRPH,FRP Holdings Inc. Common Stock,$21.14,-0.12,-0.564%,405250312.00,United States,,65934,Finance,Real Estate
FRPT,Freshpet Inc. Common Stock,$53.08,-2.79,-4.994%,2608499346.00,United States,2014,1869848,Consumer Staples,Packaged Foods
FRSH,Freshworks Inc. Class A Common Stock,$8.83,-0.20,-2.215%,2440913695.00,United States,2021,9172213,Technology,Computer Software: Prepackaged Software
FRST,Primis Financial Corp. Common Stock,$14.46,-0.03,-0.207%,358204161.00,United States,2006,164444,Finance,Major Banks
FRSX,Foresight Autonomous Holdings Ltd. American Depositary Shares,$1.99,0.03,1.531%,4769584.00,Israel,,23971,Technology,Computer Software: Prepackaged Software
FRT,Federal Realty Investment Trust Common Stock,$115.68,0.01,0.009%,9993502309.00,United States,,984556,Real Estate,Real Estate Investment Trusts
FRT^C,Federal Realty Investment Trust Depositary Shares each representing a 1/1000th interest in a 5.000% Series C Cumulative Redeemable Preferred Share,$19.61,0.07,0.358%,,United States,,3235,,
FSBC,Five Star Bancorp Common Stock,$41.74,0.50,1.212%,892240626.00,United States,2021,76487,Finance,Major Banks
FSBW,FS Bancorp Inc. Common Stock,$40.91,-0.40,-0.968%,306888083.00,United States,2012,7829,Finance,Banks
FSCO,FS Credit Opportunities Corp. Common Stock,$5.15,0.00,0.00%,1021532885.00,United States,2022,907193,Finance,Trusts Except Educational Religious and Charitable
FSEA,First Seacoast Bancorp Inc. Common Stock,$16.72,0.07,0.42%,78486171.00,United States,2019,22114,Finance,Savings Institutions
FSHP,Flag Ship Acquisition Corp. Ordinary Shares,$10.97,0.00,0.00%,0.00,United States,2024,36,,
FSHPR,Flag Ship Acquisition Corp. Right,$0.0811,0.0012,1.502%,0.00,United States,2024,800,,
FSI,Flexible Solutions International Inc. Common Stock (CDA),$6.19,-0.09,-1.433%,78845113.00,Canada,2002,12302,Industrials,Major Chemicals
FSK,FS KKR Capital Corp. Common Stock,$10.84,-0.11,-1.005%,3035920134.00,United States,2014,5875580,Finance,Investment Managers
FSLR,First Solar Inc. Common Stock,$219.95,5.38,2.507%,23634367192.00,United States,2006,1938270,Technology,Semiconductors
FSLY,Fastly Inc. Class A Common Stock,$20.51,1.01,5.179%,3209815000.00,United States,,19143956,Technology,Computer Software: Prepackaged Software
FSM,Fortuna Mining Corp. Common Shares,$10.76,0.30,2.868%,3284597449.00,Canada,,5994870,Basic Materials,Precious Metals
FSP,Franklin Street Properties Corp. Common Stock,$0.5397,-0.019,-3.401%,55961676.00,United States,,260628,Real Estate,Real Estate Investment Trusts
FSS,Federal Signal Corporation Common Stock,$118.33,-2.13,-1.768%,7218396952.00,United States,,302100,Industrials,Auto Manufacturing
FSSL,FS Specialty Lending Fund Common Shares of Beneficial Interest,$11.86,0.07,0.594%,0.00,,2025,231624,Finance,Finance/Investors Services
FSTR,L.B. Foster Company Common Stock,$42.30,1.94,4.807%,442402164.00,United States,,134435,Industrials,Metal Fabrications
FSUN,FirstSun Capital Bancorp Common Stock,$37.08,0.22,0.597%,1636039496.00,United States,,137436,Finance,Major Banks
FSV,FirstService Corporation Common Shares,$134.56,0.10,0.074%,6187305760.00,Canada,,210335,Finance,Real Estate
FT,Franklin Universal Trust Common Stock,$8.00,-0.07,-0.867%,201055152.00,United States,,92543,Finance,Trusts Except Educational Religious and Charitable
FTAI,FTAI Aviation Ltd. Common Stock,$270.29,-2.25,-0.826%,27727151502.00,United States,,967937,Industrials,Misc Corporate Leasing Services
FTAIM,FTAI Aviation Ltd. 9.500% Fixed-Rate Reset Series D Cumulative Perpetual Redeemable Preferred Shares,$26.95,-0.05,-0.185%,2764611095.00,United States,,5224,Industrials,Misc Corporate Leasing Services
FTAIN,FTAI Aviation Ltd. 8.25% Fixed - Rate Reset Series C Cumulative Perpetual Redeemable Preferred Shares,$25.41,0.0098,0.039%,2606633319.00,United States,,2778,Industrials,Misc Corporate Leasing Services
FTCI,FTC Solar Inc. Common Stock,$4.39,0.12,2.81%,70263241.00,United States,2021,318888,Technology,Semiconductors
FTDR,Frontdoor Inc. Common Stock,$64.62,-3.30,-4.859%,4538580660.00,United States,,598417,Consumer Discretionary,Diversified Commercial Services
FTEK,Fuel Tech Inc. Common Stock,$1.52,-0.01,-0.654%,47371178.00,United States,,156376,Industrials,Pollution Control Equipment
FTF,Franklin Limited Duration Income Trust Common Shares of Beneficial Interest,$5.89,0.00,0.00%,237987653.00,United States,2003,73607,Finance,Finance/Investors Services
FTFT,Future FinTech Group Inc. Common Stock,$1.30,0.05,4.00%,6812707.00,China,,34226,Real Estate,Real Estate
FTHAU,Forefront Tech Holdings Acquisition Corp Unit,$9.965,-0.005,-0.05%,0.00,Cayman Islands,2026,287244,,
FTHM,Fathom Holdings Inc. Common Stock,$0.8289,0.0113,1.382%,27173302.00,United States,2020,40265,Finance,Real Estate
FTHY,First Trust High Yield Opportunities 2027 Term Fund Common Stock,$13.49,-0.01,-0.074%,496067622.00,United States,2020,81843,Finance,Investment Managers
FTI,TechnipFMC plc Ordinary Share,$70.15,-0.88,-1.239%,27968938075.00,,,3552947,Consumer Discretionary,Oil and Gas Field Machinery
FTK,Flotek Industries Inc. Common Stock,$15.97,-0.23,-1.42%,577704178.00,United States,,292415,Industrials,Major Chemicals
FTLF,FitLife Brands Inc. Common Stock,$9.55,-0.01,-0.105%,89684738.00,United States,,23802,Health Care, Medicinal Chemicals and Botanical Products 
FTNT,Fortinet Inc. Common Stock,$114.07,6.10,5.65%,83510880501.00,United States,2009,9902710,Technology,Computer peripheral equipment
FTRE,Fortrea Holdings Inc. Common Stock,$15.43,-0.14,-0.899%,1459678000.00,United States,,1391510,Health Care,Medical Specialities
FTRK,FAST TRACK GROUP Ordinary shares,$0.3988,-0.0001,-0.025%,8698825.00,Singapore,2025,22524,Consumer Discretionary,Package Goods/Cosmetics
FTS,Fortis Inc. Common Shares,$56.09,-0.05,-0.089%,28557269690.00,United States,2016,1118364,Utilities,Electric Utilities: Central
FTV,Fortive Corporation Common Stock ,$60.43,-0.47,-0.772%,18422751499.00,United States,2016,2769596,Industrials,Industrial Machinery/Components
FTW,Presidio Production Company Class A Common Stock,$11.00,0.38,3.578%,400422748.00,,,93813,Energy,Oil & Gas Production
FUBO,FuboTV Inc. Class A Common Stock,$10.28,-0.51,-4.727%,1114641022.00,United States,2020,1778890,Consumer Discretionary,Movies/Entertainment
FUFU,BitFuFu Inc. Class A Ordinary Shares,$2.31,0.03,1.316%,384969811.00,Singapore,,329083,Finance,Finance: Consumer Services
FUFUW,BitFuFu Inc. Warrant,$0.2277,0.0297,15.00%,37947024.00,Singapore,,43118,Finance,Finance: Consumer Services
FUL,H. B. Fuller Company Common Stock,$61.25,0.58,0.956%,3337346758.00,United States,,473277,Industrials,Home Furnishings
FULC,Fulcrum Therapeutics Inc. Common Stock,$7.01,0.13,1.89%,466922753.00,United States,2019,646192,Health Care,Biotechnology: Pharmaceutical Preparations
FULT,Fulton Financial Corporation Common Stock,$21.50,0.05,0.233%,3867002083.00,United States,,1348487,Finance,Major Banks
FULTP,Fulton Financial Corporation Depositary Shares Each Representing a 1/40th Interest in a Share of Fixed Rate Non-Cumulative Perpetual Preferred Stock Series A,$18.33,-0.03,-0.163%,3296844101.00,United States,,5169,Finance,Major Banks
FUN,Six Flags Entertainment Corporation Common Stock New,$22.01,-0.75,-3.295%,2244745777.00,United States,,3064056,Consumer Discretionary,Services-Misc. Amusement & Recreation
FUNC,First United Corporation Common Stock,$38.30,0.12,0.314%,249002931.00,United States,,5742,Finance,Major Banks
FUND,Sprott Focus Trust Inc. Common Stock,$10.17,0.06,0.593%,301373275.00,United States,,5793,Finance,Investment Managers
FURY,Fury Gold Mines Limited Common Shares,$0.5892,-0.0058,-0.975%,112020979.00,,2020,693086,Basic Materials,Precious Metals
FUSB,First US Bancshares Inc. Common Stock,$15.95,-0.24,-1.482%,90120004.00,United States,,18023,Finance,Major Banks
FUSE,Fusemachines Inc. Common stock,$1.51,-0.06,-3.822%,43698252.00,United States,,72927,Technology,EDP Services
FUSEW,Fusemachines Inc. Warrants,$0.0999,0.0096,10.631%,2891030.00,United States,,3377,Technology,EDP Services
FUTU,Futu Holdings Limited American Depositary Shares,$144.59,-0.30,-0.207%,20266837188.00,Hong Kong,2019,3085166,Finance,Investment Bankers/Brokers/Service
FVAV,Fortress Value Acquisition Corp. V Class A Ordinary Shares,$10.10,0.00,0.00%,0.00,United States,2026,134,,
FVCB,FVCBankcorp Inc. Common Stock,$15.76,-0.05,-0.316%,283308474.00,United States,,107049,Finance,Major Banks
FVN,Future Vision II Acquisition Corporation Ordinary shares,$10.81,0.00,0.00%,0.00,China,2024,687,,
FVR,FrontView REIT Inc. Common Stock,$18.17,-0.09,-0.493%,407155559.00,United States,2024,120338,Real Estate,Real Estate Investment Trusts
FVRR,Fiverr International Ltd. Ordinary Shares no par value,$11.45,-0.30,-2.553%,411635836.00,,2019,1060630,Real Estate,Real Estate
FWDI,Forward Industries Inc. Common Stock,$4.79,0.12,2.57%,398235987.00,United States,,1227024,Industrials,Plastic Products
FWONA,Liberty Media Corporation Series A Liberty Formula One Common Stock,$85.95,0.24,0.28%,21528307083.00,United States,,139505,Industrials,Broadcasting
FWONK,Liberty Media Corporation Series C Liberty Formula One Common Stock,$94.45,0.97,1.038%,23657342688.00,United States,,2735773,Industrials,Broadcasting
FWRD,Forward Air Corporation Common Stock,$9.87,-7.46,-43.047%,320268787.00,United States,,9870605,Industrials,Integrated Freight & Logistics
FWRG,First Watch Restaurant Group Inc. Common Stock,$12.10,0.15,1.255%,745903109.00,United States,2021,990909,Consumer Discretionary,Restaurants
FXNC,First National Corporation Common Stock,$27.96,0.00,0.00%,252785437.00,United States,,99974,Finance,Major Banks
G,Genpact Limited Common Stock,$32.56,-1.92,-5.568%,5530765165.00,Bermuda,2007,5438662,Consumer Discretionary,Professional Services
GAB,Gabelli Equity Trust Inc. (The) Common Stock,$5.67,0.00,0.00%,1665943598.00,United States,1986,868080,Finance,Investment Managers
GAB^G,Gabelli Equity Trust Inc. (The) Series G Cumulative Preferred Stock,$20.30,0.0301,0.148%,,United States,,1154,,
GAB^H,Gabelli Equity Trust Inc. (The) Pfd Ser H,$20.315,0.025,0.123%,,United States,,5759,,
GAB^K,Gabelli Equity Trust Inc. (The) 5.00% Series K Cumulative Preferred Stock,$20.5401,-0.0399,-0.194%,,United States,,1537,,
GABC,German American Bancorp Inc. Common Stock,$43.59,-0.18,-0.411%,1637428534.00,United States,,73505,Finance,Major Banks
GAIA,Gaia Inc. Class A Common Stock,$2.56,0.08,3.226%,64804291.00,United States,1999,235699,Consumer Discretionary,Movies/Entertainment
GAIN,Gladstone Investment Corporation Business Development Company,$16.66,0.15,0.909%,663433970.00,United States,2005,198887,Finance,Finance: Consumer Services
GAING,Gladstone Investment Corporation 7.125% Notes due 2031,$25.40,-0.15,-0.587%,0.00,United States,,13090,Finance,Finance: Consumer Services
GAINI,Gladstone Investment Corporation 7.875% Notes due 2030,$25.58,-0.06,-0.234%,0.00,United States,,7595,Finance,Finance: Consumer Services
GAINZ,Gladstone Investment Corporation 4.875% Notes due 2028,$24.29,0.17,0.705%,928345097.00,United States,,1283,Finance,Finance: Consumer Services
GALT,Galectin Therapeutics Inc. Common Stock,$2.10,-0.01,-0.474%,138237641.00,United States,,207492,Health Care,Biotechnology: Pharmaceutical Preparations
GAM,General American Investors Inc. Common Stock,$64.48,0.47,0.734%,1545947333.00,United States,,16261,Finance,Investment Managers
GAM^B,General American Investors Company Inc. Cumulative Preferred Stock,$24.98,-0.01,-0.04%,,United States,,2879,,
GAMB,Gambling.com Group Limited Ordinary Shares,$4.51,0.09,2.036%,158288327.00,Jersey,2021,720050,Consumer Discretionary,Services-Misc. Amusement & Recreation
GAME,GameSquare Holdings Inc. Common Stock,$0.4735,0.0273,6.118%,44258147.00,United States,,1928014,Consumer Discretionary,Services-Misc. Amusement & Recreation
GANX,Gain Therapeutics Inc. Common Stock,$1.82,-0.05,-2.674%,77630349.00,United States,2021,337757,Health Care,Biotechnology: Pharmaceutical Preparations
GAP,Gap Inc. (The) Common Stock,$23.37,-0.53,-2.218%,8538000264.00,United States,,6911122,Consumer Discretionary,Clothing/Shoe/Accessory Stores
GASS,StealthGas Inc. Common Stock,$9.90,0.10,1.02%,368138291.00,Greece,2005,56819,Consumer Discretionary,Marine Transportation
GATX,GATX Corporation Common Stock,$186.43,3.41,1.863%,6622671087.00,United States,,250619,Consumer Discretionary,Transportation Services
GAU,Galiano Gold Inc.,$2.58,0.05,1.976%,670259327.00,Canada,,1685062,Industrials,Mining & Quarrying of Nonmetallic Minerals (No Fuels)
GAUZ,Gauzy Ltd. Ordinary Shares,$0.4901,0.0501,11.386%,9185500.00,Israel,2024,37837,Miscellaneous,Industrial Machinery/Components
GBAB,Guggenheim Taxable Municipal Bond & Investment Grade Debt Trust Common Shares of Beneficial Interest,$14.29,0.08,0.563%,320051772.00,United States,2010,111753,Finance,Investment Managers
GBCI,Glacier Bancorp Inc. Common Stock,$48.79,0.00,0.00%,6349660089.00,United States,,750755,Finance,Major Banks
GBDC,Golub Capital BDC Inc. Common Stock,$13.16,0.01,0.076%,3428116582.00,United States,2010,1402387,Finance,Finance: Consumer Services
GBFH,GBank Financial Holdings Inc. Common Stock,$29.16,-0.26,-0.884%,415175531.00,United States,,31354,Finance,Commercial Banks
GBLI,Global Indemnity Group LLC Class A Common Stock ,$27.69,0.39,1.429%,396630286.00,United States,,1450,Finance,Property-Casualty Insurers
GBR,New Concept Energy Inc Common Stock,$0.7901,-0.0197,-2.433%,4054741.00,United States,1993,55637,Energy,Oil & Gas Production
GBTG,Global Business Travel Group Inc. Class A Common Stock,$9.45,0.01,0.106%,4945590575.00,United States,2020,2388577,Consumer Discretionary,Transportation Services
GBX,Greenbrier Companies Inc. (The) Common Stock,$50.55,0.14,0.278%,1563945927.00,United States,1994,215395,Industrials,Railroads
GCBC,Greene County Bancorp Inc. Common Stock,$23.86,-0.13,-0.542%,406260116.00,United States,,3847,Finance,Banks
GCDT,Green Circle Decarbonize Technology Limited Ordinary Shares,$0.8721,0.0149,1.738%,10901250.00,,2026,153147,Industrials,Industrial Machinery/Components
GCGRU,General Catalyst Global Resilience Merger Corp. Units,$10.10,0.00,0.00%,0.00,United States,2026,978328,,
GCL,GCL Global Holdings Ltd Ordinary Shares,$0.46,-0.0155,-3.26%,58106384.00,Singapore,,52520,Technology,Computer Software: Prepackaged Software
GCMG,GCM Grosvenor Inc. Class A Common Stock,$11.36,0.20,1.792%,2284314251.00,United States,,472131,Finance,Investment Managers
GCO,Genesco Inc. Common Stock,$34.89,1.14,3.378%,378843435.00,United States,,78866,Consumer Discretionary,Clothing/Shoe/Accessory Stores
GCT,GigaCloud Technology Inc Class A Ordinary Shares,$40.18,-2.66,-6.209%,1471091134.00,United States,2022,1564232,Consumer Discretionary,Catalog/Specialty Distribution
GCTK,GlucoTrack Inc. Common Stock,$0.8004,-0.0596,-6.93%,1556201.00,United States,,1535591,Health Care,Medical/Dental Instruments
GCTS,GCT Semiconductor Holding Inc. Common Stock,$1.70,0.20,13.333%,123239997.00,United States,2021,12145918,Technology,Semiconductors
GCV,Gabelli Convertible and Income Securities Fund Inc. (The) Common Stock,$4.58,0.05,1.104%,87203333.00,United States,,73610,Finance,Finance/Investors Services
GD,General Dynamics Corporation Common Stock,$346.53,-1.23,-0.354%,93712172701.00,United States,,1558282,Industrials,Marine Transportation
GDC,GD Culture Group Limited Common Stock,$0.16,0.009,5.96%,9721554.00,United States,2015,472728565,Industrials,Steel/Iron Ore
GDDY,GoDaddy Inc. Class A Common Stock,$91.02,1.27,1.415%,12051944274.00,United States,2015,2120961,Technology,EDP Services
GDEV,GDEV Inc. Ordinary Shares,$17.98,1.0705,6.331%,326345792.00,Cyprus,,5864,Technology,EDP Services
GDEVW,GDEV Inc. Warrant,$0.0069,0.0014,25.455%,125238.00,Cyprus,,1000,Technology,EDP Services
GDHG,Golden Heaven Group Holdings Ltd. Class A Ordinary Shares,$1.79,0.07,4.07%,35857450.00,China,2023,1990,Consumer Discretionary,Services-Misc. Amusement & Recreation
GDL,GDL Fund The Common Shares of Beneficial Interest,$8.50,0.035,0.413%,0.00,United States,2007,3354,Finance,Investment Managers
GDO,Western Asset Global Corporate Opportunity Fund Inc. Common Stock,$11.05,0.01,0.091%,0.00,United States,2009,5460,Finance,Finance Companies
GDOT,Green Dot Corporation Class A Common Stock $0.001 par value,$12.62,-0.02,-0.158%,701262961.00,United States,2010,292722,Finance,Finance: Consumer Services
GDRX,GoodRx Holdings Inc. Class A Common Stock,$2.92,0.08,2.817%,988932089.00,United States,2020,2922331,Technology,EDP Services
GDS,GDS Holdings Limited ADS,$44.25,0.63,1.444%,8866709375.00,China,2016,1121649,Technology,Computer Software: Programming Data Processing
GDTC,CytoMed Therapeutics Limited Ordinary Shares,$0.78,0.0568,7.854%,9226179.00,Singapore,2023,119892,Health Care,Biotechnology: Pharmaceutical Preparations
GDV,Gabelli Dividend & Income Trust Common Shares of Beneficial Interest,$29.09,-0.02,-0.069%,2623583203.00,United States,2003,135090,Finance,Investment Managers
GDV^H,The Gabelli Dividend & Income Trust 5.375% Series H Cumulative Preferred Shares,$22.21,-0.01,-0.045%,,United States,,7058,,
GDV^K,The Gabelli Dividend & Income Trust 4.250% Series K Cumulative Preferred Shares,$17.99,0.045,0.251%,,United States,,3872,,
GDYN,Grid Dynamics Holdings Inc. Class A Common Stock,$6.975,-0.015,-0.215%,583291727.00,United States,2018,3016844,Technology,Computer Software: Prepackaged Software
GE,GE Aerospace Common Stock,$297.15,-5.48,-1.811%,310027659380.00,United States,,3950744,Technology,Consumer Electronics/Appliances
GECC,Great Elm Capital Corp. Common Stock,$6.07,0.41,7.244%,46143897.00,United States,,203530,Finance,Finance: Consumer Services
GECCG,Great Elm Capital Corp. 7.75% Notes Due 2030,$25.15,0.00,0.00%,0.00,United States,,54,Finance,Finance: Consumer Services
GECCH,Great Elm Capital Corp. 8.125% Notes Due 2029,$25.23,0.01,0.04%,0.00,United States,,1680,,
GECCI,Great Elm Capital Corp. 8.50% NOTES DUE 2029,$25.30,0.00,0.00%,0.00,United States,,111,Finance,Finance Companies
GECCO,Great Elm Capital Corp. 5.875% Notes due 2026,$25.16,0.02,0.08%,0.00,United States,,250,Finance,Finance Companies
GEF,Greif Inc. Class A Common Stock,$68.07,0.07,0.103%,3140498417.00,United States,,141752,,
GEG,Great Elm Group Inc. Common Stock,$2.14,0.09,4.39%,67103997.00,United States,,14695,Technology,Computer Software: Prepackaged Software
GEGGL,Great Elm Group Inc.  7.25% Notes due 2027,$24.60,0.05,0.204%,713320960.00,United States,,1100,Technology,Computer Software: Prepackaged Software
GEHC,GE HealthCare Technologies Inc. Common Stock ,$63.47,2.13,3.472%,28871981657.00,United States,,8356269,Health Care,Medical Electronics
GEL,Genesis Energy L.P. Common Units,$16.37,-0.11,-0.667%,2004740886.00,United States,2001,416235,Energy,Oil Refining/Marketing
GELS,Gelteq Limited Ordinary Shares,$0.47,0.004,0.858%,5034198.00,Australia,2024,23282,Health Care,Biotechnology: Pharmaceutical Preparations
GEMI,Gemini Space Station Inc. Class A Common Stock,$5.00,0.25,5.263%,595633145.00,United States,2025,1974925,Finance,Investment Bankers/Brokers/Service
GEN,Gen Digital Inc. Common Stock,$22.68,2.49,12.333%,13736454394.00,United States,,17307003,Technology,Computer Software: Prepackaged Software
GENB,Generate Biomedicines Inc. Common Stock,$13.66,0.075,0.552%,1740969746.00,United States,2026,291617,Health Care,Biotechnology: Pharmaceutical Preparations
GENC,Gencor Industries Inc. Common Stock,$15.42,0.37,2.458%,226021765.00,United States,,25398,Industrials,Construction/Ag Equipment/Trucks
GENI,Genius Sports Limited Ordinary Shares,$4.40,-0.38,-7.95%,1131900774.00,Guernsey,2021,6046632,Consumer Discretionary,Services-Misc. Amusement & Recreation
GENK,GEN Restaurant Group Inc. Class A Common Stock,$2.34,0.06,2.632%,77137206.00,United States,2023,32869,Consumer Discretionary,Restaurants
GENVR,Gen Digital Inc. Contingent Value Rights,$0.655,0.205,45.556%,396709772.00,United States,,79743,Technology,Computer Software: Prepackaged Software
GEO,Geo Group Inc (The) REIT,$21.76,0.54,2.545%,2887710565.00,United States,,2908134,Consumer Discretionary,Homebuilding
GEOS,Geospace Technologies Corporation Common Stock (Texas),$8.40,-0.10,-1.176%,108258511.00,United States,,573939,Industrials,Industrial Machinery/Components
GERN,Geron Corporation Common Stock,$1.39,-0.07,-4.795%,891714154.00,United States,1996,12727435,Health Care,Biotechnology: Pharmaceutical Preparations
GETY,Getty Images Holdings Inc. Class A Common Stock,$0.8362,0.0022,0.264%,349335608.00,United States,2022,563816,Real Estate,Real Estate
GEV,GE Vernova Inc. Common Stock,$1040.15,-5.48,-0.524%,279509102799.00,United States,2024,1824662,,
GEVO,Gevo Inc. Common Stock,$1.83,-0.20,-9.852%,444474779.00,United States,2011,6120474,Industrials,Major Chemicals
GF,New Germany Fund Inc. (The) Common Stock,$12.10,0.05,0.415%,0.00,United States,1990,35495,Finance,Investment Managers
GFAI,Guardforce AI Co. Limited Ordinary Shares,$0.509,0.0365,7.725%,15906463.00,Singapore,,477224,Consumer Discretionary,Diversified Commercial Services
GFAIW,Guardforce AI Co. Limited Warrant,$0.0545,0.0203,59.357%,1703148.00,Singapore,,298,Consumer Discretionary,Diversified Commercial Services
GFF,Griffon Corporation Common Stock,$88.02,-2.66,-2.933%,4099898807.00,United States,,379936,Industrials,Building Products
GFI,Gold Fields Limited American Depositary Shares,$44.86,-0.06,-0.134%,40150787720.00,South Africa,,2726904,Basic Materials,Precious Metals
GFL,GFL Environmental Inc. Subordinate voting shares no par value,$36.74,-0.45,-1.21%,13178233860.00,Canada,2020,1844197,Utilities,Environmental Services
GFR,Greenfire Resources Ltd. Common Shares,$5.78,0.13,2.301%,724971840.00,Canada,,179884,Energy,Oil & Gas Production
GFS,GlobalFoundries Inc. Ordinary Shares,$74.12,3.19,4.497%,41241647015.00,United States,2021,6167355,Technology,Semiconductors
GGAL,Grupo Financiero Galicia S.A. American Depositary Shares,$41.96,-1.28,-2.96%,6739840651.00,Argentina,,814785,Finance,Commercial Banks
GGB,Gerdau S.A. Common Stock,$4.85,0.10,2.105%,9579447871.00,Brazil,,14934068,Industrials,Steel/Iron Ore
GGG,Graco Inc. Common Stock,$77.59,-1.08,-1.373%,12877470853.00,United States,,947204,Industrials,Fluid Controls
GGN,GAMCO Global Gold Natural Resources & Income Trust,$5.36,0.06,1.132%,0.00,United States,2005,372128,Finance,Finance/Investors Services
GGN^B,GAMCO Global Gold Natural Reources & Income Trust 5.00% Series B Cumulative 25.00 Liquidation Preference,$20.16,0.09,0.448%,,United States,,2287,,
GGR,Gogoro Inc. Ordinary Shares,$4.02,-0.13,-3.133%,59389522.00,Taiwan,,9134,Industrials,Auto Manufacturing
GGROW,Gogoro Inc. Warrant,$0.0065,0.0014,27.451%,96028.00,Taiwan,,101,Industrials,Auto Manufacturing
GGRP,The Glimpse Group Inc. Common Stock,$0.5064,0.0013,0.257%,10673143.00,United States,2021,49532,Technology,EDP Services
GGT,Gabelli Multi-Media Trust Inc. (The) Common Stock,$4.29,0.09,2.143%,118128372.00,United States,,406534,Finance,Trusts Except Educational Religious and Charitable
GGT^E,Gabelli Multi-Media Trust Inc. (The) 5.125% Series E Cumulative Preferred Stock,$20.24,-0.19,-0.93%,,United States,,244,,
GGT^G,Gabelli Multi-Media Trust Inc. (The) 5.125% Series G Cumulative Preferred Shares,$20.542,0.042,0.205%,,United States,,493,,
GGZ,Gabelli Global Small and Mid Cap Value Trust (The) Common Shares of Beneficial Interest,$16.01,-0.08,-0.497%,142040192.00,,2014,10370,Finance,Investment Managers
GH,Guardant Health Inc. Common Stock,$95.70,3.44,3.729%,12687276677.00,United States,2018,3186967,Health Care,Medical Specialities
GHC,Graham Holdings Company Common Stock,$1136.35,5.25,0.464%,4894354903.00,United States,,13378,Real Estate,Other Consumer Services
GHG,GreenTree Hospitality Group Ltd. American depositary shares each representing one Class A ordinary share,$1.22,0.01,0.826%,123094737.00,,2018,66143,Consumer Discretionary,Hotels/Resorts
GHI,Greystone Housing Impact Investors LP Beneficial Unit Certificates representing assignments of limited partnership interests,$5.41,0.12,2.268%,127473179.00,United States,2022,35967,Finance,Finance: Consumer Services
GHM,Graham Corporation Common Stock,$98.19,1.11,1.143%,1146154490.00,United States,1978,185535,Industrials,Industrial Machinery/Components
GHRS,GH Research PLC Ordinary Shares,$21.42,0.41,1.951%,1468494667.00,Ireland,2021,161073,Health Care,Biotechnology: Pharmaceutical Preparations
GHY,PGIM Global High Yield Fund Inc.,$11.97,0.14,1.183%,0.00,United States,2012,190892,Finance,Trusts Except Educational Religious and Charitable
GIB,CGI Inc. Common Stock,$68.21,0.12,0.176%,14423559320.00,Canada,,326265,Consumer Discretionary,Professional Services
GIBO,GIBO Holdings Limited Class A Ordinary Shares,$1.31,0.00,0.00%,85304086.00,Hong Kong,,3801,Technology,Computer Software: Prepackaged Software
GIC,Global Industrial Company Common Stock,$29.24,-0.98,-3.243%,1118754535.00,United States,,99641,Industrials,Industrial Machinery/Components
GIFT,Giftify Inc. Common Stock,$0.8148,-0.1232,-13.134%,27411756.00,United States,,63973,Consumer Discretionary,Catalog/Specialty Distribution
GIG,GigCapital7 Corp. Class A Ordinary Share,$5.80,-0.94,-13.947%,0.00,United States,2024,78306,Finance,Blank Checks
GIGGU,GigCapital7 Corp. Unit,$11.00,0.00,0.00%,1714100300.00,United States,2024,126,Technology,Computer Software: Prepackaged Software
GIGGW,GigCapital7 Corp. Warrant,$0.4499,-0.0001,-0.022%,0.00,United States,2024,39144,Finance,Blank Checks
GIGM,GigaMedia Limited Ordinary Shares,$1.44,0.01,0.699%,15915218.00,Taiwan,,37882,Technology,Computer Software: Programming Data Processing
GIII,G-III Apparel Group LTD. Common Stock,$31.77,0.47,1.502%,1340353648.00,United States,1989,255403,Consumer Discretionary,Apparel
GIL,Gildan Activewear Inc. Class A Sub. Vot. Common Stock,$59.26,-0.14,-0.236%,10973823275.00,Canada,2000,562694,Consumer Discretionary,Apparel
GILD,Gilead Sciences Inc. Common Stock,$131.33,-2.73,-2.036%,163035757942.00,United States,1992,10250125,Health Care,Biotechnology: Biological Products (No Diagnostic Substances)
GILT,Gilat Satellite Networks Ltd. Ordinary Shares,$19.39,0.55,2.919%,1463381682.00,Israel,,738611,Technology,Radio And Television Broadcasting And Communications Equipment
GIPR,Generation Income Properties Inc. Common Stock,$0.273,0.0116,4.438%,1487353.00,United States,,325996,Real Estate,Real Estate Investment Trusts
GIS,General Mills Inc. Common Stock,$34.68,-1.03,-2.884%,18508064640.00,United States,,9941217,Consumer Staples,Packaged Foods
GITS,Global Interactive Technologies Inc. Common Stock,$1.52,0.01,0.662%,11430950.00,South Korea,2023,12939,Technology,Computer Software: Programming Data Processing
GIW,GigCapital8 Corp. Class A Ordinary Shares,$10.02,0.00,0.00%,0.00,United States,2025,28488,,
GIWWR,GigCapital8 Corp. Rights,$0.29,-0.001,-0.344%,0.00,United States,2025,51255,,
GIWWU,GigCapital8 Corp. Units,$10.22,0.00,0.00%,0.00,United States,2025,101,,
GIX,GigCapital9 Corp. Class A Ordinary Share,$9.87,0.00,0.00%,0.00,United States,2026,4,Finance,Blank Checks
GIXXR,GigCapital9 Corp. Rights,$0.27,0.0199,7.957%,0.00,United States,2026,1400,,
GJH,Synthetic Fixed-Income Securities Inc 6.375% (STRATS) Cl A-1,$9.75,0.00,0.00%,0.00,United States,,1,Finance,Finance: Consumer Services
GJP,Synthetic Fixed-Income Securities Inc. on behalf of STRATS (SM) Trust for Dominion Resources Inc. Securities Series 2005-6 Floating Rate Structured Repackaged Asset-Backed Trust Securities (STRATS) Certificates,$24.48,0.00,0.00%,0.00,United States,,167,Finance,Finance: Consumer Services
GJR,Synthetic Fixed-Income Securities Inc. STRATS Trust for Procter&Gamble Securities Series 2006-1,$24.50,0.00,0.00%,0.00,United States,,52,Finance,Finance: Consumer Services
GJS,Goldman Sachs Group Securities STRATS Trust for Goldman Sachs Group Securities Series 2006-2,$23.54,0.36,1.553%,7345398837.00,United States,,842,Finance,Finance: Consumer Services
GKOS,Glaukos Corporation Common Stock,$133.52,-0.63,-0.47%,7842151797.00,United States,2015,454518,Health Care,Medical/Dental Instruments
GL,Globe Life Inc. Common Stock,$151.08,-1.37,-0.899%,11851959193.00,United States,,469177,Finance,Life Insurance
GL^D,Globe Life Inc. 4.25% Junior Subordinated Debentures due 2061,$15.98,0.005,0.031%,,United States,,6257,,
GLAD,Gladstone Capital Corporation Common Stock,$19.97,-0.02,-0.10%,451183588.00,United States,2001,149841,Consumer Discretionary,Textiles
GLBE,Global-E Online Ltd. Ordinary Shares,$29.80,-2.83,-8.673%,4993534982.00,Israel,2021,2218910,Technology,Computer Software: Prepackaged Software
GLBS,Globus Maritime Limited Common Stock,$2.17,-0.03,-1.364%,46833593.00,Greece,,27221,Consumer Discretionary,Marine Transportation
GLDG,GoldMining Inc. Common Shares,$1.20,0.01,0.84%,256799899.00,,,1239649,Basic Materials,Precious Metals
GLE,Global Engine Group Holding Limited Class A Ordinary Shares,$0.459,-0.09,-16.393%,8399700.00,Hong Kong,2024,6181911,Technology,EDP Services
GLED,GalaxyEdge Acquisition Corporation Ordinary Shares,$9.9104,0.00,0.00%,0.00,,2026,20,Finance,Blank Checks
GLIBA,GCI Liberty Inc. Series A GCI Group Common Stock,$26.77,-0.39,-1.436%,1065677534.00,United States,,98460,Telecommunications,Cable & Other Pay Television Services
GLIBK,GCI Liberty Inc. Series C GCI Group Common Stock,$26.26,-0.51,-1.905%,1045375123.00,United States,,1559832,Telecommunications,Cable & Other Pay Television Services
GLMD,Galmed Pharmaceuticals Ltd. Ordinary Shares,$0.611,-0.0154,-2.458%,4032389.00,Israel,2014,109665,Health Care,Biotechnology: Pharmaceutical Preparations
GLND,Greenland Energy Company Common Stock,$3.06,0.13,4.437%,133585010.00,United States,,1294605,Energy,Oil & Gas Production
GLNDW,Greenland Energy Company Warrant,$1.03,0.03,3.00%,44964889.00,United States,,92339,Energy,Oil & Gas Production
GLNG,Golar Lng Ltd,$55.70,0.67,1.218%,5658522228.00,Bermuda,,1717164,Consumer Discretionary,Marine Transportation
GLO,Clough Global Opportunities Fund Common Stock,$5.99,0.02,0.335%,0.00,United States,2006,204430,Finance,Finance/Investors Services
GLOB,Globant S.A. Common Shares,$39.23,-1.74,-4.247%,1693933982.00,United States,2014,1471901,Technology,EDP Services
GLOO,Gloo Holdings Inc. Class A Common Stock,$6.56,-0.08,-1.205%,530514573.00,United States,2025,15281,Technology,EDP Services
GLOP^A,GasLog Partners LP 8.625% Series A Cumulative Redeemable Perpetual Fixed to Floating Rate Preference Units,$25.75,0.14,0.547%,,Greece,,7191,,
GLOP^B,GasLog Partners LP 8.200% Series B Cumulative Redeemable Perpetual Fixed to Floating Rate Preference Units,$25.815,-0.075,-0.29%,,Greece,,1692,,
GLOP^C,GasLog Partners LP 8.500% Series C Cumulative Redeemable Perpetual Fixed to Floating Rate Preference Units,$25.55,-0.1428,-0.556%,,Greece,,701,,
GLP,Global Partners LP Common Units representing Limited Partner Interests,$48.75,1.00,2.094%,1657283696.00,United States,2005,117777,Energy,Oil Refining/Marketing
GLP^B,Global Partners LP 9.50% Series B Fixed Rate Cumulative Redeemable Perpetual Preferred Units representing limited partner interests,$25.3865,0.0265,0.104%,,United States,,7399,,
GLPI,Gaming and Leisure Properties Inc. Common Stock,$48.22,0.295,0.616%,13666552230.00,United States,,928221,Real Estate,Real Estate Investment Trusts
GLQ,Clough Global Equity Fund Clough Global Equity Fund Common Shares of Beneficial Interest,$8.31,0.02,0.241%,0.00,United States,2005,72739,Finance,Finance/Investors Services
GLRE,Greenlight Capital Re Ltd. Class A Ordinary Shares,$17.86,0.06,0.337%,592352761.00,Cayman Islands,2007,130207,Finance,Property-Casualty Insurers
GLSI,Greenwich LifeSciences Inc. Common Stock,$22.86,-0.76,-3.218%,316714762.00,United States,2020,75234,Health Care,Biotechnology: Pharmaceutical Preparations
GLU,Gabelli Global Utility Common Shares of Beneficial Ownership,$19.785,0.035,0.177%,118094904.00,United States,2004,11339,Finance,Finance/Investors Services
GLU^A,The Gabelli Global Utility and Income Trust Series A Cumulative Puttable and Callable Preferred Shares,$55.50,1.50,2.778%,,United States,,540,,
GLUE,Monte Rosa Therapeutics Inc. Common Stock,$19.39,-0.42,-2.12%,1636178090.00,United States,2021,547105,Health Care,Biotechnology: Biological Products (No Diagnostic Substances)
GLV,Clough Global Dividend and Income Fund Common Shares of beneficial interest,$6.22,0.00,0.00%,79053606.00,United States,2004,28871,Finance,Finance/Investors Services
GLW,Corning Incorporated Common Stock,$186.94,4.54,2.489%,160887635006.00,United States,,20549569,Industrials,Telecommunications Equipment
GLXG,Galaxy Payroll Group Limited Class A Ordinary Shares,$1.06,-0.125,-10.549%,6319206.00,Hong Kong,2024,1663,Industrials,Diversified Commercial Services
GLXY,Galaxy Digital Inc. Class A Common Stock,$30.23,0.93,3.174%,11808150276.00,United States,,4539762,Finance,Investment Bankers/Brokers/Service
GM,General Motors Company Common Stock,$78.80,0.39,0.497%,71051217366.00,United States,2010,2949364,Industrials,Auto Manufacturing
GMAB,Genmab A/S ADS,$26.43,-0.63,-2.328%,16978211234.00,Denmark,2019,5918903,Health Care,Biotechnology: Pharmaceutical Preparations
GME,GameStop Corporation Common Stock,$24.28,0.31,1.293%,10886548812.00,United States,2002,5935398,Consumer Discretionary,Electronics Distribution
GMED,Globus Medical Inc. Class A Common Stock,$77.95,-7.12,-8.37%,10575127518.00,United States,2012,6038674,Health Care,Medical/Dental Instruments
GMEX,GMEX ROBOTICS CORPORATION Class A Ordinary Shares,$2.02,-0.15,-6.912%,1747997.00,Australia,2023,2297074,Consumer Discretionary,Recreational Games/Products/Toys
GMHS,Gamehaus Holdings Inc. Class A Ordinary Shares,$1.00,0.01,1.01%,53569358.00,China,,8201,Technology,EDP Services
GMM,Global Mofy AI Limited Class A Ordinary Shares,$1.17,-0.01,-0.847%,57994623.00,China,2023,75095,Technology,Computer Software: Programming Data Processing
GMTL,Guardian Metal Resources PLC ADS,$14.04,-0.94,-6.275%,544774408.00,,2026,176355,Basic Materials,Metal Mining
GNE,Genie Energy Ltd. Class B Common Stock Stock,$14.44,-0.24,-1.635%,381223480.00,United States,2011,34024,Utilities,Power Generation
GNK,Genco Shipping & Trading Limited Ordinary Shares New (Marshall Islands),$25.91,0.67,2.655%,1129081391.00,United States,,209899,Consumer Discretionary,Marine Transportation
GNL,Global Net Lease Inc. Common Stock,$9.23,0.11,1.206%,1956127293.00,United States,2015,2090667,Real Estate,Real Estate Investment Trusts
GNL^A,Global Net Lease Inc. 7.25% Series A Cumulative Redeemable Preferred Stock $0.01 par value per share,$22.86,0.06,0.263%,,United States,,10734,,
GNL^B,Global Net Lease Inc. 6.875% Series B Cumulative Redeemable Perpetual Preferred Stock,$21.63,0.15,0.698%,,United States,,2013,,
GNL^D,Global Net Lease Inc. 7.50% Series D Cumulative Redeemable Perpetual Preferred Stock,$23.76,0.10,0.423%,,United States,,8138,,
GNL^E,Global Net Lease Inc. 7.375% Series E Cumulative Redeemable Perpetual Preferred Stock,$23.16,0.06,0.26%,,United States,,5711,,
GNLN,Greenlane Holdings Inc. Class A Common Stock,$4.99,-0.35,-6.554%,3143426.00,United States,2019,33474,Consumer Discretionary,Durable Goods
GNLX,Genelux Corporation Common Stock,$3.11,0.28,9.894%,139459376.00,United States,2023,368413,Health Care,Biotechnology: Pharmaceutical Preparations
GNPX,Genprex Inc. Common Stock,$0.87,0.005,0.578%,9063138.00,United States,2018,224084,Health Care,Biotechnology: Pharmaceutical Preparations
GNRC,Generac Holdlings Inc. Common Stock,$269.41,2.66,0.997%,15859811348.00,United States,2010,634777,Consumer Discretionary,Metal Fabrications
GNS,Genius Group Limited Ordinary Shares,$0.252,-0.0113,-4.292%,49058905.00,Singapore,2022,2280439,Consumer Discretionary,Services-Misc. Amusement & Recreation
GNSS,Genasys Inc. Common Stock,$2.06,0.06,3.00%,93137361.00,United States,,110570,Consumer Staples,Consumer Electronics/Appliances
GNT,GAMCO Natural Resources Gold & Income Trust,$8.46,0.05,0.595%,156302214.00,United States,2011,25022,Finance,Finance/Investors Services
GNT^A,GAMCO Natural Resources Gold & Income Tust  5.20% Series A Cumulative Preferred Shares (Liquidation Preference $25.00 per share),$20.60,-0.1646,-0.793%,,United States,,306,,
GNTA,Genenta Science S.p.A. American Depositary Shares,$0.6261,-0.0141,-2.202%,14770338.00,Italy,2021,53540,Health Care,Biotechnology: Biological Products (No Diagnostic Substances)
GNTX,Gentex Corporation Common Stock,$23.39,0.31,1.343%,4997211493.00,United States,,1415218,Consumer Discretionary,Auto Parts:O.E.M.
GNW,Genworth Financial Inc Common Stock,$9.13,-0.01,-0.109%,3496874507.00,United States,2004,2287113,Finance,Life Insurance
GO,Grocery Outlet Holding Corp. Common Stock,$8.19,0.15,1.866%,810176684.00,United States,2019,2129450,Consumer Staples,Food Chains
GOAI,Eva Live Inc. Common Stock,$3.575,-0.025,-0.694%,112048669.00,United States,,77570,Technology,Computer Software: Programming Data Processing
GOCO,GoHealth Inc. Class A Common Stock,$0.91,-0.0817,-8.238%,26665269.00,United States,2020,93294,Finance,Specialty Insurers
GOF,Guggenheim Strategic Opportunities Fund Common Shares of Beneficial Interest,$11.52,0.03,0.261%,0.00,United States,,1004551,Finance,Finance/Investors Services
GOGO,Gogo Inc. Common Stock,$4.40,-0.27,-5.782%,595049501.00,United States,2013,1877469,Consumer Discretionary,Telecommunications Equipment
GOLD,Gold.com Inc. Common Stock,$45.39,1.88,4.321%,1148230467.00,United States,,934951,Industrials,Other Specialty Stores
GOLF,Acushnet Holdings Corp. Common Stock,$91.55,2.02,2.256%,5360623552.00,United States,2016,520089,Consumer Discretionary,Recreational Games/Products/Toys
GOOD,Gladstone Commercial Corporation Real Estate Investment Trust,$12.84,0.12,0.943%,621545790.00,United States,2003,673283,Real Estate,Real Estate
GOODN,Gladstone Commercial Corporation 6.625% Series E Cumulative Redeemable Preferred Stock,$22.363,0.031,0.139%,1082525584.00,United States,,1352,Real Estate,Real Estate
GOODO,Gladstone Commercial Corporation 6.00% Series G Cumulative Redeemable Preferred Stock par value $0.001 per share,$20.34,0.02,0.098%,984598238.00,United States,,4375,Real Estate,Real Estate
GOOG,Alphabet Inc. Class C Capital Stock,$397.05,1.75,0.443%,4810657800000.00,United States,2004,13742990,Technology,Computer Software: Programming Data Processing
GOOGL,Alphabet Inc. Class A Common Stock,$400.80,2.81,0.706%,4856092800000.00,United States,2004,21430525,Technology,Computer Software: Programming Data Processing
GOOS,Canada Goose Holdings Inc. Subordinate Voting Shares,$11.92,0.01,0.084%,1157771112.00,,2017,299119,Consumer Discretionary,Apparel
GORO,Gold Resource Corporation Common Stock,$1.31,-0.12,-8.392%,212035092.00,United States,,2707498,Basic Materials,Precious Metals
GOSS,Gossamer Bio Inc. Common Stock,$0.327,-0.0167,-4.859%,76745684.00,United States,2019,3384741,Health Care,Biotechnology: Pharmaceutical Preparations
GOTU,Gaotu Techedu Inc. American Depositary Shares,$1.97,0.00,0.00%,469730429.00,China,2019,283777,Real Estate,Other Consumer Services
GOVX,GeoVax Labs Inc. Common Stock,$1.67,-0.09,-5.114%,4830592.00,United States,,546790,Health Care,Biotechnology: Pharmaceutical Preparations
GP,GreenPower Motor Company Inc. Common Shares,$1.10,0.1088,10.977%,5532220.00,Canada,,1238514,Consumer Discretionary,Construction/Ag Equipment/Trucks
GPAT,GP-Act III Acquisition Corp. Class A Ordinary Share,$10.81,0.01,0.093%,0.00,United States,2024,664,,
GPATW,GP-Act III Acquisition Corp. Warrants,$0.144,-0.0006,-0.415%,0.00,United States,2024,81588,,
GPC,Genuine Parts Company Common Stock,$104.72,-0.53,-0.504%,14412042352.00,United States,,955280,Consumer Discretionary,Automotive Aftermarket
GPCR,Structure Therapeutics Inc. American Depositary Shares,$39.10,-0.05,-0.128%,2778883451.00,United States,2023,802758,Health Care,Biotechnology: Pharmaceutical Preparations
GPGI,GPGI Inc. Class A Common Stock,$13.88,0.94,7.264%,4023271138.00,United States,,8129542,Finance,Finance: Consumer Services
GPI,Group 1 Automotive Inc. Common Stock,$357.83,7.67,2.19%,4257530401.00,United States,1997,155500,Consumer Discretionary,Retail-Auto Dealers and Gas Stations
GPJA,Georgia Power Company Series 2017A 5.00% Junior Subordinated Notes due October 1 2077,$22.28,0.05,0.225%,206346220.00,United States,2017,5456,Utilities,Electric Utilities: Central
GPK,Graphic Packaging Holding Company,$10.63,-0.40,-3.626%,3145282924.00,United States,,6739968,Consumer Discretionary,Containers/Packaging
GPMT,Granite Point Mortgage Trust Inc. Common Stock,$1.47,-0.08,-5.161%,70441849.00,United States,2017,80890,Real Estate,Real Estate Investment Trusts
GPMT^A,Granite Point Mortgage Trust Inc. 7.00% Series A Fixed-to-Floating Rate Cumulative Redeemable Preferred Stock,$19.95,-0.045,-0.225%,,United States,,5752,,
GPN,Global Payments Inc. Common Stock,$69.19,-0.94,-1.34%,19044064069.00,United States,,3560034,Real Estate,Real Estate
GPOR,Gulfport Energy Corporation Common Shares,$178.28,-0.52,-0.291%,3203627597.00,United States,2021,352631,Energy,Oil & Gas Production
GPRE,Green Plains Inc. Common Stock,$18.19,1.73,10.51%,1273941016.00,United States,,2407784,Industrials,Major Chemicals
GPRK,Geopark Ltd Common Shares,$9.33,0.18,1.967%,482428157.00,Bermuda,2014,490928,Energy,Oil & Gas Production
GPRO,GoPro Inc. Class A Common Stock,$1.37,-0.02,-1.439%,224122717.00,United States,2014,4555327,Consumer Discretionary,Industrial Machinery/Components
GPUS,Hyperscale Data Inc. Common Stock,$0.121,0.0001,0.083%,53052306.00,United States,1997,30128579,Technology,Industrial Machinery/Components
GPUS^D,Hyperscale Data Inc. 13.00% Series D Cumulative Redeemable Perpetual Preferred Stock,$19.675,0.175,0.897%,,United States,,255,,
GRAB,Grab Holdings Limited Class A Ordinary Shares,$3.72,-0.07,-1.847%,15253792233.00,Singapore,,52324527,Real Estate,Real Estate
GRABW,Grab Holdings Limited Warrant,$0.0641,-0.0005,-0.774%,262840882.00,Singapore,,13691,Real Estate,Real Estate
GRAF,Graf Global Corp. Class A ordinary shares,$10.775,-0.10,-0.92%,0.00,,2024,2196,,
GRAL,GRAIL Inc. Common Stock ,$61.64,-1.28,-2.034%,2645378793.00,United States,,537486,Health Care,Medical Specialities
GRAN,Grande Group Limited Class A Ordinary Shares,$0.9001,-0.1099,-10.881%,20477275.00,Hong Kong,2025,13905,Finance,Finance: Consumer Services
GRBK,Green Brick Partners Inc. Common Stock,$66.09,0.45,0.686%,2852265428.00,United States,2021,172731,Consumer Discretionary,Homebuilding
GRBK^A,Green Brick Partners Inc. Depositary Shares (each representing a 1/1000th fractional interest in a share of 5.75% Series A Cumulative Perpetual Preferred Stock),$23.45,0.30,1.296%,,United States,,1055,,
GRC,Gorman-Rupp Company (The) Common Stock,$77.28,0.76,0.993%,2040983579.00,United States,1971,83530,Industrials,Fluid Controls
GRCE,Grace Therapeutics Inc. Common Stock,$2.34,0.09,4.00%,31395160.00,Canada,,296780,Health Care,Biotechnology: Pharmaceutical Preparations
GRDN,Guardian Pharmacy Services Inc. Class A Common Stock,$36.09,-0.18,-0.496%,2285241681.00,United States,2024,542787,Consumer Staples,Retail-Drug Stores and Proprietary Stores
GRDX,GridAI Technologies Corp. Common Stock,$3.42,0.57,20.00%,21204174.00,United States,2016,258645,Health Care,Biotechnology: Pharmaceutical Preparations
GREE,Greenidge Generation Holdings Inc. Class A Common Stock,$1.21,-0.01,-0.82%,20336614.00,United States,,78675,Finance,Finance: Consumer Services
GREEL,Greenidge Generation Holdings Inc. 8.50% Senior Notes due 2026,$19.41,-0.3992,-2.015%,304221024.00,United States,,10041,Finance,Finance: Consumer Services
GRF,Eagle Capital Growth Fund Inc. Common Stock,$10.15,-0.054,-0.529%,0.00,United States,,457,Finance,Finance/Investors Services
GRFS,Grifols S.A. American Depositary Shares,$8.10,0.04,0.496%,5569194755.00,Spain,,682760,Health Care,Biotechnology: Pharmaceutical Preparations
GRI,GRI Bio Inc. Common Stock,$2.245,-0.005,-0.222%,3244090.00,United States,2021,16978,Health Care,Biotechnology: Pharmaceutical Preparations
GRML,Greenland Mines Ltd. Common Stock,$0.4601,-0.0368,-7.406%,0.00,United States,2022,1880830,,
GRMLW,Greenland Mines Ltd Warrant,$0.2464,0.0164,7.13%,29873206.00,United States,2022,12979,Health Care,Biotechnology: Biological Products (No Diagnostic Substances)
GRMN,Garmin Ltd. Common Stock (Switzerland),$240.09,-1.81,-0.748%,46302846499.00,Switzerland,2000,483471,Industrials,Industrial Machinery/Components
GRND,Grindr Inc. Common Stock,$15.09,1.28,9.269%,2674230183.00,Singapore,2021,5924797,Technology,Computer Software: Programming Data Processing
GRNQ,Greenpro Capital Corp. Common Stock,$2.02,-0.23,-10.222%,17424142.00,China,,10389,Technology,EDP Services
GRNT,Granite Ridge Resources Inc. Common Stock,$5.00,-0.60,-10.714%,659530625.00,United States,2022,1813939,Energy,Oil & Gas Production
GRO,Brazil Potash Corp. Common Shares,$2.64,0.00,0.00%,143206576.00,,2024,710534,Industrials,Mining & Quarrying of Nonmetallic Minerals (No Fuels)
GROV,Grove Collaborative Holdings Inc. Class A Common Stock,$1.29,0.04,3.20%,54216217.00,,2021,71278,Consumer Discretionary,Catalog/Specialty Distribution
GROW,U.S. Global Investors Inc. Class A Common Stock,$2.62,0.00,0.00%,32888231.00,United States,,6577,Finance,Investment Managers
GROY,Gold Royalty Corp. Common Shares,$3.61,0.01,0.278%,833159842.00,Canada,2021,1747230,Basic Materials,Precious Metals
GRPN,Groupon Inc. Common Stock,$17.78,2.32,15.006%,689843375.00,United States,2011,6212169,Consumer Discretionary,Advertising
GRRR,Gorilla Technology Group Inc. Ordinary shares,$15.10,-0.25,-1.629%,417573271.00,Taiwan,,1472510,Technology,Computer Software: Prepackaged Software
GRRRW,Gorilla Technology Group Inc. Warrant,$0.32,-0.01,-3.03%,8849235.00,Taiwan,,4663,Technology,Computer Software: Prepackaged Software
GRVY,GRAVITY Co. Ltd. American Depository Shares,$65.46,4.85,8.002%,454874994.00,South Korea,2005,43788,Real Estate,Real Estate
GRWG,GrowGeneration Corp. Common Stock,$1.42,0.00,0.00%,85329085.00,United States,,498974,Consumer Discretionary,RETAIL: Building Materials
GRX,The Gabelli Healthcare & Wellness Trust Common Shares of Beneficial Interest,$9.04,0.02,0.222%,154520476.00,United States,,17487,Finance,Finance/Investors Services
GS,Goldman Sachs Group Inc. (The) Common Stock,$936.48,10.61,1.146%,276268549618.00,United States,1999,1663350,Finance,Investment Bankers/Brokers/Service
GS^A,Goldman Sachs Group Inc. (The) Depositary Shares each representing 1/1000th Interest in a Share of Floating Rate Non-Cumulative Preferred Stock Series A,$19.44,0.12,0.621%,,United States,,43100,,
GS^C,Goldman Sachs Group Inc. (The) Depositary Share repstg 1/1000th Preferred Series C,$19.5599,0.0899,0.462%,,United States,,11153,,
GS^D,Goldman Sachs Group Inc. (The) Dep Shs repstg 1/1000 Pfd Ser D Fltg,$19.15,0.04,0.209%,,United States,,89397,,
GSAT,Globalstar Inc. Common Stock,$82.09,0.61,0.749%,10556045533.00,United States,2025,929781,Consumer Discretionary,Telecommunications Equipment
GSBC,Great Southern Bancorp Inc. Common Stock,$69.74,-0.02,-0.029%,764748685.00,United States,1989,103879,Finance,Major Banks
GSBD,Goldman Sachs BDC Inc. Common Stock,$9.28,-0.66,-6.64%,1044640942.00,United States,2015,2837537,Finance,Investment Managers
GSHD,Goosehead Insurance Inc. Class A Common Stock,$40.86,-1.26,-2.991%,1454863366.00,United States,2018,261809,Finance,Specialty Insurers
GSHR,Gesher Acquisition Corp. II Class A Ordinary Shares,$10.37,0.00,0.00%,0.00,United States,2025,15,,
GSHRW,Gesher Acquisition Corp. II Warrants,$0.22,0.00,0.00%,0.00,United States,2025,7700,Finance,Blank Checks
GSIT,GSI Technology Common Stock,$8.45,0.31,3.808%,305773415.00,United States,2007,1413333,Technology,Semiconductors
GSIW,Garden Stage Limited Class A Ordinary Shares,$30.0201,0.7901,2.703%,39943364.00,Hong Kong,2023,1752,Finance,Investment Bankers/Brokers/Service
GSK,GSK plc American Depositary Shares (Each representing two Ordinary Shares),$50.41,-0.09,-0.178%,102806786847.00,United Kingdom,2022,2409260,Health Care,Biotechnology: Pharmaceutical Preparations
GSL,Global Ship Lease Inc New Class A Common Shares,$42.29,0.76,1.83%,1518982539.00,United Kingdom,,278822,Consumer Discretionary,Marine Transportation
GSL^B,Global Ship Lease Inc. Depository Shares Representing 1/100th Perpetual Preferred Series B% (Marshall Island),$27.01,0.085,0.316%,,United Kingdom,,2172,,
GSM,Ferroglobe PLC Ordinary Shares,$4.075,0.11,2.774%,761456607.00,United Kingdom,,1388578,Basic Materials,Metal Mining
GSRF,GSR IV Acquisition Corp. Class A ordinary share,$10.09,0.00,0.00%,0.00,United States,2025,3687,,
GSUN,Golden Sun Technology Group Limited Class A Ordinary Shares,$0.532,-0.0004,-0.075%,5335359.00,China,2022,109264,Real Estate,Other Consumer Services
GT,The Goodyear Tire & Rubber Company Common Stock,$6.505,-0.355,-5.175%,1863794627.00,United States,,8323507,Consumer Discretionary,Automotive Aftermarket
GTBP,GT Biopharma Inc. Common Stock,$0.3752,-0.0143,-3.671%,13365515.00,United States,,492718,Health Care,Biotechnology: Pharmaceutical Preparations
GTE,Gran Tierra Energy Inc. Common Stock,$9.15,0.39,4.452%,322983782.00,Canada,,472054,Energy,Oil & Gas Production
GTEC,Greenland Technologies Holding Corporation Class A Ordinary Shares,$0.63,0.0112,1.81%,11990884.00,China,2018,92830,Industrials,Industrial Machinery/Components
GTEN,Gores Holdings X Inc. Class A ordinary shares,$10.36,0.00,0.00%,0.00,United States,2025,1180,,
GTENU,Gores Holdings X Inc. Units,$10.47,0.00,0.00%,0.00,United States,2025,1,,
GTERA,Globa Terra Acquisition Corporation Class A Ordinary Shares,$10.27,0.025,0.244%,0.00,Mexico,2025,125,Finance,Blank Checks
GTERR,Globa Terra Acquisition Corporation Rights,$0.10,0.01,11.111%,0.00,Mexico,2025,18947,Finance,Blank Checks
GTERU,Globa Terra Acquisition Corporation Units,$10.37,0.00,0.00%,0.00,Mexico,2025,1,Finance,Blank Checks
GTERW,Globa Terra Acquisition Corporation Warrants,$0.099,0.004,4.211%,0.00,Mexico,2025,10408,Finance,Blank Checks
GTES,Gates Industrial Corporation plc Ordinary Shares,$26.09,0.11,0.423%,6623616491.00,United Kingdom,2018,1360873,Industrials,Industrial Machinery/Components
GTIM,Good Times Restaurants Inc. Common Stock,$1.26,-0.02,-1.563%,13302949.00,United States,,21461,Consumer Discretionary,Restaurants
GTLB,GitLab Inc. Class A Common Stock,$25.98,0.06,0.231%,4413421763.00,United States,2021,3960741,Technology,Computer Software: Prepackaged Software
GTLS,Chart Industries Inc. Common Stock,$207.43,0.04,0.019%,9928759956.00,United States,2006,815220,Industrials,Metal Fabrications
GTM,ZoomInfo Technologies Inc Common Stock,$6.38,-0.25,-3.771%,1901592846.00,United States,2020,19864170,Technology,Computer Software: Prepackaged Software
GTN,Gray Media Inc. Common Stock,$4.33,-0.09,-2.036%,445045579.00,United States,,2093229,Industrials,Broadcasting
GTX,Garrett Motion Inc. Common Stock,$29.00,1.97,7.288%,5428466587.00,Switzerland,,4242835,Consumer Discretionary,Auto Parts:O.E.M.
GTY,Getty Realty Corporation Common Stock,$33.02,0.01,0.03%,1996621265.00,United States,,250479,Finance,Real Estate
GUG,Guggenheim Active Allocation Fund Common Shares of Beneficial Interest,$15.85,0.05,0.316%,0.00,United States,2021,41952,Finance,Trusts Except Educational Religious and Charitable
GURE,Gulf Resources Inc. (NV) Common Stock,$3.39,-0.22,-6.094%,5219010.00,China,,34894,Industrials,Major Chemicals
GUT,Gabelli Utility Trust (The) Common Stock,$6.25,0.08,1.297%,458743931.00,United States,,178367,Finance,Trusts Except Educational Religious and Charitable
GUT^C,Gabelli Utility Trust (The) 5.375% Series C Cumulative Preferred Shares,$22.465,0.00,0.00%,,United States,,991,,
GUTS,Fractyl Health Inc. Common Stock,$0.7547,0.0066,0.882%,119732372.00,United States,2024,1160921,Health Care,Medical/Dental Instruments
GV,Visionary Holdings Inc. Common Shares,$0.1823,0.0123,7.235%,1022220.00,Canada,2022,30651604,Real Estate,Other Consumer Services
GVA,Granite Construction Incorporated Common Stock,$141.88,0.65,0.46%,6206781654.00,United States,,462727,Industrials,Military/Government/Technical
GVH,Globavend Holdings Limited Ordinary Shares,$4.37,0.28,6.846%,9993399.00,Australia,2023,34480,Industrials,Integrated Freight & Logistics
GWAV,Greenwave Technology Solutions Inc. Common Stock,$3.85,-0.04,-1.028%,3194079.00,United States,,4548,Industrials,Metal Fabrications
GWH,ESS Tech Inc. Common Stock,$0.7801,-0.3399,-30.348%,21782725.00,United States,,7799404,Miscellaneous,Industrial Machinery/Components
GWRE,Guidewire Software Inc. Common Stock,$138.45,-1.13,-0.81%,11720826722.00,United States,2012,647936,Technology,Computer Software: Prepackaged Software
GWRS,Global Water Resources Inc. Common Stock,$7.07,-0.09,-1.257%,203358892.00,United States,2016,48622,Utilities,Water Supply
GWW,W.W. Grainger Inc. Common Stock,$1233.71,-0.39,-0.032%,58391475794.00,United States,,303301,Industrials,Office Equipment/Supplies/Services
GXAI,Gaxos.ai Inc. Common Stock,$1.26,0.04,3.279%,12877117.00,United States,2023,508701,Technology,Computer Software: Prepackaged Software
GXO,GXO Logistics Inc. Common Stock ,$51.61,-0.27,-0.52%,5937657678.00,United States,2021,1541228,Consumer Discretionary,Transportation Services
GYRE,Gyre Therapeutics Inc. Common Stock,$7.47,0.40,5.658%,724545187.00,United States,2006,52788,Health Care,Biotechnology: Pharmaceutical Preparations
GYRO,Gyrodyne LLC Common Stock,$7.48,-0.08,-1.058%,16450824.00,United States,,452,Real Estate,Building operators
H,Hyatt Hotels Corporation Class A Common Stock,$167.60,-2.87,-1.684%,15781485166.00,United States,2009,1064920,Consumer Discretionary,Hotels/Resorts
HACQ,HCM IV Acquisition Corp. Class A Ordinary Share,$9.97,0.00,0.00%,0.00,United States,2026,20,Finance,Blank Checks
HACQU,HCM IV Acquisition Corp. Unit,$10.04,0.00,0.00%,0.00,United States,2026,200,,
HACQW,HCM IV Acquisition Corp. Warrants,$0.55,0.04,7.843%,0.00,United States,2026,13904,Finance,Blank Checks
HAE,Haemonetics Corporation Common Stock,$55.12,0.75,1.379%,2561500812.00,United States,1991,1122289,Health Care,Medical/Dental Instruments
HAFC,Hanmi Financial Corporation Common Stock,$30.37,-0.01,-0.033%,903597790.00,United States,,230900,Finance,Major Banks
HAFN,Hafnia Limited Common Shares,$8.96,0.12,1.357%,4478040493.00,,2024,1237222,Consumer Discretionary,Transportation Services
HAIN,Hain Celestial Group Inc. (The) Common Stock,$0.66,-0.0769,-10.436%,60055208.00,United States,,1007454,Consumer Staples,Packaged Foods
HAL,Halliburton Company Common Stock,$39.83,0.71,1.815%,33273891785.00,United States,,9042469,Energy,Oilfield Services/Equipment
HALO,Halozyme Therapeutics Inc. Common Stock,$64.12,-1.07,-1.641%,7596572116.00,United States,,1706846,Health Care,Biotechnology: Biological Products (No Diagnostic Substances)
HAO,Haoxi Health Technology Limited Class A Ordinary Shares,$0.73,0.022,3.107%,43393994.00,China,2024,7379,Consumer Discretionary,Advertising
HAS,Hasbro Inc. Common Stock,$97.78,0.39,0.40%,13843307929.00,United States,,1129239,Consumer Discretionary,Recreational Games/Products/Toys
HASI,HA Sustainable Infrastructure Capital Inc. Common Stock,$41.05,-1.42,-3.344%,5271655942.00,United States,2013,1791784,Finance,Finance/Investors Services
HAVA,Harvard Ave Acquisition Corporation Class A Ordinary Share,$10.07,0.02,0.199%,0.00,South Korea,2025,26116,,
HAVAR,Harvard Ave Acquisition Corporation Rights that convert on a 1/10th of 1 basis to Class A ordinary Shares,$0.1102,-0.0098,-8.167%,0.00,South Korea,2025,1800,,
HAWK,HawkEye 360 Inc. Common Stock,$33.20,-0.80,-2.353%,0.00,,2026,2568487,Technology,EDP Services
HAYW,Hayward Holdings Inc. Common Stock,$14.58,-0.19,-1.286%,3163320423.00,United States,2021,3319127,Industrials,Industrial Machinery/Components
HBAN,Huntington Bancshares Incorporated Common Stock,$16.12,-0.07,-0.432%,32677345062.00,United States,,26015638,Finance,Major Banks
HBANL,Huntington Bancshares Incorporated Depositary Shares Each Representing a 1/40th Interest in a Share of 6.875% Series J Non-Cumulative Perpetual Preferred Stock,$25.50,0.12,0.473%,51691829969.00,United States,,14928,Finance,Major Banks
HBANM,Huntington Bancshares Incorporated Depositary Shares each representing a 1/1000th interest in a share of Huntington Series I Preferred Stock,$22.51,-0.0697,-0.309%,45630709513.00,United States,,3158,Finance,Major Banks
HBANP,Huntington Bancshares Incorporated Depositary Shares 4.500% Series H Non-Cumulative Perpetual Preferred Stock,$17.05,0.055,0.324%,34562576508.00,United States,,24378,Finance,Major Banks
HBANZ,Huntington Bancshares Incorporated Depositary Shares Each Representing a 1/1000th Interest in a Share of 5.50% Series L Non-Cumulative Perpetual Preferred Stock,$21.14,0.07,0.332%,42853540609.00,United States,,722,Finance,Major Banks
HBB,Hamilton Beach Brands Holding Company Class A Common Stock ,$20.92,0.31,1.504%,283376672.00,United States,2017,20281,Consumer Discretionary,Home Furnishings
HBCP,Home Bancorp Inc. Common Stock,$64.43,-0.97,-1.483%,505300715.00,United States,2008,69223,Finance,Banks
HBIO,Harvard Bioscience Inc. Common Stock,$6.895,0.105,1.546%,31097946.00,United States,2000,14323,Industrials,Biotechnology: Laboratory Analytical Instruments
HBM,Hudbay Minerals Inc. Ordinary Shares (Canada),$25.02,1.17,4.906%,9938371141.00,Canada,,3889818,Basic Materials,Metal Mining
HBNB,Hotel101 Global Holdings Corp. Class A Ordinary Shares,$5.89,-0.09,-1.505%,1378450754.00,Singapore,,6289,Consumer Discretionary,Hotels/Resorts
HBNC,Horizon Bancorp Inc. Common Stock,$18.49,-0.07,-0.377%,947167742.00,United States,,379027,Finance,Major Banks
HBT,HBT Financial Inc. Common Stock,$28.40,0.01,0.035%,1033222615.00,United States,2019,78958,Finance,Major Banks
HCA,HCA Healthcare Inc. Common Stock,$435.19,6.17,1.438%,96542462562.00,United States,2011,1599253,Health Care,Hospital/Nursing Management
HCAC,Hall Chadwick Acquisition Corp Class A Ordinary Shares,$9.98,0.00,0.00%,0.00,Cayman Islands,2026,2,Consumer Discretionary,Auto Parts:O.E.M.
HCACR,Hall Chadwick Acquisition Corp Rights,$0.3143,0.0003,0.096%,0.00,Cayman Islands,2026,604,,
HCAI,Huachen AI Parking Management Technology Holding Co. Ltd. Class A Ordinary Shares,$12.00,-2.50,-17.241%,13950000.00,China,2025,45482,Consumer Discretionary,Miscellaneous manufacturing industries
HCAT,Health Catalyst Inc Common Stock,$1.52,-0.07,-4.403%,111850998.00,United States,2019,407936,Technology,Computer Software: Programming Data Processing
HCC,Warrior Met Coal Inc. Common Stock,$85.87,-1.97,-2.243%,4534104649.00,United States,2017,686942,Energy,Coal Mining
HCHL,Happy City Holdings Limited Class A Ordinary shares,$2.06,0.05,2.488%,39576720.00,Hong Kong,2025,109830,Consumer Discretionary,Restaurants
HCI,HCI Group Inc. Common Stock,$152.24,-0.58,-0.38%,1956070560.00,United States,,221943,Finance,Property-Casualty Insurers
HCIC,Hennessy Capital Investment Corp. VIII Class A Ordinary Shares,$9.88,0.00,0.00%,0.00,United States,2026,1,,
HCKT,Hackett Group Inc (The). Common Stock,$10.74,-0.67,-5.872%,270528646.00,United States,,402865,Consumer Discretionary,Professional Services
HCM,HUTCHMED (China) Limited American Depositary Shares,$13.13,-0.18,-1.352%,2290732330.00,Hong Kong,2016,16598,Health Care,Biotechnology: Pharmaceutical Preparations
HCMA,HCM III Acquisition Corp. Class A Ordinary Share,$10.15,0.005,0.049%,804953220.00,United States,2025,5031,Consumer Discretionary,Hotels/Resorts
HCMAU,HCM III Acquisition Corp. Units,$10.33,0.03,0.291%,0.00,United States,2025,100,,
HCMAW,HCM III Acquisition Corp. Warrants,$0.5225,0.0225,4.50%,41437247.00,United States,2025,50107,Consumer Discretionary,Hotels/Resorts
HCSG,Healthcare Services Group Inc. Common Stock,$23.06,0.75,3.362%,1582958589.00,United States,1983,451907,Health Care,Hospital/Nursing Management
HCTI,Healthcare Triangle Inc. Common Stock,$2.26,-0.06,-2.586%,4446749.00,United States,2021,58818,Technology,EDP Services
HCWB,HCW Biologics Inc. Common Stock,$0.3287,0.0084,2.623%,2213500.00,United States,2021,271946,Health Care,Biotechnology: Pharmaceutical Preparations
HCWC,Healthy Choice Wellness Corp. Class A Common Stock,$0.2899,0.0048,1.684%,6595464.00,,2024,147541,Consumer Staples,Food Chains
HCXY,Hercules Capital Inc. 6.25% Notes due 2033,$24.76,-0.0457,-0.184%,4498289911.00,United States,2018,3721,Finance,Investment Managers
HD,Home Depot Inc. (The) Common Stock,$317.45,-5.19,-1.609%,316188980032.00,United States,,4993598,Consumer Discretionary,RETAIL: Building Materials
HDB,HDFC Bank Limited Common Stock,$25.02,-0.65,-2.532%,128053023205.00,India,2001,6231518,Finance,Commercial Banks
HDL,SUPER HI INTERNATIONAL HOLDING LTD. American Depositary Shares,$13.41,-0.17,-1.252%,872050959.00,Singapore,2024,1255,Consumer Discretionary,Restaurants
HDSN,Hudson Technologies Inc. Common Stock,$5.25,-0.05,-0.943%,220861137.00,United States,,562474,Consumer Discretionary,Industrial Specialties
HE,Hawaiian Electric Industries Inc. Common Stock,$14.83,-0.59,-3.826%,2560186304.00,United States,,3273067,Utilities,Electric Utilities: Central
HEI,Heico Corporation Common Stock,$292.52,2.92,1.008%,40811922075.00,United States,2000,978871,Industrials,Aerospace
HEI/A,Heico Corporation,$221.64,0.91,0.412%,,United States,,234358,,
HELE,Helen of Troy Limited Common Stock,$24.71,-1.10,-4.262%,574697891.00,Bermuda,,638110,Consumer Discretionary,Home Furnishings
HELP,Cybin Inc. Common Stock,$5.31,-0.03,-0.562%,265690071.00,Canada,,617607,Health Care,Biotechnology: Pharmaceutical Preparations
HEPS,D-Market Electronic Services & Trading American Depositary Shares,$2.82,0.03,1.075%,1007375064.00,Turkey,2021,384484,Consumer Discretionary,Catalog/Specialty Distribution
HEQ,John Hancock Diversified Income Fund Common Shares of Beneficial Interest,$11.45,0.02,0.175%,0.00,United States,2011,26128,Finance,Investment Managers
HERE,Here Group Limited American Depositary Shares,$3.30,0.03,0.917%,179469230.00,China,2023,81767,Real Estate,Other Consumer Services
HERZ,Herzfeld Credit Income Fund Inc. Common Stock,$17.7501,-0.6999,-3.793%,0.00,United States,,2839,Finance,Investment Managers
HESM,Hess Midstream LP Class A Representing Limited Partner Interests,$38.17,-0.44,-1.14%,4939321823.00,United States,2017,2342084,Energy,Oil & Gas Production
HFBL,Home Federal Bancorp Inc. of Louisiana Common Stock,$20.035,0.435,2.219%,61600352.00,United States,2010,5042,Finance,Savings Institutions
HFFG,HF Foods Group Inc. Common Stock,$1.89,0.06,3.279%,101068538.00,United States,2017,82864,Consumer Discretionary,Food Distributors
HFRO,Highland Opportunities and Income Fund Common Shares of Beneficial Interest,$6.21,-0.01,-0.161%,0.00,United States,2017,104959,Finance,Finance/Investors Services
HFRO^A,Highland Opportunities and Income Fund 5.375% Series A Cumulative Preferred Shares,$16.605,0.045,0.272%,,United States,,10469,,
HFRO^B,Highland Opportunities and Income Fund 5.375% Series B Cumulative Preferred Shares,$16.42,-0.01,-0.061%,,United States,,3309,,
HFWA,Heritage Financial Corporation Common Stock,$27.52,0.10,0.365%,1131927872.00,United States,,188842,Finance,Banks
HG,Hamilton Insurance Group Ltd. Class B Common Shares,$30.86,0.18,0.587%,3076210313.00,Bermuda,2023,391307,Finance,Property-Casualty Insurers
HGBL,Heritage Global Inc. Common Stock,$1.29,-0.04,-3.008%,44816603.00,United States,,325212,Real Estate,Real Estate
HGLB,Highland Global Allocation Fund Common Stock,$8.24,0.02,0.243%,0.00,,2019,62641,Finance,Trusts Except Educational Religious and Charitable
HGTY,Hagerty Inc. Class A Common Stock,$10.06,-0.24,-2.33%,3454145284.00,United States,2021,191598,Finance,Specialty Insurers
HGV,Hilton Grand Vacations Inc. Common Stock ,$48.67,0.05,0.103%,3882107504.00,United States,2016,657955,Consumer Discretionary,Hotels/Resorts
HHH,Howard Hughes Holdings Inc. Common Stock,$65.77,2.25,3.542%,3922282279.00,United States,,583165,Real Estate,Real Estate Investment Trusts
HHS,Harte Hanks Inc. Common Stock,$2.82,0.04,1.439%,20909719.00,United States,,13187,Consumer Discretionary,Advertising
HIFS,Hingham Institution for Savings Common Stock,$283.59,-3.32,-1.157%,608981166.00,United States,,12588,Finance,Banks
HIG,The Hartford Insurance Group Inc. Common Stock,$132.02,-0.65,-0.49%,36190750856.00,United States,,1086727,Finance,Property-Casualty Insurers
HIG^G,The Hartford Insurance Group Inc. Depositary Shares each representing a 1/1000th interest in a share of 6.000% Non-Cumulative Preferred Stock Series G,$25.00,0.005,0.02%,,United States,,13734,,
HIHO,Highway Holdings Limited Common Stock,$0.7831,-0.0119,-1.497%,3603689.00,Hong Kong,,25138,Industrials,Metal Fabrications
HII,Huntington Ingalls Industries Inc. Common Stock,$316.28,1.56,0.496%,12462706292.00,United States,,615275,Industrials,Marine Transportation
HIMS,Hims & Hers Health Inc. Class A Common Stock,$28.27,2.62,10.214%,6527638468.00,United States,2019,25508020,Health Care,Medical/Nursing Services
HIMX,Himax Technologies Inc. American Depositary Shares,$17.79,1.76,10.979%,3103037010.00,Taiwan,2006,13375069,Technology,Semiconductors
HIND,Vyome Holdings Inc. Common Stock,$2.06,-0.04,-1.905%,14458168.00,United States,2016,19888,Health Care,Medical/Dental Instruments
HIO,Western Asset High Income Opportunity Fund Inc. Common Stock,$3.69,0.02,0.545%,0.00,United States,,293206,Finance,Finance/Investors Services
HIPO,Hippo Holdings Inc. Common Stock,$27.31,-0.15,-0.546%,711040893.00,United States,2021,82817,Finance,Property-Casualty Insurers
HIT,Health In Tech Inc. Class A Common Stock,$1.56,-0.01,-0.637%,102226117.00,United States,2024,50805,Finance,Specialty Insurers
HITI,High Tide Inc. Common Shares,$2.51,0.02,0.803%,220623624.00,Canada,,277025,Consumer Discretionary,Other Specialty Stores
HIVE,HIVE Digital Technologies Ltd. Common Shares,$2.82,-0.05,-1.742%,702732599.00,Canada,,11535439,Finance,Finance: Consumer Services
HIW,Highwoods Properties Inc. Common Stock,$25.42,-0.15,-0.587%,2803131958.00,United States,1994,1547803,Real Estate,Real Estate Investment Trusts
HIX,Western Asset High Income Fund II Inc. Common Stock,$3.93,-0.01,-0.254%,0.00,United States,1998,1247235,Finance,Finance/Investors Services
HKD,AMTD Digital Inc. American Depositary Shares (every five of which represent two Class A Ordinary Shares),$1.65,-0.06,-3.509%,208170552.00,,2022,291545,Finance,Finance: Consumer Services
HKIT,Hitek Global Inc. Class A Ordinary Share,$0.70,-0.0283,-3.886%,6762995.00,China,2023,126583,Technology,Computer Software: Prepackaged Software
HKPD,Cellyan Biotechnology Co. Ltd Class A Ordinary Shares,$0.6224,-0.0176,-2.75%,14626391.00,Hong Kong,2025,16420,Health Care,Other Pharmaceuticals
HL,Hecla Mining Company Common Stock,$18.61,0.54,2.988%,12481957820.00,United States,,12237878,Industrials,Mining & Quarrying of Nonmetallic Minerals (No Fuels)
HL^B,Hecla Mining Company Preferred Stock,$69.00,0.92,1.351%,,United States,,603,,
HLF,Herbalife Ltd. Common Shares,$14.31,-0.18,-1.242%,1483509343.00,Cayman Islands,2004,2344851,Health Care,Other Pharmaceuticals
HLI,Houlihan Lokey Inc. Class A Common Stock,$152.87,-0.63,-0.41%,10668078658.00,United States,2015,1049544,Finance,Investment Managers
HLIO,Helios Technologies Inc. Common Stock,$68.22,0.24,0.353%,2254422543.00,United States,2021,258587,Industrials,Metal Fabrications
HLIT,Harmonic Inc. Common Stock,$12.81,0.53,4.316%,1389595532.00,United States,1995,2351655,Technology,Radio And Television Broadcasting And Communications Equipment
HLLY,Holley Inc. Common Stock,$2.82,0.29,11.462%,342527346.00,United States,2020,1326448,Consumer Discretionary,Auto Parts:O.E.M.
HLMN,Hillman Solutions Corp. Common Stock,$7.86,-0.02,-0.254%,1542207503.00,United States,2020,1032829,Consumer Discretionary,Industrial Machinery/Components
HLN,Haleon plc American Depositary Shares (Each representing two Ordinary Shares),$9.11,-0.19,-2.043%,40568977637.00,United Kingdom,2022,20071834,Consumer Discretionary,Package Goods/Cosmetics
HLNE,Hamilton Lane Incorporated Class A Common Stock,$89.00,0.04,0.045%,4963985146.00,United States,2017,766795,Finance,Investment Managers
HLP,Hongli Group Inc. Ordinary Shares,$0.822,-0.019,-2.259%,60366653.00,China,2023,18597,Industrials,Industrial Machinery/Components
HLT,Hilton Worldwide Holdings Inc. Common Stock ,$316.78,-3.52,-1.099%,72114451282.00,United States,2016,1450104,Consumer Discretionary,Hotels/Resorts
HLX,Helix Energy Solutions Group Inc. Common Stock,$9.66,-0.17,-1.729%,1422880249.00,United States,,1452807,Energy,Oilfield Services/Equipment
HLXC,Helix Acquisition Corp. III Class A Ordinary Shares,$10.16,-0.04,-0.392%,0.00,United States,2026,358,,
HMC,Honda Motor Company Ltd. Common Stock,$24.51,0.45,1.87%,35510983203.00,Japan,,1414938,Industrials,Auto Manufacturing
HMH,HMH Holding Inc. Class A Common Stock,$21.50,-0.05,-0.232%,946052116.00,United States,2026,128586,Consumer Discretionary,Oil and Gas Field Machinery
HMN,Horace Mann Educators Corporation Common Stock,$44.51,-0.64,-1.417%,1797365966.00,United States,1991,171058,Finance,Property-Casualty Insurers
HMR,Heidmar Maritime Holdings Corp. Common Stock,$0.8303,-0.0253,-2.957%,48981055.00,Greece,,21373,Consumer Discretionary,Marine Transportation
HMY,Harmony Gold Mining Company Limited,$17.79,0.20,1.137%,11292517810.00,South Africa,,4384358,Basic Materials,Precious Metals
HNGE,Hinge Health Inc. Class A Common Stock,$56.02,1.02,1.855%,4334441566.00,United States,2025,1863191,Technology,EDP Services
HNI,HNI Corporation Common Stock,$33.61,-1.09,-3.141%,2419681638.00,United States,,1303160,Consumer Discretionary,Office Equipment/Supplies/Services
HNNA,Hennessy Advisors Inc. Common Stock,$10.26,0.06,0.588%,81078562.00,United States,,3439,Finance,Investment Managers
HNNAZ,Hennessy Advisors Inc. 4.875% Notes due 2026,$24.92,-0.01,-0.04%,194065995.00,United States,,1209,Finance,Investment Managers
HNRG,Hallador Energy Company Common Stock,$18.81,-0.06,-0.318%,886522674.00,United States,,1036922,Energy,Coal Mining
HNST,The Honest Company Inc. Common Stock,$3.64,-0.09,-2.413%,400686159.00,United States,2021,2593107,Consumer Discretionary,Catalog/Specialty Distribution
HNVR,Hanover Bancorp Inc. Common Stock,$23.27,0.01,0.043%,166535501.00,United States,2022,8361,Finance,Major Banks
HOFT,Hooker Furnishings Corporation Common Stock,$13.31,0.45,3.499%,143478193.00,United States,,22500,Consumer Discretionary,Home Furnishings
HOG,Harley-Davidson Inc. Common Stock,$25.42,1.78,7.53%,2675920237.00,United States,,3471548,Consumer Discretionary,Motor Vehicles
HOLO,MicroCloud Hologram Inc. Ordinary Shares,$1.75,0.03,1.744%,40096630.00,United States,2021,244576,Technology,Computer Software: Programming Data Processing
HOLOW,MicroCloud Hologram Inc. Warrant,$0.06,0.0036,6.383%,1374742.00,United States,2021,1166,Technology,Computer Software: Programming Data Processing
HOMB,Home BancShares Inc. Common Stock,$26.76,-0.08,-0.298%,5389823199.00,United States,2006,1261153,Finance,Major Banks
HON,Honeywell International Inc. Common Stock,$213.12,-2.95,-1.365%,135044152721.00,United States,,3718992,Industrials,Aerospace
HOOD,Robinhood Markets Inc. Class A Common Stock,$77.03,0.75,0.983%,69365904541.00,United States,2021,18003347,Finance,Investment Bankers/Brokers/Service
HOPE,Hope Bancorp Inc. Common Stock,$12.41,0.03,0.242%,1586480538.00,United States,,693736,Finance,Major Banks
HOTH,Hoth Therapeutics Inc. Common Stock,$0.6701,-0.0239,-3.444%,12817434.00,United States,2019,249719,Health Care,Biotechnology: Pharmaceutical Preparations
HOUR,Hour Loop Inc. Common Stock,$2.40,-0.26,-9.774%,84441336.00,United States,2022,58125,Consumer Discretionary,Catalog/Specialty Distribution
HOV,Hovnanian Enterprises Inc. Class A Common Stock,$107.73,-0.55,-0.508%,639721640.00,United States,1983,96322,Consumer Discretionary,Homebuilding
HOVNP,Hovnanian Enterprises Inc Dep Shr Srs A Pfd,$20.9799,0.1299,0.623%,124582716.00,United States,,2140,Consumer Discretionary,Homebuilding
HOVR,New Horizon Aircraft Ltd. Class A Ordinary Share,$2.39,0.19,8.636%,108179402.00,United States,2023,3067345,Industrials,Aerospace
HOVRW,New Horizon Aircraft Ltd. Warrant,$0.42,0.0125,3.067%,19010606.00,United States,2023,37957,Industrials,Aerospace
HOWL,Werewolf Therapeutics Inc. Common Stock,$0.68,0.06,9.677%,33045836.00,United States,2021,2431875,Health Care,Biotechnology: Pharmaceutical Preparations
HP,Helmerich & Payne Inc. Common Stock,$37.78,0.88,2.385%,3772313657.00,United States,,1315600,Energy,Oil & Gas Production
HPAI,Helport AI Limited Ordinary Shares,$0.9861,-0.0039,-0.394%,37123618.00,Singapore,,6115954,Technology,Computer Software: Prepackaged Software
HPAIW,Helport AI Limited Warrants,$0.06,-0.0001,-0.166%,2258815.00,Singapore,,12132,Technology,Computer Software: Prepackaged Software
HPE,Hewlett Packard Enterprise Company Common Stock,$31.35,1.65,5.556%,41596875690.00,United States,2015,17507636,Technology,Retail: Computer Software & Peripheral Equipment
HPE^C,Hewlett Packard Enterprise Company 7.625% Series C Mandatory Convertible Preferred Stock,$83.22,3.73,4.692%,,United States,,24186,,
HPF,John Hancock Pfd Income Fund II Pfd Income Fund II,$16.26,0.10,0.619%,0.00,United States,2002,28903,Finance,Finance Companies
HPI,John Hancock Preferred Income Fund Common Shares of Beneficial Interest,$16.41,0.10,0.613%,0.00,United States,2002,42715,Finance,Trusts Except Educational Religious and Charitable
HPK,HighPeak Energy Inc. Common Stock,$5.82,0.23,4.114%,735404165.00,United States,,879979,Energy,Oil & Gas Production
HPP,Hudson Pacific Properties Inc. Common Stock,$10.95,-0.82,-6.967%,593950163.00,United States,2010,1421931,Finance,Real Estate
HPP^C,Hudson Pacific Properties Inc. 4.750% Series C Cumulative Redeemable Preferred Stock,$15.69,0.74,4.95%,,United States,,7469,,
HPQ,HP Inc. Common Stock,$22.68,1.69,8.051%,20815360443.00,United States,,21517268,Technology,Computer Manufacturing
HPS,John Hancock Preferred Income Fund III Preferred Income Fund III,$14.92,0.09,0.607%,0.00,United States,2003,41692,Finance,Investment Managers
HQ,Horizon Quantum Holdings Ltd. Class A Ordinary Shares,$10.21,0.21,2.10%,526612748.00,Singapore,,152281,Technology,EDP Services
HQH,abrdn Healthcare Investors Shares of Beneficial Interest,$20.04,0.16,0.805%,948768269.00,United States,1987,125713,Finance,Finance Companies
HQI,HireQuest Inc. Common Stock (DE),$11.94,-0.28,-2.291%,166447003.00,United States,,12759,Consumer Discretionary,Professional Services
HQL,abrdn Life Sciences Investors Shares of Beneficial Interest,$18.19,0.24,1.337%,467112579.00,United States,1992,96950,Finance,Investment Managers
HQWWW,Horizon Quantum Holdings Ltd. Warrant,$2.69,-0.01,-0.37%,138745180.00,Singapore,,9706,Technology,EDP Services
HQY,HealthEquity Inc. Common Stock,$84.84,0.85,1.012%,7167147965.00,United States,2014,671150,Real Estate,Real Estate
HR,Healthcare Realty Trust Incorporated Common Stock,$20.15,0.16,0.80%,6982409797.00,United States,,4730618,Real Estate,Real Estate Investment Trusts
HRB,H&R Block Inc. Common Stock,$36.96,0.67,1.846%,4685057251.00,United States,,4136002,Consumer Discretionary,Other Consumer Services
HRI,Herc Holdings Inc. Common Stock ,$133.60,1.71,1.297%,4461311614.00,United States,2016,318888,Industrials,Misc Corporate Leasing Services
HRL,Hormel Foods Corporation Common Stock,$20.44,-0.31,-1.494%,11247809191.00,United States,,4071082,Consumer Staples,Meat/Poultry/Fish
HRMY,Harmony Biosciences Holdings Inc. Common Stock,$30.99,-0.43,-1.369%,1793310385.00,United States,2020,750824,Health Care,Biotechnology: Pharmaceutical Preparations
HROW,Harrow Inc. Common Stock,$38.23,-0.82,-2.10%,1424962847.00,United States,,460078,Health Care,Biotechnology: Pharmaceutical Preparations
HRTG,Heritage Insurance Holdings Inc. Common Stock,$22.41,-5.62,-20.05%,680141819.00,United States,2014,1789437,Finance,Property-Casualty Insurers
HRTX,Heron Therapeutics Inc. Common Stock,$1.21,-0.03,-2.419%,228253028.00,United States,,1790322,Health Care,Biotechnology: Pharmaceutical Preparations
HRZN,Horizon Technology Finance Corporation Common Stock,$4.54,0.03,0.665%,309905444.00,United States,2010,761418,Finance,Finance: Consumer Services
HSAI,Hesai Group American Depositary Share each ADS represents one Class B ordinary share,$21.60,-0.26,-1.189%,3379104842.00,China,2023,1297466,Industrials,Industrial Machinery/Components
HSBC,HSBC Holdings plc. Common Stock,$90.16,1.19,1.338%,309703925156.00,United Kingdom,,1771684,Finance,Savings Institutions
HSCS,HeartSciences Inc. Common Stock,$1.93,-0.01,-0.515%,6146471.00,United States,2022,17313,Health Care,Industrial Specialties
HSCSW,HeartSciences Inc. Warrant,$0.0606,0.00,0.00%,192993.00,United States,2022,4,Health Care,Industrial Specialties
HSDT,Solana Company Class A Common Stock (DE),$2.22,0.07,3.256%,122013660.00,United States,,106497,Health Care,Biotechnology: Electromedical & Electrotherapeutic Apparatus
HSHP,Himalaya Shipping Ltd. Common Shares,$16.24,0.45,2.85%,759220000.00,,2023,371759,Consumer Discretionary,Marine Transportation
HSIC,Henry Schein Inc. Common Stock,$70.82,0.32,0.454%,8067584731.00,United States,1995,1436948,Health Care,Medical Specialities
HSLV,Highlander Silver Corp. Common Shares,$5.95,-0.04,-0.668%,1209555675.00,,,139105,,
HSPT,Horizon Space Acquisition II Corp. Ordinary share,$7.845,-0.055,-0.696%,0.00,United States,2025,2740,Finance,Blank Checks
HSPTR,Horizon Space Acquisition II Corp. Right,$0.23,0.03,15.00%,0.00,United States,2025,2430,Finance,Blank Checks
HST,Host Hotels & Resorts Inc. Common Stock,$22.27,0.60,2.769%,15306912569.00,United States,,6436163,Real Estate,Real Estate Investment Trusts
HSTM,HealthStream Inc. Common Stock,$23.96,0.42,1.784%,699995904.00,United States,2000,450799,Technology,Computer Software: Programming Data Processing
HSY,The Hershey Company Common Stock,$185.94,-1.12,-0.599%,37716696590.00,United States,,1586058,Consumer Staples,Specialty Foods
HTB,HomeTrust Bancshares Inc. Common Stock,$46.08,0.08,0.174%,774390528.00,United States,,34675,Finance,Savings Institutions
HTCO,High-Trend International Group Class A Ordinary Shares,$5.84,0.02,0.344%,43130292.00,Singapore,,277123,Consumer Discretionary,Marine Transportation
HTCR,Heartcore Enterprises Inc. Common Stock,$3.18,-0.11,-3.343%,4044279.00,Japan,2022,83702,Technology,EDP Services
HTD,John Hancock Tax Advantaged Dividend Income Fund Common Shares of Beneficial Interest,$25.63,0.06,0.235%,0.00,United States,2004,61951,Finance,Finance Companies
HTFC,Horizon Technology Finance Corporation 6.25% Notes due 2027,$24.91,0.1099,0.443%,1059813860.00,United States,2022,2862,Finance,Finance: Consumer Services
HTFL,Heartflow Inc. Common Stock,$29.51,-0.47,-1.568%,2544929445.00,United States,2025,541828,Health Care,Medical/Dental Instruments
HTGC,Hercules Capital Inc. Common Stock,$16.15,-0.25,-1.524%,3021965229.00,United States,2012,1629790,Finance,Investment Managers
HTH,Hilltop Holdings Inc.,$37.76,-0.49,-1.281%,2210100239.00,United States,,275696,Finance,Major Banks
HTHT,H World Group Limited American Depositary Shares,$47.08,-0.72,-1.506%,14478221399.00,China,2010,1890953,Consumer Discretionary,Hotels/Resorts
HTLD,Heartland Express Inc. Common Stock,$13.22,0.24,1.849%,1024464361.00,United States,1986,495631,Industrials,Trucking Freight/Courier Services
HTLM,HomesToLife Ltd Ordinary Shares,$1.76,-0.0748,-4.077%,157850000.00,Singapore,2024,1542,Consumer Discretionary,Other Specialty Stores
HTO,H2O America Common Stock,$57.97,0.81,1.417%,2425479119.00,United States,,643054,Utilities,Water Supply
HTOO,Fusion Fuel Green PLC Class A Ordinary Shares,$2.73,-0.67,-19.706%,8238709.00,Ireland,,138145,Energy,Industrial Machinery/Components
HTT,High Templar Tech Limited American depositary shares each representing one Class A ordinary share,$2.22,-0.04,-1.77%,344729379.00,China,2017,84623,Finance,Finance: Consumer Services
HTZ,Hertz Global Holdings Inc Common Stock,$6.05,-0.12,-1.945%,1906070819.00,United States,,6852049,Consumer Discretionary,Rental/Leasing Companies
HTZWW,Hertz Global Holdings Inc Warrant,$2.89,0.00,0.00%,910503251.00,United States,,59623,Consumer Discretionary,Rental/Leasing Companies
HUBB,Hubbell Inc Common Stock,$492.58,-0.46,-0.093%,26028802515.00,United States,2015,499628,Technology,Electrical Products
HUBC,Hub Cyber Security Ltd. Ordinary Shares,$0.2474,-0.0123,-4.736%,297684.00,Israel,,4447379,Telecommunications,Computer Communications Equipment
HUBCW,Hub Cyber Security Ltd. Warrant 2/27/28,$0.0087,-0.0012,-12.121%,10468.00,Israel,,30544,Telecommunications,Computer Communications Equipment
HUBCZ,Hub Cyber Security Ltd. Warrant ,$0.0085,0.0034,66.667%,10228.00,Israel,,26527,Telecommunications,Computer Communications Equipment
HUBG,Hub Group Inc. Class A Common Stock,$42.88,-0.13,-0.302%,2622262509.00,United States,1996,408843,Industrials,Integrated Freight & Logistics
HUBS,HubSpot Inc. Common Stock,$197.34,-46.38,-19.03%,10158723578.00,United States,2014,6509495,Technology,Computer Software: Prepackaged Software
HUDI,Huadi International Group Co. Ltd. Ordinary Shares,$1.20,-0.01,-0.826%,17159018.00,China,2021,2539,Industrials,Steel/Iron Ore
HUHU,HUHUTECH International Group Inc. Ordinary Shares,$9.815,-0.345,-3.396%,250221146.00,China,2024,10149,Telecommunications,Metal Fabrications
HUIZ,Huize Holding Limited American Depositary Shares,$1.69,0.13,8.333%,17079268.00,China,2020,20090,Finance,Specialty Insurers
HUM,Humana Inc. Common Stock,$274.96,27.84,11.266%,33012110040.00,United States,,3150363,Health Care,Medical Specialities
HUMA,Humacyte Inc. Common Stock,$1.06,-0.02,-1.852%,235340254.00,United States,2020,5579024,Health Care,Biotechnology: Biological Products (No Diagnostic Substances)
HUMAW,Humacyte Inc. Warrant,$0.07,0.00,0.00%,15541338.00,United States,2020,201,Health Care,Biotechnology: Biological Products (No Diagnostic Substances)
HUN,Huntsman Corporation Common Stock,$14.96,0.22,1.493%,2623222716.00,United States,2005,3806169,Industrials,Major Chemicals
HURA,TuHURA Biosciences Inc. Common Stock,$2.38,-0.02,-0.833%,151316897.00,United States,,490467,Health Care,Biotechnology: Pharmaceutical Preparations
HURC,Hurco Companies Inc. Common Stock,$16.52,-0.14,-0.84%,106495420.00,United States,,8317,Industrials,Industrial Machinery/Components
HURN,Huron Consulting Group Inc. Common Stock,$119.97,-4.81,-3.855%,1944933125.00,United States,2004,231857,Consumer Discretionary,Professional Services
HUT,Hut 8 Corp. Common Stock,$98.46,-2.72,-2.688%,11081933525.00,United States,,5292311,Finance,Finance: Consumer Services
HUYA,HUYA Inc. American depositary shares each  representing one Class A ordinary share,$3.10,-0.10,-3.125%,692953218.00,United States,2018,828346,Technology,Computer Software: Programming Data Processing
HVII,Hennessy Capital Investment Corp. VII Ordinary Shares,$10.425,0.005,0.048%,,United States,2025,360,,
HVIIR,Hennessy Capital Investment Corp. VII Rights,$0.45,0.045,11.111%,0.00,United States,2025,10351,Finance,Blank Checks
HVIIU,Hennessy Capital Investment Corp. VII Unit,$10.80,0.00,0.00%,0.00,United States,2025,11,Finance,Blank Checks
HVMC,Highview Merger Corp. Class A Ordinary Share,$10.11,0.00,0.00%,0.00,United States,2025,125,,
HVMCW,Highview Merger Corp. Warrants,$0.2801,0.02,7.689%,0.00,United States,2025,13200,,
HVT,Haverty Furniture Companies Inc. Common Stock,$22.20,0.45,2.069%,357316837.00,United States,,104056,Consumer Discretionary,Other Specialty Stores
HVT/A,Haverty Furniture Companies Inc.,$23.055,0.00,0.00%,,United States,,47,,
HWBK,Hawthorn Bancshares Inc. Common Stock,$36.82,-0.18,-0.486%,253682804.00,United States,,8489,Finance,Major Banks
HWC,Hancock Whitney Corporation Common Stock,$68.76,0.65,0.954%,5607138990.00,United States,,1140536,Finance,Major Banks
HWCPZ,Hancock Whitney Corporation 6.25% Subordinated Notes due 2060,$22.48,0.08,0.357%,1905291905.00,United States,,20608,Finance,Major Banks
HWH,HWH International Inc. Common Stock,$1.07,-0.02,-1.835%,7999748.00,United States,2022,19534,Health Care,Other Pharmaceuticals
HWKN,Hawkins Inc. Common Stock,$167.16,0.15,0.09%,3493993866.00,United States,,106522,Consumer Discretionary,Specialty Chemicals
HWM,Howmet Aerospace Inc. Common Stock,$270.56,-1.98,-0.726%,108417059982.00,United States,,3186521,Industrials,Metal Fabrications
HXHX,Haoxin Holdings Limited Class A Ordinary Shares,$0.46,-0.022,-4.564%,6325000.00,China,2025,55653,Industrials,Trucking Freight/Courier Services
HXL,Hexcel Corporation Common Stock,$95.32,-0.45,-0.47%,7189719179.00,United States,,904644,Industrials,Major Chemicals
HY,Hyster-Yale Inc. Class A common stock,$37.25,0.39,1.058%,667367350.00,United States,,135242,Industrials,Construction/Ag Equipment/Trucks
HYFM,Hydrofarm Holdings Group Inc. Common Stock,$1.03,-0.01,-0.962%,4907550.00,United States,2020,25261,Consumer Discretionary,Consumer Specialties
HYFT,MindWalk Holdings Corp. Common Stock,$1.27,0.07,5.833%,59324070.00,Canada,,245016,Health Care,Biotechnology: Pharmaceutical Preparations
HYI,Western Asset High Yield Opportunity Fund Inc. Common Stock,$10.76,-0.04,-0.37%,0.00,,2010,52247,Finance,Investment Managers
HYLN,Hyliion Holdings Corp. Class A Common Stock,$2.46,-0.01,-0.405%,438660199.00,United States,2019,1704957,Consumer Discretionary,Construction/Ag Equipment/Trucks
HYMC,Hycroft Mining Holding Corporation Class A Common Stock,$38.44,-0.44,-1.132%,3511901502.00,United States,2018,1602553,Basic Materials,Precious Metals
HYNE,Hoyne Bancorp Inc. Common Stock,$15.69,-0.01,-0.064%,127040957.00,United States,2025,22608,Finance,Banks
HYPD,Hyperion DeFi Inc. Common Stock,$3.60,0.03,0.84%,42176790.00,United States,2018,691738,Health Care,Biotechnology: Pharmaceutical Preparations
HYPR,Hyperfine Inc. Class A Common Stock,$1.69,0.01,0.595%,166499133.00,United States,2021,354151,Health Care,Biotechnology: Electromedical & Electrotherapeutic Apparatus
HYT,Blackrock Corporate High Yield Fund Inc. Common Stock,$8.66,0.04,0.464%,0.00,United States,2003,819529,Finance,Finance Companies
HZO,MarineMax Inc.  (FL) Common Stock,$34.32,1.46,4.443%,756006245.00,United States,1998,799597,Consumer Discretionary,Auto & Home Supply Stores
IAC,IAC Inc. Common Stock,$44.06,0.94,2.18%,3277185179.00,United States,,1628934,Technology,Computer Software: Programming Data Processing
IACO,Idea Acquisition Corp. Class A Ordinary Shares,$9.88,-0.01,-0.101%,0.00,United States,2026,1716,Finance,Blank Checks
IACOU,Idea Acquisition Corp. Units,$10.00,0.00,0.00%,0.00,United States,2026,1,Finance,Blank Checks
IACOW,Idea Acquisition Corp. Warrants,$0.33,-0.04,-10.811%,0.00,United States,2026,5400,Finance,Blank Checks
IACQU,Irenic Acquisition Corp. Unit,$10.02,0.00,0.00%,0.00,United States,2026,465812,Finance,Blank Checks
IAE,Voya Asia Pacific High Dividend Equity Income Fund ING Asia Pacific High Dividend Equity Income Fund Common Shares of Beneficial Interest,$8.40,0.14,1.695%,0.00,United States,2007,90168,Finance,Trusts Except Educational Religious and Charitable
IAF,abrdn Australia Equity Fund Inc. Common Stock,$12.98,-0.01,-0.077%,0.00,United States,1985,8316,Finance,Finance/Investors Services
IAG,Iamgold Corporation Ordinary Shares,$18.70,0.36,1.963%,10887550820.00,Canada,,4851786,Basic Materials,Precious Metals
IART,Integra LifeSciences Holdings Corporation Common Stock,$13.92,0.36,2.655%,1082932890.00,United States,,1295048,Health Care,Medical/Dental Instruments
IAUX,i-80 Gold Corp. Common Shares,$1.58,0.09,6.04%,1359670811.00,Canada,2022,8449997,Basic Materials,Precious Metals
IBAC,IB Acquisition Corp. Common Stock,$10.83,0.00,0.00%,0.00,United States,2024,14726,Finance,Blank Checks
IBACR,IB Acquisition Corp. Right,$0.1102,-0.0023,-2.044%,0.00,United States,2024,3200,Finance,Blank Checks
IBCP,Independent Bank Corporation Common Stock,$34.53,0.58,1.708%,711530601.00,United States,,199368,Finance,Major Banks
IBEX,IBEX Limited Common Shares,$32.33,-0.43,-1.313%,432870120.00,Bermuda,2020,202646,Technology,EDP Services
IBG,Innovation Beverage Group Limited Ordinary Shares,$0.85,0.0055,0.651%,908549.00,Australia,2024,248427,Consumer Staples,Beverages (Production/Distribution)
IBIO,iBio Inc. Common Stock,$1.71,0.07,4.268%,59069489.00,United States,,1828123,Health Care,Biotechnology: Pharmaceutical Preparations
IBKR,Interactive Brokers Group Inc. Class A Common Stock,$84.42,0.71,0.848%,37618942988.00,United States,2019,3595249,Finance,Investment Bankers/Brokers/Service
IBM,International Business Machines Corporation Common Stock,$229.76,-1.55,-0.67%,215948041933.00,United States,,5325607,Technology,Computer Manufacturing
IBN,ICICI Bank Limited Common Stock,$26.49,-0.25,-0.935%,94510220836.00,India,,4930539,Finance,Commercial Banks
IBO,Impact BioMedical Inc. Common Stock,$0.629,0.0019,0.303%,67819554.00,,2024,47907,Health Care,Biotechnology: Pharmaceutical Preparations
IBOC,International Bancshares Corporation Common Stock,$73.27,0.01,0.014%,4555928160.00,United States,,284712,Finance,Major Banks
IBP,Installed Building Products Inc. Common Stock,$219.99,3.07,1.415%,5926163877.00,United States,2014,595767,Consumer Discretionary,Homebuilding
IBRX,ImmunityBio Inc. Common Stock,$8.51,0.75,9.665%,8912913277.00,United States,2015,16126679,Health Care,Biotechnology: Biological Products (No Diagnostic Substances)
IBTA,Ibotta Inc. Class A Common Stock,$35.50,-1.28,-3.48%,826261400.00,United States,2024,144128,Consumer Discretionary,Advertising
ICCC,ImmuCell Corporation Common Stock,$8.05,-0.42,-4.959%,72826732.00,United States,1987,23002,Health Care,Biotechnology: In Vitro & In Vivo Diagnostic Substances
ICCM,IceCure Medical Ltd. Ordinary Shares,$0.24,-0.01,-4.00%,19483211.00,Israel,,514024,Health Care,Medical/Dental Instruments
ICE,Intercontinental Exchange Inc. Common Stock,$155.82,-0.29,-0.186%,88118156971.00,United States,2005,2952918,Finance,Investment Bankers/Brokers/Service
ICFI,ICF International Inc. Common Stock,$69.61,-4.89,-6.564%,1260802076.00,United States,2006,870205,Consumer Discretionary,Professional Services
ICG,Intchains Group Limited American Depositary Shares,$1.27,-0.04,-3.053%,153394286.00,China,2023,43783,Technology,Semiconductors
ICHR,Ichor Holdings Ordinary Shares,$74.42,3.19,4.478%,2586118070.00,United States,2016,1073526,Technology,Semiconductors
ICL,ICL Group Ltd. Ordinary Shares,$6.37,0.37,6.167%,8221585284.00,Israel,2014,3157219,Industrials,Agricultural Chemicals
ICLR,ICON plc Ordinary Shares,$124.49,-0.51,-0.408%,10053421501.00,Ireland,1998,681192,Health Care,Biotechnology: Commercial Physical & Biological Resarch
ICMB,Investcorp Credit Management BDC Inc. Common Stock,$1.69,0.02,1.198%,24390878.00,United States,2014,47580,Finance,Finance: Consumer Services
ICON,Icon Energy Corp. Common stock,$1.29,0.04,3.20%,4146149.00,Greece,2024,199442,Consumer Discretionary,Marine Transportation
ICR^A,InPoint Commercial Real Estate Income Inc. 6.75% Series A Cumulative Redeemable Preferred Stock,$21.17,0.19,0.906%,,,,4192,,
ICU,SeaStar Medical Holding Corporation Common Stock,$4.49,-0.37,-7.613%,17946539.00,United States,2021,85708,Health Care,Medical/Dental Instruments
ICUCW,SeaStar Medical Holding Corporation Warrant,$0.0175,-0.0024,-12.06%,69948.00,United States,2021,615418,Health Care,Medical/Dental Instruments
ICUI,ICU Medical Inc. Common Stock,$126.43,3.36,2.73%,3159787615.00,United States,1992,500128,Health Care,Medical/Dental Instruments
IDA,IDACORP Inc. Common Stock,$144.00,0.83,0.58%,7978785840.00,United States,,402422,Utilities,Electric Utilities: Central
IDAI,T Stamp Inc. Class A Common Stock,$2.39,-0.0999,-4.012%,12438463.00,United States,,44770,Technology,Computer Software: Prepackaged Software
IDCC,InterDigital Inc. Common Stock,$279.61,0.84,0.301%,7226528559.00,United States,,277176,Miscellaneous,Multi-Sector Companies
IDE,Voya Infrastructure Industrials and Materials Fund Common Shares of Beneficial Interest,$13.68,0.08,0.588%,0.00,United States,2010,21630,Finance,Finance/Investors Services
IDN,Intellicheck Inc. Common Stock,$7.38,-0.39,-5.019%,149364263.00,United States,1999,411105,Technology,Computer Software: Prepackaged Software
IDR,Idaho Strategic Resources Inc. Common Stock,$49.09,1.55,3.26%,776032343.00,United States,2022,167283,Basic Materials,Precious Metals
IDT,IDT Corporation Class B Common Stock,$53.53,-0.01,-0.019%,1342330592.00,United States,,126820,Telecommunications,Telecommunications Equipment
IDXX,IDEXX Laboratories Inc. Common Stock,$560.11,-12.09,-2.113%,44183155450.00,United States,1991,476571,Health Care,Biotechnology: In Vitro & In Vivo Diagnostic Substances
IDYA,IDEAYA Biosciences Inc. Common Stock,$28.32,0.08,0.283%,2488221254.00,United States,2019,545779,Health Care,Biotechnology: Pharmaceutical Preparations
IE,Ivanhoe Electric Inc. Common Stock,$13.90,0.18,1.312%,2196083143.00,Canada,2022,3053029,Basic Materials,Metal Mining
IEAG,Infinite Eagle Acquisition Corp. Class A Ordinary Shares,$10.04,0.011,0.11%,0.00,United States,2026,39864,Finance,Blank Checks
IEAGR,Infinite Eagle Acquisition Corp. Rights,$0.1899,-0.01,-5.003%,0.00,United States,2026,5100,Finance,Blank Checks
IEAGU,Infinite Eagle Acquisition Corp. Unit,$10.21,0.02,0.196%,0.00,United States,2026,4359,,
IEP,Icahn Enterprises L.P. Common Stock,$8.02,0.04,0.501%,5389845435.00,United States,,1054710,Consumer Discretionary,Auto Parts:O.E.M.
IESC,IES Holdings Inc. Common Stock,$666.70,1.07,0.161%,13283255463.00,United States,,164639,Industrials,Engineering & Construction
IEX,IDEX Corporation Common Stock,$216.92,2.05,0.954%,16055345080.00,United States,1989,592638,Industrials,Fluid Controls
IFBD,Infobird Co. Ltd Ordinary Shares,$0.95,0.00,0.00%,7779145.00,China,2021,1897,Technology,Computer Software: Prepackaged Software
IFF,International Flavors & Fragrances Inc. Common Stock,$81.05,2.79,3.565%,20692346487.00,United States,,2276311,Industrials,Major Chemicals
IFN,Aberdeen India Fund Inc. Common Stock,$12.11,0.09,0.749%,0.00,United States,,135862,Finance,Finance/Investors Services
IFRX,InflaRx N.V. Common Stock,$2.58,-0.07,-2.642%,186515576.00,Germany,2017,7488249,Health Care,Biotechnology: Pharmaceutical Preparations
IFS,Intercorp Financial Services Inc. Common Shares,$44.66,-0.22,-0.49%,5155894505.00,,2019,144128,Finance,Commercial Banks
IGA,Voya Global Advantage and Premium Opportunity Fund Common Shares of Beneficial Interest,$9.62,0.06,0.628%,0.00,United States,2005,39689,Finance,Investment Managers
IGAC,Invest Green Acquisition Corporation Class A Ordinary Shares,$9.97,0.00,0.00%,0.00,United States,2025,19,Finance,Blank Checks
IGACR,Invest Green Acquisition Corporation Rights,$0.17,0.0199,13.258%,0.00,United States,2025,837,,
IGACU,Invest Green Acquisition Corporation Units,$10.03,0.00,0.00%,0.00,United States,2025,2,Finance,Blank Checks
IGC,IGC Pharma Inc. Common Stock,$0.311,-0.0081,-2.538%,29799405.00,United States,,434881,Health Care,Biotechnology: Pharmaceutical Preparations
IGD,Voya Global Equity Dividend and Premium Opportunity Fund,$6.04,0.09,1.513%,0.00,United States,2005,351971,Finance,Trusts Except Educational Religious and Charitable
IGI,Western Asset Investment Grade Opportunity Trust Inc. Common Stock,$16.1384,0.0484,0.301%,0.00,United States,2009,11672,Finance,Investment Managers
IGIC,International General Insurance Holdings Ltd. Ordinary Share,$25.31,-0.56,-2.165%,1084336487.00,Jordan,2018,64442,Finance,Property-Casualty Insurers
IGR,CBRE Global Real Estate Income Fund Common Shares of Beneficial Interest,$4.83,-0.02,-0.412%,0.00,United States,2004,1079329,Finance,Finance Companies
IH,iHuman Inc. American depositary shares each representing five Class A ordinary shares,$1.675,0.005,0.299%,85614044.00,United States,2020,2909,Real Estate,Other Consumer Services
IHD,Voya Emerging Markets High Income Dividend Equity Fund Common Shares,$7.43,0.14,1.92%,0.00,United States,2011,305503,Finance,Investment Managers
IHG,Intercontinental Hotels Group American Depositary Shares (Each representing one Ordinary Share),$149.62,2.67,1.817%,22651211641.00,United Kingdom,,260992,Consumer Discretionary,Hotels/Resorts
IHRT,iHeartMedia Inc. Class A Common Stock,$5.68,0.01,0.176%,858216482.00,United States,,1055864,Consumer Discretionary,Broadcasting
IHS,IHS Holding Limited Ordinary Shares,$8.24,0.01,0.122%,2764694869.00,Cayman Islands,2021,395614,Telecommunications,Telecommunications Equipment
IHT,InnSuites Hospitality Trust Shares of Beneficial Interest,$1.14,0.02,1.786%,10493511.00,United States,1999,3897,Finance,Investment Bankers/Brokers/Service
IIF,Morgan Stanley India Investment Fund Inc. Common Stock,$22.47,0.07,0.313%,0.00,United States,1994,25273,Finance,Trusts Except Educational Religious and Charitable
III,Information Services Group Inc. Common Stock,$4.04,-0.13,-3.118%,192604338.00,United States,,399673,Consumer Discretionary,Professional Services
IIIN,Insteel Industries Inc. Common Stock,$26.97,-0.15,-0.553%,524114672.00,United States,,159559,Industrials,Steel/Iron Ore
IIIV,i3 Verticals Inc. Class A Common Stock,$21.14,-1.77,-7.726%,644259490.00,United States,2018,623379,Technology,Computer Software: Prepackaged Software
IIM,Invesco Value Municipal Income Trust Common Stock,$12.24,0.03,0.246%,576117693.00,United States,,88754,Finance,Investment Managers
IINN,Inspira Technologies Oxy B.H.N. Ltd. Ordinary Shares,$0.4339,-0.0161,-3.578%,19055585.00,Israel,2021,286023,Health Care,Medical/Dental Instruments
IINNW,Inspira Technologies Oxy B.H.N. Ltd. Warrant,$0.0795,-0.0001,-0.126%,3491401.00,Israel,2021,320,Health Care,Medical/Dental Instruments
IIPR,Innovative Industrial Properties Inc. Common Stock,$57.29,0.70,1.237%,1648489386.00,United States,2016,284107,Finance,Real Estate
IIPR^A,Innovative Industrial Properties Inc. 9.00% Series A Cumulative Redeemable Preferred Stock,$23.90,-0.10,-0.417%,,United States,,309475,,
IKT,Inhibikase Therapeutics Inc. Common Stock,$2.06,0.07,3.518%,271987230.00,United States,2020,945811,Health Care,Biotechnology: Biological Products (No Diagnostic Substances)
ILAG,Intelligent Living Application Group Inc. Ordinary Shares,$3.91,0.1445,3.837%,8120867.00,Hong Kong,2022,2974,Consumer Discretionary,Office Equipment/Supplies/Services
ILLR,Triller Group Inc. Common Stock,$0.2571,0.0461,21.848%,50768763.00,United States,2019,451607,Finance,Investment Managers
ILLRW,Triller Group Inc. Warrant,$0.045,0.0147,48.515%,8886015.00,United States,2019,9553,Finance,Investment Managers
ILLU,Illumination Acquisition Corp I Class A Ordinary Shares,$9.87,-0.005,-0.051%,0.00,United States,2026,5674,,
ILLUW,Illumination Acquisition Corp I Warrant,$0.3699,0.0599,19.323%,0.00,United States,2026,8014,,
ILMN,Illumina Inc. Common Stock,$141.88,3.17,2.285%,21466444000.00,United States,2000,1499269,Health Care,Medical Specialities
ILPT,Industrial Logistics Properties Trust Common Shares of Beneficial Interest,$8.15,0.24,3.034%,543323589.00,United States,2018,370941,Real Estate,Real Estate Investment Trusts
IMA,ImageneBio Inc. Common Stock,$5.29,-0.62,-10.491%,59666598.00,United States,2021,75361,Health Care,Biotechnology: Biological Products (No Diagnostic Substances)
IMAX,Imax Corporation Common Stock,$35.30,-0.34,-0.954%,1936387713.00,Canada,,1270331,Consumer Discretionary,Industrial Machinery/Components
IMCC,IM Cannabis Corp. Common Shares,$0.244,-0.0176,-6.728%,1438334.00,Canada,,237956,Health Care, Medicinal Chemicals and Botanical Products 
IMCR,Immunocore Holdings plc American Depositary Shares,$29.58,-1.04,-3.396%,1422453275.00,United Kingdom,2021,129865,Health Care,Biotechnology: Biological Products (No Diagnostic Substances)
IMDX,Insight Molecular Diagnostics Inc. Common Stock,$5.01,0.05,1.008%,161763075.00,United States,,422199,Health Care,Biotechnology: In Vitro & In Vivo Diagnostic Substances
IMKTA,Ingles Markets Incorporated Class A Common Stock,$86.60,0.82,0.956%,1644912962.00,United States,1987,98678,Consumer Staples,Food Chains
IMMP,Immutep Limited American Depositary Shares,$0.446,0.0136,3.145%,65647647.00,Australia,,470574,Health Care,Biotechnology: Pharmaceutical Preparations
IMMR,Immersion Corporation Common Stock,$6.68,0.19,2.928%,221111019.00,United States,1999,543406,Technology,Computer peripheral equipment
IMMX,Immix Biopharma Inc. Common Stock,$9.75,0.21,2.201%,516867897.00,United States,2021,661193,Health Care,Biotechnology: Pharmaceutical Preparations
IMNM,Immunome Inc. Common Stock,$22.44,0.25,1.127%,2538708986.00,United States,2020,625759,Health Care,Biotechnology: Pharmaceutical Preparations
IMNN,Imunon Inc. Common Stock,$2.72,-0.01,-0.366%,10834690.00,United States,,19058,Health Care,Biotechnology: Pharmaceutical Preparations
IMO,Imperial Oil Limited Common Stock,$126.98,1.14,0.906%,61406639140.00,Canada,1929,591829,Energy,Integrated oil Companies
IMOS,ChipMOS TECHNOLOGIES INC. American Depositary Shares,$60.27,0.83,1.396%,2109399132.00,Taiwan,,117877,Technology,Semiconductors
IMPP,Imperial Petroleum Inc. Common Shares,$5.01,0.10,2.037%,226520427.00,Greece,,445314,Consumer Discretionary,Marine Transportation
IMPPP,Imperial Petroleum Inc. 8.75% Series A Cumulative Redeemable Perpetual Preferred Shares,$25.9555,0.0455,0.176%,1173543100.00,Greece,,787,Consumer Discretionary,Marine Transportation
IMRN,Immuron Limited American Depositary Shares,$0.8049,-0.0251,-3.024%,5397256.00,Australia,2017,2538,Health Care,Biotechnology: Pharmaceutical Preparations
IMRX,Immuneering Corporation Class A Common Stock,$5.22,0.00,0.00%,337719525.00,United States,2021,497123,Health Care,Biotechnology: Pharmaceutical Preparations
IMSR,Terrestrial Energy Inc. Common Stock  ,$7.38,-0.01,-0.135%,607338222.00,United States,2024,2585481,,
IMSRW,Terrestrial Energy Inc. Warrant,$3.615,0.04,1.119%,0.00,United States,2024,17070,,
IMTE,Integrated Media Technology Limited Ordinary Shares,$0.5351,0.0052,0.981%,1844187.00,Australia,,31323,Consumer Staples,Consumer Electronics/Appliances
IMTX,Immatics N.V. Ordinary Shares,$11.37,0.23,2.065%,1524678069.00,Germany,,376085,Health Care,Biotechnology: Biological Products (No Diagnostic Substances)
IMUX,Immunic Inc. Common Stock,$11.63,-0.12,-1.021%,158418347.00,United States,2014,221495,Health Care,Biotechnology: Pharmaceutical Preparations
IMVT,Immunovant Inc. Common Stock,$28.94,1.72,6.319%,5890221289.00,United States,2019,2400352,Health Care,Biotechnology: Biological Products (No Diagnostic Substances)
IMXI,International Money Express Inc. Common Stock,$15.87,0.01,0.063%,478269953.00,United States,2017,175697,Real Estate,Real Estate
INAB,IN8bio Inc. Common Stock,$1.58,-0.02,-1.25%,15558401.00,United States,2021,42517,Health Care,Biotechnology: Biological Products (No Diagnostic Substances)
INAC,Indigo Acquisition Corp. Ordinary Shares,$10.16,-0.02,-0.196%,0.00,United States,2025,556,,
INACR,Indigo Acquisition Corp. Right,$0.1202,-0.0298,-19.867%,0.00,United States,2025,4110,,
INBK,First Internet Bancorp Common Stock,$25.26,-0.26,-1.019%,220182882.00,United States,,50133,Finance,Major Banks
INBKZ,First Internet Bancorp 6.0% Fixed-to-Floating Rate Subordinated Notes Due 2029,$25.12,0.02,0.08%,218872921.00,United States,,4338,Finance,Major Banks
INBS,Intelligent Bio Solutions Inc. Common Stock,$2.36,0.07,3.057%,4722768.00,United States,2020,32897,Health Care,Medical/Dental Instruments
INBX,Inhibrx Biosciences Inc. Common Stock,$134.35,9.83,7.894%,1962488874.00,United States,,387045,Health Care,Biotechnology: Biological Products (No Diagnostic Substances)
INCR,Intercure Ltd. Ordinary Shares,$0.8388,-0.0022,-0.262%,45866704.00,Israel,,10384,Health Care,Biotechnology: Pharmaceutical Preparations
INCY,Incyte Corp. Common Stock,$98.56,0.79,0.808%,19688123643.00,United States,,878021,Health Care,Biotechnology: Commercial Physical & Biological Resarch
INDB,Independent Bank Corp. Common Stock,$78.20,-0.03,-0.038%,3779180002.00,United States,,224316,Finance,Major Banks
INDI,indie Semiconductor Inc. Class A Common Stock,$4.30,-0.19,-4.232%,974392741.00,United States,,5808525,Technology,Semiconductors
INDO,Indonesia Energy Corporation Limited Ordinary Shares,$3.09,-0.05,-1.592%,47545336.00,,2019,481416,Energy,Oil & Gas Production
INDP,Indaptus Therapeutics Inc. Common Stock,$1.88,-0.15,-7.389%,4215569.00,United States,,132358,Health Care,Biotechnology: Pharmaceutical Preparations
INDV,Indivior Pharmaceuticals Inc. Common Stock,$39.50,-0.10,-0.253%,4928407890.00,United Kingdom,,2479525,Health Care,Biotechnology: Pharmaceutical Preparations
INEO,INNEOVA Holdings Limited Class A Ordinary Shares,$0.573,0.0038,0.668%,9265768.00,Singapore,2024,7390,Consumer Discretionary,Motor Vehicles
INFQ,Infleqtion Inc. Common Stock,$12.12,0.01,0.083%,2623639755.00,,2026,5837023,Technology,EDP Services
INFU,InfuSystems Holdings Inc. Common Stock,$8.41,-0.56,-6.243%,169831523.00,United States,,347210,Health Care,Medical/Dental Instruments
INFY,Infosys Limited American Depositary Shares,$12.83,0.26,2.068%,53298556819.00,India,,12856682,Technology,EDP Services
ING,ING Group N.V. Common Stock,$30.12,0.34,1.142%,87421423163.00,Netherlands,1997,1823646,Finance,Commercial Banks
INGM,Ingram Micro Holding Corporation Common Stock,$27.20,0.33,1.228%,6300785725.00,United States,2024,1731589,Technology,Retail: Computer Software & Peripheral Equipment
INGN,Inogen Inc Common Stock,$7.02,-0.17,-2.364%,191818804.00,United States,2014,819864,Health Care,Industrial Specialties
INGR,Ingredion Incorporated Common Stock,$107.39,0.03,0.028%,6771387316.00,United States,,701042,Consumer Staples,Packaged Foods
INHD,Inno Holdings Inc. Common Stock,$1.64,-0.04,-2.381%,4133884.00,United States,2023,412695,Industrials,Steel/Iron Ore
INKT,MiNK Therapeutics Inc. Common Stock,$11.04,-0.15,-1.34%,55000165.00,United States,2021,8488,Health Care,Biotechnology: Biological Products (No Diagnostic Substances)
INLF,INLIF LIMITED Class A Ordinary Shares,$4.29,-0.10,-2.278%,59228813.00,China,2025,5927,Industrials,Industrial Machinery/Components
INLX,Intellinetics Inc. Common Stock,$7.10,0.00,0.00%,31753131.00,,2022,216,Technology,Computer Software: Prepackaged Software
INM,InMed Pharmaceuticals Inc. Common Shares,$0.65,-0.0464,-6.663%,1822721.00,Canada,,12129,Health Care,Biotechnology: Pharmaceutical Preparations
INMB,INmune Bio Inc. Common stock,$1.43,0.00,0.00%,38016919.00,United States,2019,240237,Health Care,Biotechnology: Biological Products (No Diagnostic Substances)
INMD,InMode Ltd. Ordinary Shares,$13.96,0.04,0.287%,884488150.00,Israel,2019,1384472,Health Care,Biotechnology: Electromedical & Electrotherapeutic Apparatus
INN,Summit Hotel Properties Inc. Common Stock,$5.53,0.13,2.407%,599258881.00,United States,2011,475164,Real Estate,Real Estate Investment Trusts
INN^E,Summit Hotel Properties Inc. 6.250% Series E Cumulative Redeemable Preferred Stock,$18.74,0.09,0.483%,,United States,,14035,,
INN^F,Summit Hotel Properties Inc. 5.875% Series F Cumulative Redeemable Preferred Stock $0.01 par value per share,$17.67,0.07,0.398%,,United States,,16992,,
INNV,InnovAge Holding Corp. Common Stock,$7.57,-0.51,-6.312%,1027244995.00,United States,2021,394137,Health Care,Medical/Nursing Services
INO,Inovio Pharmaceuticals Inc. Common Stock,$1.46,0.09,6.569%,101379225.00,United States,,20836941,Health Care,Medical/Dental Instruments
INOD,Innodata Inc. Common Stock,$84.89,39.25,85.999%,2772083629.00,United States,1993,19160482,Technology,EDP Services
INR,Infinity Natural Resources Inc. Class A Common Stock,$15.45,0.12,0.783%,981560238.00,United States,2025,289777,Energy,Oil & Gas Production
INSE,Inspired Entertainment Inc. Common Stock,$7.96,-0.14,-1.728%,212335826.00,United States,2014,150158,Technology,Computer Software: Prepackaged Software
INSG,Inseego Corp. Common Stock,$16.08,-2.72,-14.468%,261149057.00,United States,,728014,Telecommunications,Telecommunications Equipment
INSM,Insmed Incorporated Common Stock,$101.35,-3.65,-3.476%,21876615301.00,United States,,8587789,Health Care,Biotechnology: Pharmaceutical Preparations
INSP,Inspire Medical Systems Inc. Common Stock,$44.26,-1.31,-2.875%,1275270152.00,United States,2018,971826,Health Care,Medical/Dental Instruments
INSW,International Seaways Inc. Common Stock ,$91.62,1.44,1.597%,4535620248.00,United States,2016,717441,Consumer Discretionary,Marine Transportation
INTA,Intapp Inc. Common Stock,$24.84,0.86,3.586%,1914210020.00,United States,2021,943845,Technology,Computer Software: Prepackaged Software
INTC,Intel Corporation Common Stock,$124.92,15.30,13.957%,627847920000.00,United States,,226150696,Technology,Semiconductors
INTG,Intergroup Corporation (The) Common Stock,$36.84,-0.74,-1.969%,79162234.00,United States,,9833,Real Estate,Building operators
INTJ,Intelligent Group Limited Class A Ordinary Shares ,$9.80,-0.20,-2.00%,15067480.00,Hong Kong,2024,5716,Consumer Discretionary,Professional Services
INTR,Inter & Co. Inc. Class A Common Shares,$6.48,-0.22,-3.284%,2859764376.00,Brazil,,7985855,Finance,Commercial Banks
INTS,Intensity Therapeutics Inc. Common stock,$5.09,-0.02,-0.391%,13269513.00,United States,2023,20243,Health Care,Biotechnology: Biological Products (No Diagnostic Substances)
INTT,inTest Corporation Common Stock,$17.25,0.64,3.853%,216459141.00,United States,1997,207202,Industrials,Electrical Products
INTU,Intuit Inc. Common Stock,$396.31,-10.47,-2.574%,109599530500.00,United States,1993,2347042,Technology,Computer Software: Prepackaged Software
INTZ,Intrusion Inc. Common Stock,$0.7703,-0.03,-3.749%,15690292.00,United States,,68567,Telecommunications,Computer Communications Equipment
INUV,Inuvo Inc.,$1.84,-0.01,-0.541%,27270452.00,United States,,94518,Consumer Discretionary,Advertising
INV,Innventure Inc. Common Stock,$7.00,0.79,12.721%,574664258.00,United States,,3795310,Finance,Blank Checks
INVA,Innoviva Inc. Common Stock,$22.89,0.09,0.395%,1689482265.00,United States,2004,540356,Health Care,Biotechnology: Pharmaceutical Preparations
INVE,Identiv Inc. Common Stock,$5.14,0.10,1.984%,123093080.00,United States,,127594,Technology,Computer peripheral equipment
INVH,Invitation Homes Inc. Common Stock,$28.73,-0.24,-0.828%,17066825396.00,United States,2017,5388503,Finance,Real Estate
INVX,Innovex International Inc. Common Stock,$26.60,-0.03,-0.113%,1829007382.00,United States,,272654,Consumer Discretionary,Oil and Gas Field Machinery
INVZ,Innoviz Technologies Ltd. Ordinary shares,$0.7315,0.0384,5.54%,156923985.00,Israel,,1437161,Consumer Discretionary,Auto Parts:O.E.M.
IONQ,IonQ Inc. Common Stock,$49.24,1.56,3.272%,18374955797.00,United States,2021,25860162,Technology,EDP Services
IONR,ioneer Ltd American Depositary Shares,$4.13,0.12,2.993%,313168983.00,Australia,,57312,Industrials,Mining & Quarrying of Nonmetallic Minerals (No Fuels)
IONS,Ionis Pharmaceuticals Inc. Common Stock,$75.71,-0.31,-0.408%,12512028115.00,United States,,1656233,Health Care,Biotechnology: Pharmaceutical Preparations
IOR,Income Opportunity Realty Investors Inc. Common Stock,$18.00,0.00,0.00%,73191204.00,United States,1987,11,Real Estate,Real Estate Investment Trusts
IOSP,Innospec Inc. Common Stock,$80.55,3.91,5.102%,2004927117.00,United States,,680321,Industrials,Major Chemicals
IOT,Samsara Inc. Class A Common Stock,$29.74,-0.37,-1.229%,17329797839.00,United States,2021,4048311,Technology,EDP Services
IOTR,iOThree Limited Ordinary Shares,$2.305,-0.095,-3.958%,5912327.00,Singapore,2025,4432,Consumer Discretionary,Telecommunications Equipment
IOVA,Iovance Biotherapeutics Inc. Common Stock,$3.62,0.07,1.972%,1616338674.00,United States,,20670407,Health Care,Biotechnology: Biological Products (No Diagnostic Substances)
IP,International Paper Company Common Stock,$33.03,-0.05,-0.151%,17489945651.00,United States,,4919565,Basic Materials,Paper
IPAR,Interparfums Inc. Common Stock,$94.48,0.57,0.607%,3025795789.00,United States,,192521,Consumer Discretionary,Package Goods/Cosmetics
IPCX,Inflection Point Acquisition Corp. III Class A Ordinary Shares,$10.30,0.00,0.00%,0.00,United States,2025,4837,Finance,Blank Checks
IPCXR,Inflection Point Acquisition Corp. III Rights,$0.362,0.0004,0.111%,0.00,United States,2025,22782,Finance,Blank Checks
IPCXU,Inflection Point Acquisition Corp. III Units,$10.42,0.00,0.00%,0.00,United States,2025,1,Finance,Blank Checks
IPDN,Professional Diversity Network Inc. Common Stock,$0.691,-0.062,-8.234%,7272106.00,United States,2013,39996,Technology,Computer Software: Programming Data Processing
IPEX,Inflection Point Acquisition Corp. V Class A Ordinary Shares,$10.44,-0.01,-0.096%,,United States,2025,223,Health Care,Biotechnology: Pharmaceutical Preparations
IPEXR,Inflection Point Acquisition Corp. V Rights,$0.61,0.00,0.00%,0.00,United States,2025,1142,Finance,Blank Checks
IPFXU,Inflection Point Acquisition Corp. VI Units,$10.15,0.00,0.00%,0.00,United States,2026,25200,Finance,Blank Checks
IPGP,IPG Photonics Corporation Common Stock,$104.49,2.96,2.915%,4434933436.00,United States,2006,441166,Technology,Semiconductors
IPHA,Innate Pharma S.A. ADS,$1.41,0.04,2.92%,132243961.00,France,2019,6801,Health Care,Biotechnology: Biological Products (No Diagnostic Substances)
IPI,Intrepid Potash Inc Common Stock,$37.81,-0.80,-2.072%,507929747.00,United States,2008,193353,Industrials,Mining & Quarrying of Nonmetallic Minerals (No Fuels)
IPM,Intelligent Protection Management Corp. Common Stock ,$1.84,-0.02,-1.075%,16717741.00,United States,,23392,Technology,Computer Software: Programming Data Processing
IPOD,Dune Acquisition Corporation II Class A Ordinary Shares,$10.38,0.00,0.00%,0.00,United States,2025,1708,Finance,Blank Checks
IPODW,Dune Acquisition Corporation II Warrants,$0.30,0.00,0.00%,0.00,United States,2025,6,Finance,Blank Checks
IPSC,Century Therapeutics Inc. Common Stock,$2.29,-0.02,-0.866%,413011111.00,United States,2021,472804,Health Care,Biotechnology: Biological Products (No Diagnostic Substances)
IPST,IP Strategy Holdings Inc. Common Stock,$5.26,-0.62,-10.544%,2864317.00,United States,2024,29670,Consumer Staples,Beverages (Production/Distribution)
IPW,iPower Inc. Common Stock,$0.8145,0.0045,0.556%,1077158.00,United States,2021,387197,Consumer Discretionary,RETAIL: Building Materials
IPWR,Ideal Power Inc. Common Stock,$4.39,-0.22,-4.772%,53364405.00,United States,2013,193983,Technology,Semiconductors
IPX,IperionX Limited American Depositary Share,$41.21,0.54,1.328%,1398601752.00,United States,,459593,Basic Materials,Other Metals and Minerals
IQ,iQIYI Inc. American Depositary Shares,$1.20,-0.01,-0.826%,1158029682.00,China,2018,4141677,Consumer Discretionary,Consumer Electronics/Video Chains
IQI,Invesco Quality Municipal Income Trust Common Stock,$9.94,0.04,0.404%,525664942.00,United States,,101054,Finance,Finance Companies
IQST,iQSTEL Inc. Common Stock,$1.33,-0.04,-2.92%,6744088.00,United States,,138669,Telecommunications,Telecommunications Equipment
IQV,IQVIA Holdings Inc. Common Stock,$178.71,0.07,0.039%,29826699000.00,United States,2013,1083098,Health Care,Biotechnology: Commercial Physical & Biological Resarch
IR,Ingersoll Rand Inc. Common Stock,$75.75,-1.75,-2.258%,29643765176.00,United States,2017,2808204,Industrials,Industrial Machinery/Components
IRAB,Iris Acquisition Corp II Class A Ordinary Shares,$10.02,0.00,0.00%,0.00,,2026,16,,
IRD,Opus Genetics Inc. Common Stock,$4.99,-0.37,-6.903%,356298335.00,United States,,1303702,Health Care,Biotechnology: Pharmaceutical Preparations
IRDM,Iridium Communications Inc Common Stock,$41.46,1.27,3.16%,4383472266.00,United States,,2571101,Telecommunications,Telecommunications Equipment
IREN,IREN Limited Ordinary Shares,$61.20,4.35,7.652%,20335559440.00,Australia,2021,110312686,Technology,EDP Services
IRHO,Iron Horse Acquisitions II Corp. Common Stock,$9.97,0.00,0.00%,0.00,United States,2026,1404,,
IRHOR,Iron Horse Acquisitions Corp. II Rights,$0.151,-0.009,-5.625%,0.00,United States,2026,53752,,
IRHOU,Iron Horse Acquisitions II Corp. Units,$10.03,0.03,0.30%,0.00,United States,2025,857,Finance,Blank Checks
IRIX,IRIDEX Corporation Common Stock,$1.03,0.00,0.00%,17917211.00,United States,1996,48099,Health Care,Biotechnology: Electromedical & Electrotherapeutic Apparatus
IRM,Iron Mountain Incorporated (Delaware)Common Stock REIT,$128.84,2.03,1.601%,38333079900.00,United States,,1141860,Real Estate,Real Estate Investment Trusts
IRMD,iRadimed Corporation Common Stock,$86.285,-0.455,-0.525%,1102984175.00,United States,2014,53478,Health Care,Medical/Dental Instruments
IRON,Disc Medicine Inc. Common Stock,$68.26,0.73,1.081%,2607469815.00,United States,,656318,Health Care,Biotechnology: Pharmaceutical Preparations
IRS,IRSA Inversiones Y Representaciones S.A. Global Depositary Shares (Each representing ten shares of Common Stock),$13.94,-0.76,-5.17%,109877980.00,Argentina,,539552,Real Estate,Homebuilding
IRT,Independence Realty Trust Inc. Common Stock,$16.43,0.06,0.367%,3872792225.00,United States,2013,1384443,Real Estate,Real Estate Investment Trusts
IRTC,iRhythm Holdings Inc. Common Stock,$120.66,-4.21,-3.372%,3965178149.00,United States,2016,423231,Health Care,Medical/Dental Instruments
IRWD,Ironwood Pharmaceuticals Inc. Class A Common Stock,$4.22,0.05,1.199%,694668573.00,United States,2010,2548819,Health Care,Biotechnology: Pharmaceutical Preparations
ISBA,Isabella Bank Corporation Common stock,$42.77,1.23,2.961%,313613634.00,United States,,13845,Finance,Major Banks
ISD,PGIM High Yield Bond Fund Inc.,$13.48,0.02,0.149%,0.00,United States,2012,75303,Finance,Trusts Except Educational Religious and Charitable
ISOU,IsoEnergy Ltd. Common Shares,$12.05,-0.23,-1.873%,729701812.00,,2025,57674,,
ISPC,iSpecimen Inc. Common Stock,$5.12,-0.17,-3.214%,3796767.00,United States,2021,173809,Health Care,Biotechnology: Commercial Physical & Biological Resarch
ISPR,Ispire Technology Inc. Common Stock,$1.74,-0.11,-5.946%,99684363.00,United States,2023,72181,Health Care, Medicinal Chemicals and Botanical Products 
ISRG,Intuitive Surgical Inc. Common Stock,$450.06,-3.43,-0.756%,159394528671.00,United States,2000,2401653,Health Care,Industrial Specialties
ISSC,Innovative Solutions and Support Inc. Common Stock,$21.36,0.45,2.152%,379745406.00,United States,2000,233895,Technology,EDP Services
ISTR,Investar Holding Corporation Common Stock,$28.47,0.00,0.00%,391298086.00,United States,2014,125406,Finance,Major Banks
IT,Gartner Inc. Common Stock,$158.65,0.87,0.551%,10621917190.00,United States,1993,1204556,Consumer Discretionary,Other Consumer Services
ITGR,Integer Holdings Corporation Common Stock,$88.12,0.20,0.227%,2992100413.00,United States,,384695,Health Care,Biotechnology: Electromedical & Electrotherapeutic Apparatus
ITHA,ITHAX Acquisition Corp III Class A Ordinary Shares,$9.9301,0.0001,0.001%,0.00,United States,2026,2812,,
ITIC,Investors Title Company Common Stock,$238.30,-3.20,-1.325%,449909447.00,United States,,23008,Finance,Specialty Insurers
ITOC,iTonic Holdings Ltd Class A Ordinary Shares,$0.316,-0.024,-7.059%,5387800.00,China,2024,236164,Health Care,Biotechnology: Electromedical & Electrotherapeutic Apparatus
ITP,IT Tech Packaging Inc. Common Stock,$0.1912,0.0046,2.465%,3243788.00,China,,342493,Consumer Discretionary,Containers/Packaging
ITRG,Integra Resources Corp. Common Shares,$2.89,0.06,2.12%,584238961.00,,,1432675,Basic Materials,Precious Metals
ITRI,Itron Inc. Common Stock,$81.87,0.73,0.90%,3630062339.00,United States,1993,654652,Industrials,Electrical Products
ITRN,Ituran Location and Control Ltd. Ordinary Shares,$60.93,1.98,3.359%,1212115829.00,Israel,2005,130170,Technology,Electronic Components
ITT,ITT Inc. Common Stock ,$206.15,-1.64,-0.789%,18429810000.00,United States,2011,651779,Industrials,Fluid Controls
ITUB,Itau Unibanco Banco Holding SA American Depositary Shares (Each repstg 500 Preferred shares),$8.37,0.19,2.323%,92292010316.00,Brazil,,36078987,Finance,Major Banks
ITW,Illinois Tool Works Inc. Common Stock,$254.76,-0.77,-0.301%,73390770642.00,United States,,884615,Industrials,Industrial Machinery/Components
IVA,Inventiva S.A. American Depository Shares,$5.37,0.02,0.374%,1115389141.00,France,2020,235422,Health Care,Biotechnology: Pharmaceutical Preparations
IVDA,Iveda Solutions Inc. Common Stock,$0.326,-0.0229,-6.563%,3631555.00,United States,,435584,Technology,Computer Software: Prepackaged Software
IVDAW,Iveda Solutions Inc. Warrant,$0.061,0.0036,6.272%,679524.00,United States,,12766,Technology,Computer Software: Prepackaged Software
IVF,INVO Fertility Inc. Common Stock,$1.72,-0.10,-5.495%,2394617.00,United States,,29935,Health Care,Medical/Dental Instruments
IVR,INVESCO MORTGAGE CAPITAL INC Common Stock,$8.23,0.20,2.491%,763935504.00,United States,2009,2102883,Real Estate,Real Estate Investment Trusts
IVR^C,INVESCO MORTGAGE CAPITAL INC 7.5% Fixed-to-Floating Series C Cumulative Redeemable Preferred Stock Liquation Preference $25.00 per Share,$23.87,0.08,0.336%,,United States,,23776,,
IVT,InvenTrust Properties Corp. Common Stock,$31.34,-0.32,-1.011%,2442509758.00,United States,2021,229875,Real Estate,Real Estate Investment Trusts
IVVD,Invivyd Inc. Common Stock,$1.50,0.07,4.895%,424205795.00,United States,2021,1461174,Health Care,Biotechnology: Biological Products (No Diagnostic Substances)
IVZ,Invesco Ltd Common Stock,$27.59,0.76,2.833%,12230553994.00,United States,,4884092,Finance,Investment Managers
IX,ORIX Corporation American Depositary Shares,$33.73,0.54,1.627%,39226716490.00,Japan,,213038,Finance,Diversified Financial Services
IXHL,Incannex Healthcare Inc. Common Stock,$4.58,-0.22,-4.583%,54704954.00,Australia,,335299,Health Care,Biotechnology: Pharmaceutical Preparations
IZEA,IZEA Worldwide Inc. Common Stock,$4.35,-0.06,-1.361%,75412126.00,United States,,49688,Consumer Discretionary,Advertising
IZM,ICZOOM Group Inc. Class A Ordinary Shares,$0.3781,-0.0052,-1.357%,4544047.00,China,2023,53673,Consumer Discretionary,Consumer Electronics/Video Chains
J,Jacobs Solutions Inc. Common Stock,$118.43,-4.33,-3.527%,13984318500.00,United States,2022,1511262,Industrials,Military/Government/Technical
JACK,Jack In The Box Inc. Common Stock,$13.79,-0.08,-0.577%,262506661.00,United States,,615983,Consumer Discretionary,Restaurants
JACS,Jackson Acquisition Company II Class A Ordinary Shares,$10.60,0.00,0.00%,0.00,,2025,16,,
JAGU,Jaguar Uranium Corp. Class A Common Shares,$2.39,0.04,1.702%,48263127.00,,2026,48228,,
JAGX,Jaguar Health Inc. Common Stock,$3.00,0.02,0.671%,42132831.00,United States,2015,127602,Health Care,Biotechnology: Pharmaceutical Preparations
JAKK,JAKKS Pacific Inc. Common Stock,$23.22,-0.06,-0.258%,265739223.00,United States,1996,41199,Consumer Discretionary,Recreational Games/Products/Toys
JAN,Janus Living Inc. Class A-1 Common Stock,$27.92,0.50,1.823%,7346890466.00,,2026,1421658,Real Estate,Real Estate Investment Trusts
JANX,Janux Therapeutics Inc. Common Stock,$14.175,-0.365,-2.51%,864129915.00,United States,2021,865870,Health Care,Biotechnology: Pharmaceutical Preparations
JATT,JATT II Acquisition Corp Ordinary Shares,$10.52,0.02,0.19%,0.00,United States,2026,1642,,
JAZZ,Jazz Pharmaceuticals plc Common Stock (Ireland),$225.79,-1.17,-0.516%,14166701328.00,Ireland,2007,741379,Health Care,Biotechnology: Pharmaceutical Preparations
JBDI,JBDI Holdings Limited Ordinary Shares,$0.6139,0.0338,5.827%,11681942.00,Singapore,2024,19637,,
JBGS,JBG SMITH Properties Common Shares ,$15.56,0.15,0.973%,1159446958.00,United States,2017,497462,Real Estate,Real Estate Investment Trusts
JBHT,J.B. Hunt Transport Services Inc. Common Stock,$245.40,3.66,1.514%,23141024416.00,United States,,612434,Industrials,Trucking Freight/Courier Services
JBI,Janus International Group Inc. Common Stock,$5.21,-0.02,-0.382%,710604711.00,United States,2021,1005595,Industrials,Building Products
JBIO,Jade Biosciences Inc. Common Stock,$25.81,1.59,6.565%,1273806686.00,United States,2021,697513,Health Care,Biotechnology: Pharmaceutical Preparations
JBK,Lehman ABS 3.50 3.50% Adjustable Corp Backed Tr Certs GS Cap I,$26.60,0.14,0.529%,0.00,United States,,20326,Finance,Finance: Consumer Services
JBL,Jabil Inc. Common Stock,$355.15,5.55,1.588%,37469256203.00,United States,1993,1301020,Technology,Electrical Products
JBLU,JetBlue Airways Corporation Common Stock,$5.11,-0.02,-0.39%,1901016548.00,United States,2002,20509491,Consumer Discretionary,Air Freight/Delivery Services
JBS,JBS N.V. Class A Common Shares,$16.11,-0.21,-1.287%,17251826263.00,,2025,4843511,Consumer Staples,Meat/Poultry/Fish
JBSS,John B. Sanfilippo & Son Inc. Common Stock,$77.95,-0.15,-0.192%,911202371.00,United States,1991,126659,Consumer Staples,Specialty Foods
JBTM,JBT Marel Corporation Common Stock,$139.45,1.43,1.036%,7260856383.00,United States,,706626,Industrials,Industrial Machinery/Components
JCAP,Jefferson Capital Inc. Common Stock,$19.96,-0.44,-2.157%,1231763296.00,United States,2025,224676,Finance,Finance Companies
JCE,Nuveen Core Equity Alpha Fund Common Shares of Beneficial Interest,$16.37,0.15,0.925%,0.00,United States,2007,35766,Finance,Trusts Except Educational Religious and Charitable
JCI,Johnson Controls International plc Ordinary Share,$139.52,0.27,0.194%,85123328931.00,Switzerland,,2582387,Industrials,Industrial Machinery/Components
JCSE,JE Cleantech Holdings Limited Ordinary Shares,$1.105,0.015,1.376%,5812587.00,Singapore,2022,19770,Consumer Discretionary,Miscellaneous manufacturing industries
JCTC,Jewett-Cameron Trading Company Common Shares,$1.99,-0.06,-2.927%,7005025.00,United States,,31296,Consumer Discretionary,RETAIL: Building Materials
JD,JD.com Inc. American Depositary Shares,$30.13,-0.08,-0.265%,41152178655.00,China,2014,8015013,Consumer Discretionary,Other Specialty Stores
JDZG,JIADE LIMITED Class A Ordinary Shares,$1.56,0.13,9.091%,6731083.00,China,2024,141099,Real Estate,Other Consumer Services
JEF,Jefferies Financial Group Inc. Common Stock,$52.98,1.52,2.954%,10830823625.00,United States,,2014513,Finance,Investment Bankers/Brokers/Service
JELD,JELD-WEN Holding Inc. Common Stock,$1.70,0.01,0.592%,146457246.00,United States,2017,1526019,Basic Materials,Forest Products
JEM,707 Cayman Holdings Limited Ordinary Shares,$1.31,0.05,3.968%,2359661.00,China,2025,96571,Consumer Discretionary,Clothing/Shoe/Accessory Stores
JENA,Jena Acquisition Corporation II Class A Ordinary Shares,$10.28,0.01,0.097%,0.00,,2025,5400,Finance,Blank Checks
JF,J and Friends Holdings Limited American Depositary Shares,$1.02,0.00,0.00%,18706957.00,China,2018,2732,Technology,Computer Software: Programming Data Processing
JFB,JFB Construction Holdings Class A Common Stock,$5.62,0.04,0.717%,79848398.00,United States,2025,179000,Consumer Discretionary,General Bldg Contractors - Nonresidential Bldgs
JFIN,Jiayin Group Inc. American Depositary Shares,$4.95,0.01,0.202%,259031253.00,China,2019,53825,Finance,Finance: Consumer Services
JFR,Nuveen Floating Rate Income Fund Common Stock,$7.53,0.00,0.00%,0.00,United States,2004,403792,Finance,Trusts Except Educational Religious and Charitable
JFU,9F Inc. American Depositary Shares,$3.60,0.32,9.756%,42383999.00,China,2019,4289,Finance,Finance: Consumer Services
JG,Aurora Mobile Limited American Depositary Shares,$6.88,0.22,3.303%,41015691.00,China,2018,1126,Technology,Computer Software: Programming Data Processing
JGH,Nuveen Global High Income Fund Common Shares of Beneficial Interest,$12.78,0.05,0.393%,0.00,United States,2014,77590,Finance,Investment Managers
JHG,Janus Henderson Group plc Ordinary Shares,$51.69,0.01,0.019%,7964168178.00,United Kingdom,2017,769086,Finance,Investment Managers
JHI,John Hancock Investors Trust Common Stock,$13.38,0.025,0.187%,117002039.00,United States,,12629,Finance,Trusts Except Educational Religious and Charitable
JHS,John Hancock Income Securities Trust Common Stock,$11.18,-0.0004,-0.004%,130208820.00,United States,,17937,Finance,Finance Companies
JHX,James Hardie Industries plc. Ordinary Shares,$20.98,0.51,2.491%,12236375200.00,Ireland,2025,3572586,Industrials,Building Materials
JILL,J. Jill Inc. Common Stock,$13.20,0.31,2.405%,196762434.00,United States,2017,40960,Consumer Discretionary,Apparel
JJSF,J & J Snack Foods Corp. Common Stock,$76.17,0.46,0.608%,1448136652.00,United States,1986,274325,Consumer Staples,Specialty Foods
JKHY,Jack Henry & Associates Inc. Common Stock,$145.84,-0.19,-0.13%,10524888949.00,United States,1985,1171814,Technology,EDP Services
JKS,JinkoSolar Holding Company Limited American Depositary Shares (each representing 4 Common Shares),$24.56,1.23,5.272%,1286211817.00,China,2010,1041417,Technology,Semiconductors
JL,J-Long Group Limited Class A Ordinary Shares,$6.68,0.125,1.907%,25128163.00,Hong Kong,2024,26128,Consumer Discretionary,Clothing/Shoe/Accessory Stores
JLHL,Julong Holding Limited Class A Ordinary Shares,$19.00,-0.06,-0.315%,407524008.00,China,2025,16169,Consumer Discretionary,Military/Government/Technical
JLL,Jones Lang LaSalle Incorporated Common Stock,$329.87,1.81,0.552%,15303848585.00,United States,,274203,Finance,Real Estate
JLS,Nuveen Mortgage and Income Fund,$18.61,0.24,1.306%,0.00,United States,2009,40685,Finance,Investment Managers
JMIA,Jumia Technologies AG American Depositary Shares each representing two Ordinary Shares,$7.77,-0.94,-10.792%,962334725.00,,2019,4658580,Consumer Discretionary,Catalog/Specialty Distribution
JMM,Nuveen Multi-Market Income Fund (MA),$5.85,0.035,0.602%,0.00,United States,,1468,Finance,Trusts Except Educational Religious and Charitable
JMSB,John Marshall Bancorp Inc. Common Stock,$21.20,-0.27,-1.258%,299179891.00,United States,,33034,Finance,Major Banks
JNJ,Johnson & Johnson Common Stock,$221.32,-1.19,-0.535%,532765260022.00,United States,,5549432,Health Care,Biotechnology: Pharmaceutical Preparations
JOB,GEE Group Inc. Common Stock,$0.2585,-0.0015,-0.577%,28401572.00,United States,1968,234617,Consumer Discretionary,Diversified Commercial Services
JOBY,Joby Aviation Inc. Common Stock,$10.87,0.86,8.591%,10692197801.00,United States,2020,35162610,Industrials,Aerospace
JOE,St. Joe Company (The) Common Stock,$65.79,0.74,1.138%,3776987189.00,United States,,267014,Real Estate,Homebuilding
JOF,Japan Smaller Capitalization Fund Inc Common Stock,$11.72,0.12,1.034%,0.00,United States,1990,72418,Finance,Trusts Except Educational Religious and Charitable
JOUT,Johnson Outdoors Inc. Class A Common Stock,$51.405,-2.095,-3.916%,537339241.00,United States,,118219,Consumer Discretionary,Recreational Games/Products/Toys
JOYY,JOYY Inc. American Depositary Shares,$58.88,-0.12,-0.203%,3045390889.00,Singapore,2012,168690,Technology,EDP Services
JPC,Nuveen Preferred & Income Opportunities Fund,$8.03,0.03,0.375%,0.00,United States,2003,563572,Finance,Investment Managers
JPM,JP Morgan Chase & Co. Common Stock,$302.10,-4.17,-1.362%,809480399378.00,United States,,9457756,Finance,Major Banks
JPM^C,J P Morgan Chase & Co Depositary Shares each representing a 1/400th interest in a share of 6.00% Non-Cumulative  Preferred Stock Series EE,$25.10,0.01,0.04%,,United States,,60651,,
JPM^D,J P Morgan Chase & Co Depositary Shares each representing a 1/400th  interest in a share of 5.75% Non-Cumulative  Preferred Stock Series DD,$24.32,0.01,0.041%,,United States,,109088,,
JPM^J,J P Morgan Chase & Co Depositary Shares each representing a 1/400th interest in a share of JPMorgan Chase & Co. 4.75% Non-Cumulative Preferred Stock Series GG,$19.75,0.07,0.356%,,United States,,61110,,
JPM^K,J P Morgan Chase & Co Depositary Shares each representing a 1/400th interest in a share of 4.55% Non-Cumulative Preferred Stock Series JJ,$18.94,0.03,0.159%,,United States,,81909,,
JPM^L,J P Morgan Chase & Co Depositary Shares each representing a 1/400th interest in a share of 4.625% Non-Cumulative Preferred Stock Series LL,$19.20,0.03,0.156%,,United States,,80531,,
JPM^M,J P Morgan Chase & Co Depositary Shares each representing a 1/400th interest in a share of 4.20% Non-Cumulative Preferred Stock Series MM,$17.81,0.04,0.225%,,United States,,108289,,
JQC,Nuveen Credit Strategies Income Fund Shares of Beneficial Interest,$4.86,0.01,0.206%,0.00,United States,2003,539758,Finance,Finance Companies
JRI,Nuveen Real Asset Income and Growth Fund Common Shares of Beneficial Interest,$13.1497,-0.0003,-0.002%,0.00,United States,2012,141599,Finance,Finance Companies
JRS,Nuveen Real Estate Income Fund Common Shares of Beneficial Interest,$8.2701,0.0301,0.365%,0.00,United States,2001,81623,Finance,Finance/Investors Services
JRSH,Jerash Holdings (US) Inc. Common Stock,$3.36,0.02,0.599%,42671798.00,United States,2018,67849,Consumer Discretionary,Apparel
JRVR,James River Group Holdings Inc. Common Stock,$4.15,-0.15,-3.488%,191882952.00,Bermuda,2014,723301,Finance,Property-Casualty Insurers
JSM,Navient Corporation 6% Senior Notes due December 15 2043,$18.80,0.06,0.32%,1869303514.00,United States,,7765,Finance,Investment Bankers/Brokers/Service
JSPR,Jasper Therapeutics Inc. Common Stock,$0.9263,0.0179,1.97%,25933453.00,United States,2020,113997,Health Care,Biotechnology: Biological Products (No Diagnostic Substances)
JSPRW,Japer Therapeutics Inc. Warrants,$0.015,0.00,0.00%,419952.00,United States,2020,7013,Health Care,Biotechnology: Biological Products (No Diagnostic Substances)
JTAI,Jet.AI Inc. Common Stock,$7.06,-0.495,-6.552%,4208099.00,United States,2021,211014,Consumer Discretionary,Transportation Services
JUNS,Jupiter Neurosciences Inc. Common Stock,$0.3328,-0.0112,-3.256%,12074401.00,United States,2024,50603,Health Care,Biotechnology: Pharmaceutical Preparations
JVA,Coffee Holding Co. Inc. Common Stock,$4.44,0.18,4.225%,25346180.00,United States,2005,96150,Consumer Staples,Packaged Foods
JWEL,Jowell Global Ltd. Ordinary Shares,$2.5487,0.00,0.00%,6056045.00,China,2021,98,Consumer Discretionary,Other Consumer Services
JXG,JX Luxventure Group Inc. Common Stock,$3.90,0.00,0.00%,7279826.00,China,2013,147,Consumer Staples,Apparel
JXN,Jackson Financial Inc. Class A Common Stock ,$112.78,2.69,2.443%,7865627269.00,United States,2021,694688,Finance,Life Insurance
JXN^A,Jackson Financial Inc. Depositary Shares each representing a 1/1000th interest in a share of Fixed-Rate Reset Noncumulative Perpetual Preferred Stock Series A,$26.14,0.03,0.115%,,United States,,26786,,
JYD,Jayud Global Logistics Limited Class A Ordinary Shares,$4.72,-0.13,-2.68%,39170808.00,China,2023,6607,Industrials,Integrated Freight & Logistics
JYNT,The Joint Corp. Common Stock,$8.69,0.02,0.231%,124464793.00,United States,2014,86857,Miscellaneous,Multi-Sector Companies
JZ,Jianzhi Education Technology Group Company Limited American Depositary Shs,$0.7804,-0.1096,-12.315%,36873416.00,China,2022,111406,Real Estate,Other Consumer Services
JZXN,Jiuzi Holdings Inc. Ordinary Shares,$0.905,0.003,0.333%,1202601.00,China,2021,82538,Consumer Discretionary,Retail-Auto Dealers and Gas Stations
KAI,Kadant Inc Common Stock,$338.82,-1.77,-0.52%,4000712697.00,United States,1992,183253,Industrials,Industrial Machinery/Components
KALA,KALA BIO Inc. Common Stock,$0.0793,-0.0038,-4.573%,73708682.00,United States,2017,7511598,Health Care,Biotechnology: Pharmaceutical Preparations
KALU,Kaiser Aluminum Corporation Common Stock,$180.33,4.17,2.367%,2946701480.00,United States,,134686,Industrials,Metal Fabrications
KALV,KalVista Pharmaceuticals Inc. Common Stock,$26.73,0.01,0.037%,1351102412.00,United Kingdom,2015,2345192,Health Care,Biotechnology: Pharmaceutical Preparations
KAPA,Kairos Pharma Ltd. Common Stock,$0.56,0.0054,0.974%,11990271.00,,2024,109656,Health Care,Biotechnology: Pharmaceutical Preparations
KARO,Karooooo Ltd. Ordinary Shares,$50.20,-1.10,-2.144%,1550843660.00,Singapore,2021,246873,Technology,Computer Software: Prepackaged Software
KB,KB Financial Group Inc,$111.14,1.35,1.23%,39853439423.00,South Korea,,113039,Finance,Commercial Banks
KBDC,Kayne Anderson BDC Inc. Common Stock,$14.87,-0.34,-2.235%,988862093.00,,2024,378246,,
KBH,KB Home Common Stock,$49.52,0.34,0.691%,3102341142.00,United States,1986,718574,Consumer Discretionary,Homebuilding
KBONU,Karbon Capital Partners Corp. Units,$10.22,0.00,0.00%,0.00,United States,2025,483,Finance,Blank Checks
KBR,KBR Inc. Common Stock,$32.54,-0.66,-1.988%,4125745201.00,United States,2006,2548250,Industrials,Military/Government/Technical
KBSX,FST Corp. Ordinary Shares,$1.22,-0.02,-1.613%,54614524.00,Taiwan,,7011,Consumer Discretionary,Recreational Games/Products/Toys
KC,Kingsoft Cloud Holdings Limited American Depositary Shares,$15.88,-0.13,-0.812%,4753990264.00,China,2020,1146309,Technology,Computer Software: Prepackaged Software
KCHV,Kochav Defense Acquisition Corp. Class A Ordinary Shares,$10.29,0.00,0.00%,0.00,United States,2025,47,,
KD,Kyndryl Holdings Inc. Common Stock,$12.26,-0.38,-3.006%,2763982574.00,United States,2021,5301522,Technology,EDP Services
KDK,Kodiak AI Inc. Common Stock ,$7.245,-1.855,-20.385%,1331102506.00,United States,,8556924,Technology,EDP Services
KDKRW,Kodiak AI Inc. Warrants,$1.32,-0.27,-16.981%,242519711.00,United States,,1013910,Technology,EDP Services
KDP,Keurig Dr Pepper Inc. Common Stock,$28.83,0.31,1.087%,39224929549.00,United States,,9206100,Consumer Staples,Beverages (Production/Distribution)
KE,Kimball Electronics Inc. Common Stock,$26.14,0.19,0.732%,628638900.00,United States,,186339,Technology,Electrical Products
KEEL,Keel Infrastructure Corp. Common Stock,$3.97,-0.04,-0.998%,2207168477.00,Canada,,31541659,Finance,Finance: Consumer Services
KELYA,Kelly Services Inc. Class A Common Stock,$9.87,0.17,1.753%,337668768.00,United States,,579844,Consumer Discretionary,Professional Services
KELYB,Kelly Services Inc. Class B Common Stock,$15.90,-0.059,-0.37%,543964885.00,United States,,2885,Consumer Discretionary,Professional Services
KEN,Kenon Holdings Ltd. Ordinary Shares,$88.89,2.55,2.953%,4631915409.00,Singapore,2015,18473,Utilities,Electric Utilities: Central
KEP,Korea Electric Power Corporation Common Stock,$15.46,0.34,2.249%,19849529261.00,South Korea,1994,396043,Utilities,Electric Utilities: Central
KEQU,Kewaunee Scientific Corporation Common Stock,$37.01,0.53,1.453%,106084872.00,United States,,1946,Industrials,Medical Specialities
KEX,Kirby Corporation Common Stock,$142.24,0.02,0.014%,7627051040.00,United States,,459942,Consumer Discretionary,Marine Transportation
KEY,KeyCorp Common Stock,$21.60,-0.09,-0.415%,23419274861.00,United States,,8601031,Finance,Major Banks
KEY^I,KeyCorp Depositary Shares Each Representing a 1/40th Ownership Interest in a Share of Fixed-to-Floating Rate Perpetual Non-Cumulative Preferred Stock Series E,$25.14,0.05,0.199%,,United States,,156025,,
KEY^J,KeyCorp Depositary Shares each representing a 1/40th ownership interest in a share of Fixed Rate Perpetual Non-Cumulative Preferred Stock Series F,$21.40,0.07,0.328%,,United States,,20799,,
KEY^K,KeyCorp Depositary Shares each representing a 1/40th ownership interest in a share of Fixed Rate Perpetual Non-Cumulative Preferred Stock Series G,$21.41,0.23,1.086%,,United States,,23869,,
KEY^L,KeyCorp Depositary Shares each representing a 1/40th ownership interest in a share of Fixed Rate Perpetual Non-Cumulative Preferred Stock Series H,$24.98,0.03,0.12%,,United States,,25317,,
KEYS,Keysight Technologies Inc. Common Stock,$360.30,5.24,1.476%,61792348949.00,United States,2014,1112967,Industrials,Industrial Machinery/Components
KF,Korea Fund Inc. (The) New Common Stock,$70.68,5.325,8.148%,0.00,United States,,29373,Finance,Investment Managers
KFFB,Kentucky First Federal Bancorp Common Stock,$4.35,0.04,0.928%,35177210.00,United States,2005,9905,Finance,Savings Institutions
KFII,K&F Growth Acquisition Corp. II Class A Ordinary shares,$10.50,0.00,0.00%,0.00,United States,2025,36,,
KFIIR,K&F Growth Acquisition Corp. II Rights,$0.1308,0.0108,9.00%,0.00,United States,2025,18065,,
KFRC,Kforce Inc. Common Stock,$43.46,0.20,0.462%,774978720.00,United States,1995,184942,Consumer Discretionary,Professional Services
KFS,Kingsway Financial Services Inc. Common Stock (DE),$11.80,1.10,10.28%,341570635.00,Canada,,99640,Finance,Property-Casualty Insurers
KFY,Korn Ferry Common Stock,$67.78,0.64,0.953%,3516906757.00,United States,1999,315682,Consumer Discretionary,Diversified Commercial Services
KG,Kestrel Group Ltd.,$11.87,0.72,6.457%,108994518.00,Bermuda,2008,10153,Finance,Property-Casualty Insurers
KGC,Kinross Gold Corporation Common Stock,$31.51,1.09,3.583%,37626091000.00,Canada,2001,5561103,Basic Materials,Precious Metals
KGEI,Kolibri Global Energy Inc. Common stock,$5.12,-0.13,-2.476%,181628447.00,United States,,94598,Energy,Oil & Gas Production
KGS,Kodiak Gas Services Inc. Common Stock,$69.65,-0.62,-0.882%,5982552134.00,United States,2023,1819398,Utilities,Natural Gas Distribution
KHC,The Kraft Heinz Company Common Stock,$23.96,0.32,1.354%,28411232206.00,United States,,13355390,Consumer Staples,Packaged Foods
KIDS,OrthoPediatrics Corp. Common Stock,$17.81,0.24,1.366%,457449743.00,United States,2017,171016,Health Care,Medical/Dental Instruments
KIDZ,Classover Holdings Inc. Class B Common Stock,$0.6562,-0.0117,-1.752%,4449394.00,United States,,186142,Real Estate,Other Consumer Services
KIDZW,Classover Holdings Inc. Warrants,$0.0175,0.0042,31.579%,118660.00,United States,,37099,Real Estate,Other Consumer Services
KIM,Kimco Realty Corporation (HC) Common Stock,$23.48,-0.05,-0.212%,15834672316.00,United States,,4456603,Real Estate,Real Estate Investment Trusts
KIM^L,Kimco Realty Corporation Class L Depositary Shares each of which represents a one-one thousandth fractional interest in a share of 5.125% Class L Cumulative Redeemable Preferred Stock liquidation preference $25000.00 per share,$19.93,0.00,0.00%,,United States,,8703,,
KIM^M,Kimco Realty Corporation Class M Depositary Shares each of which represents a one-one thousandth fractional interest in a share of 5.25% Class M Cumulative Redeemable Preferred Stock liquidation preference $25000.00 per share,$20.52,0.03,0.146%,,United States,,19319,,
KIM^N,Kimco Realty Corporation Depositary Shares each representing 1/1000th interest in a share of 7.25% Class N Cumulative Convertible Perpetual Preferred Stock,$60.70,0.00,0.00%,,United States,,9,,
KINS,Kingstone Companies Inc. Common Stock,$15.51,-0.64,-3.963%,224535556.00,United States,,203611,Finance,Property-Casualty Insurers
KIO,KKR Income Opportunities Fund Common Shares,$11.23,-0.14,-1.231%,0.00,United States,2013,328256,Finance,Investment Managers
KITT,Nauticus Robotics Inc. Common stock,$2.22,-0.03,-1.333%,9678407.00,United States,2021,155164,Industrials,Industrial Machinery/Components
KITTW,Nauticus Robotics Inc. Warrant,$0.0349,0.001,2.95%,152152.00,United States,2021,59880,Industrials,Industrial Machinery/Components
KKR,KKR & Co. Inc. Common Stock,$102.52,2.18,2.173%,91401797653.00,United States,,5948663,Finance,Investment Managers
KKR^D,KKR & Co. Inc. 6.25% Series D Mandatory Convertible Preferred Stock,$44.14,0.69,1.588%,,United States,,149054,,
KKRS,KKR Group Finance Co. IX LLC 4.625% Subordinated Notes due 2061,$16.92,0.22,1.317%,15085041126.00,United States,2021,30293,Finance,Investment Managers
KKRT,KKR & Co. Inc. 6.875% Subordinated Notes due 2065,$25.24,0.01,0.04%,0.00,United States,2025,17941,Finance,Investment Managers
KLAC,KLA Corporation Common Stock,$1869.19,105.94,6.008%,244167655978.00,United States,1980,1289408,Technology,Electronic Components
KLAR,Klarna Group plc Ordinary Shares,$14.50,-0.22,-1.495%,10231845236.00,,2025,4466289,Finance,Finance: Consumer Services
KLC,KinderCare Learning Companies Inc. Common Stock,$3.92,0.00,0.00%,464238932.00,United States,2024,862124,Consumer Discretionary,Other Consumer Services
KLIC,Kulicke and Soffa Industries Inc. Common Stock,$102.66,4.51,4.595%,5371840133.00,Singapore,,1476658,Technology,Semiconductors
KLRA,Kailera Therapeutics Inc. Common Stock,$21.47,-1.00,-4.45%,2639710156.00,United States,2026,446221,Health Care,Biotechnology: Pharmaceutical Preparations
KLRS,Kalaris Therapeutics Inc. Common Stock,$5.08,-0.07,-1.359%,116800838.00,United States,2020,41401,Health Care,Biotechnology: Biological Products (No Diagnostic Substances)
KLTR,Kaltura Inc. Common Stock,$1.38,-0.02,-1.429%,207517144.00,United States,2021,422279,Technology,Computer Software: Prepackaged Software
KLXE,KLX Energy Services Holdings Inc. Common Stock,$3.39,0.13,3.988%,66677069.00,United States,,101233,Energy,Oilfield Services/Equipment
KMB,Kimberly-Clark Corporation Common Stock,$98.31,-1.25,-1.256%,32633056497.00,United States,,3180794,Consumer Discretionary,Containers/Packaging
KMDA,Kamada Ltd. Ordinary Shares,$8.55,0.29,3.511%,493215779.00,Israel,2013,38891,Health Care,Biotechnology: Pharmaceutical Preparations
KMI,Kinder Morgan Inc. Common Stock,$31.41,-0.11,-0.349%,69881777027.00,United States,2011,8884507,Utilities,Natural Gas Distribution
KMPB,Kemper Corporation 5.875% Fixed-Rate Reset Junior Subordinated Debentures due 2062,$24.08,0.40,1.689%,1417691507.00,United States,2022,123355,Finance,Property-Casualty Insurers
KMPR,Kemper Corporation,$30.29,0.89,3.027%,1783300487.00,United States,,1157741,Finance,Property-Casualty Insurers
KMRK,K-Tech Solutions Company Limited Class A Ordinary Shares,$2.85,-0.005,-0.175%,60135000.00,Hong Kong,2025,69283,Consumer Discretionary,Recreational Games/Products/Toys
KMT,Kennametal Inc. Common Stock,$36.10,-5.61,-13.45%,2751184718.00,United States,,3188851,Industrials,Industrial Machinery/Components
KMTS,Kestra Medical Technologies Ltd. Common Stock,$21.05,-0.47,-2.184%,1228759081.00,United States,2025,211988,Health Care,Medical/Dental Instruments
KMX,CarMax Inc,$40.34,0.43,1.077%,5721047643.00,United States,,2312356,Consumer Discretionary,Retail-Auto Dealers and Gas Stations
KN,Knowles Corporation Common Stock,$35.28,1.47,4.348%,3018580085.00,United States,2014,1162143,Consumer Staples,Consumer Electronics/Appliances
KNDI,Kandi Technologies Group Inc. Ordinary Shares,$0.7004,0.0193,2.834%,70330922.00,China,,73961,Industrials,Auto Manufacturing
KNF,Knife Riv Holding Co. Common Stock,$90.43,1.70,1.916%,5132251108.00,United States,2023,301416,Industrials,Mining & Quarrying of Nonmetallic Minerals (No Fuels)
KNOP,KNOT Offshore Partners LP Common Units representing Limited Partner Interests,$11.08,0.04,0.362%,372956589.00,United Kingdom,2013,37717,Consumer Discretionary,Marine Transportation
KNRX,KNOREX LTD. Class A Ordinary Shares,$0.9957,0.0056,0.566%,30292294.00,,2025,90485,Technology,Computer Software: Programming Data Processing
KNSA,Kiniksa Pharmaceuticals International plc Class A Ordinary Shares,$58.60,1.67,2.933%,4508567738.00,United States,2018,394319,Health Care,Biotechnology: Pharmaceutical Preparations
KNSL,Kinsale Capital Group Inc. Common Stock,$304.87,-3.96,-1.282%,7031161629.00,United States,,317669,Finance,Property-Casualty Insurers
KNTK,Kinetik Holdings Inc. Class A Common Stock,$47.54,-0.96,-1.979%,7708532084.00,United States,2022,1301090,Utilities,Natural Gas Distribution
KNX,Knight-Swift Transportation Holdings Inc.,$64.05,0.61,0.962%,10407740700.00,United States,2017,2020208,Industrials,Trucking Freight/Courier Services
KO,Coca-Cola Company (The) Common Stock,$78.42,-0.01,-0.013%,337531668614.00,United States,,12444680,Consumer Staples,Beverages (Production/Distribution)
KOD,Kodiak Sciences Inc Common Stock,$41.01,-2.67,-6.113%,2549004642.00,United States,2018,721523,Health Care,Biotechnology: Biological Products (No Diagnostic Substances)
KODK,Eastman Kodak Company Common New,$11.41,-2.74,-19.364%,1113713738.00,United States,,2953857,Consumer Discretionary,Industrial Machinery/Components
KOF,Coca Cola Femsa S.A.B. de C.V.  American Depositary Shares each representing 10 Units (each Unit consists of 3 Series B Shares and 5 Series L Shares),$105.77,-0.36,-0.339%,5555125756.00,Mexico,1993,94493,Consumer Staples,Beverages (Production/Distribution)
KOP,Koppers Holdings Inc. Common Stock,$43.99,2.83,6.876%,850644660.00,United States,2006,334050,Basic Materials,Forest Products
KOPN,Kopin Corporation Common Stock,$5.41,0.59,12.241%,992607140.00,United States,1992,15259346,Technology,Semiconductors
KORE,KORE Group Holdings Inc. Common Stock,$9.15,0.00,0.00%,160920464.00,United States,,2793,Telecommunications,Telecommunications Equipment
KOS,Kosmos Energy Ltd. Common Shares (DE),$2.75,-0.14,-4.844%,1631270504.00,Bermuda,2011,8086239,Energy,Oil & Gas Production
KOSS,Koss Corporation Common Stock,$4.16,-0.022,-0.526%,39380382.00,United States,,21261,Consumer Staples,Consumer Electronics/Appliances
KOYN,CSLM Digital Asset Acquisition Corp III Class A Ordinary Shares,$10.12,0.005,0.049%,0.00,United States,2025,226,,
KOYNU,CSLM Digital Asset Acquisition Corp III Units,$10.19,0.00,0.00%,0.00,United States,2025,100,,
KOYNW,CSLM Digital Asset Acquisition Corp III Warrants,$0.25,0.0097,4.037%,0.00,United States,2025,11500,,
KPLT,Katapult Holdings Inc. Common Stock,$6.73,-0.20,-2.886%,32068840.00,United States,2019,30339,Consumer Discretionary,Diversified Commercial Services
KPLTW,Katapult Holdings Inc. Warrant,$0.0014,-0.0004,-22.222%,6671.00,United States,2019,37676,Consumer Discretionary,Diversified Commercial Services
KPRX,Kiora Pharmaceuticals Inc.  Common Stock,$2.45,0.00,0.00%,10859478.00,United States,,40839,Health Care,Biotechnology: Pharmaceutical Preparations
KPTI,Karyopharm Therapeutics Inc. Common Stock,$8.64,-0.21,-2.373%,194842800.00,United States,2013,295455,Health Care,Biotechnology: Pharmaceutical Preparations
KR,Kroger Company (The) Common Stock,$65.64,-0.77,-1.159%,40212667979.00,United States,,3374133,Consumer Staples,Food Chains
KRAQ,KRAKacquisition Corp Class A Ordinary Shares,$9.89,-0.01,-0.101%,0.00,United States,2026,3257,,
KRAQU,KRAKacquisition Corp Unit,$10.04,0.00,0.00%,0.00,United States,2026,12,,
KRAQW,KRAKacquisition Corp Warrants,$0.50,0.00,0.00%,0.00,United States,2026,1838,,
KRC,Kilroy Realty Corporation Common Stock,$34.90,0.33,0.955%,4058130364.00,United States,1997,1296647,Real Estate,Real Estate Investment Trusts
KREF,KKR Real Estate Finance Trust Inc. Common Stock,$6.61,0.03,0.456%,425025756.00,United States,2017,762800,Real Estate,Real Estate Investment Trusts
KREF^A,KKR Real Estate Finance Trust Inc. 6.50% Series A Cumulative Redeemable Preferred Stock,$18.39,-0.059,-0.32%,,United States,,17925,,
KRG,Kite Realty Group Trust Common Stock,$26.63,-0.09,-0.337%,5407662253.00,United States,2004,1606038,Real Estate,Real Estate Investment Trusts
KRKR,36Kr Holdings Inc. American Depositary Shares,$3.60,-0.13,-3.485%,142114331.00,China,2019,59324,Real Estate,Real Estate
KRMD,KORU Medical Systems Inc. Common Stock (DE),$4.20,-0.24,-5.405%,192918600.00,United States,,146693,Health Care,Medical/Dental Instruments
KRMN,Karman Holdings Inc. Common Stock,$60.84,0.39,0.645%,8062900031.00,United States,2025,1750626,Industrials,Military/Government/Technical
KRNT,Kornit Digital Ltd. Ordinary Shares,$16.21,-0.08,-0.491%,751179132.00,Israel,2015,107525,Industrials,Industrial Machinery/Components
KRNY,Kearny Financial Corp Common Stock,$8.16,0.08,0.99%,528271472.00,United States,2005,424479,Finance,Savings Institutions
KRO,Kronos Worldwide Inc Common Stock,$7.29,0.24,3.404%,838737216.00,United States,,339674,Basic Materials,Major Chemicals
KROS,Keros Therapeutics Inc. Common Stock,$12.07,0.43,3.694%,238839193.00,United States,2020,394569,Health Care,Biotechnology: Pharmaceutical Preparations
KRP,Kimbell Royalty Partners Common Units Representing Limited Partner Interests,$14.55,0.04,0.276%,1569770807.00,United States,2017,748439,Energy,Oil & Gas Production
KRRO,Korro Bio Inc. Common Stock,$12.05,-0.84,-6.517%,173791981.00,United States,2019,252674,Health Care,Biotechnology: Pharmaceutical Preparations
KRSP,Rice Acquisition Corporation 3 Class A Ordinary Shares,$10.50,0.10,0.962%,0.00,,2025,230,,
KRT,Karat Packaging Inc. Common Stock,$28.07,-2.34,-7.695%,560381929.00,United States,2021,152395,Industrials,Plastic Products
KRUS,Kura Sushi USA Inc. Class A Common Stock,$57.30,1.00,1.776%,696073639.00,United States,2019,144147,Consumer Discretionary,Restaurants
KRYS,Krystal Biotech Inc. Common Stock,$305.71,9.01,3.037%,9012256207.00,United States,2017,470860,Health Care,Biotechnology: Biological Products (No Diagnostic Substances)
KSCP,Knightscope Inc. Class A Common Stock,$2.99,-0.04,-1.32%,48685910.00,United States,2022,477545,Telecommunications,Telecommunications Equipment
KSPI,Joint Stock Company Kaspi.kz American Depository Shares,$85.90,-0.79,-0.911%,16263744644.00,Kazakhstan,2024,605764,,
KSS,Kohl's Corporation Common Stock,$14.50,0.15,1.045%,1627670690.00,United States,1992,3829836,Consumer Discretionary,Department/Specialty Retail Stores
KT,KT Corporation Common Stock,$21.18,0.22,1.05%,10212786869.00,South Korea,,622027,Telecommunications,Telecommunications Equipment
KTB,Kontoor Brands Inc. Common Stock ,$73.65,-4.42,-5.662%,4069467485.00,United States,2019,1224575,Industrials,Garments and Clothing
KTCC,Key Tronic Corporation Common Stock,$3.39,0.14,4.308%,36812922.00,United States,1983,37201,Technology,Electrical Products
KTF,DWS Municipal Income Trust,$9.10,-0.0101,-0.111%,359458536.00,United States,1988,189516,Finance,Finance Companies
KTH,Structures Products Cp 8% CorTS Issued by Peco Energy Cap Tr II Preferred Stock,$28.15,0.00,0.00%,0.00,United States,,25,Finance,Finance: Consumer Services
KTN,Structured Products Corp 8.205% CorTS 8.205% Corporate Backed Trust Securities (CorTS),$26.11,0.00,0.00%,0.00,United States,,1549,Finance,Finance: Consumer Services
KTOS,Kratos Defense & Security Solutions Inc. Common Stock,$57.89,0.89,1.561%,10855531874.00,United States,,4310690,Industrials,Military/Government/Technical
KTTA,Pasithea Therapeutics Corp. Common Stock,$0.7953,-0.0447,-5.321%,19834741.00,United States,2021,187456,Health Care,Biotechnology: Pharmaceutical Preparations
KTTAW,Pasithea Therapeutics Corp. Warrant,$0.0062,-0.0018,-22.50%,154628.00,United States,2021,96185,Health Care,Biotechnology: Pharmaceutical Preparations
KTWO,K2 Capital Acquisition Corporation Class A Ordinary Share,$9.99,0.00,0.00%,200211188.00,Cayman Islands,2026,180,,
KTWOU,K2 Capital Acquisition Corporation Units,$10.11,0.00,0.00%,0.00,Cayman Islands,2026,5,,
KULR,KULR Technology Group Inc. Common Stock,$2.89,0.16,5.861%,133674176.00,United States,,1195569,Technology,Electrical Products
KURA,Kura Oncology Inc. Common Stock,$9.42,0.10,1.073%,836144672.00,United States,,889147,Health Care,Biotechnology: Pharmaceutical Preparations
KUST,Kustom Entertainment Inc. Common Stock,$3.745,-0.085,-2.219%,1972166.00,United States,,30030,Technology,Radio And Television Broadcasting And Communications Equipment
KVAC,Keen Vision Acquisition Corporation Ordinary Shares,$12.08,0.00,0.00%,0.00,United States,2023,67,,
KVACW,Keen Vision Acquisition Corporation Warrant,$0.0192,0.0032,20.00%,0.00,United States,2023,900,,
KVHI,KVH Industries Inc. Common Stock,$9.89,-0.31,-3.039%,192832757.00,United States,1996,95846,Technology,Radio And Television Broadcasting And Communications Equipment
KVUE,Kenvue Inc. Common Stock,$17.59,-0.13,-0.734%,33771327840.00,United States,2023,20211935,Consumer Discretionary,Specialty Chemicals
KVYO,Klaviyo Inc. Series A Common Stock,$15.21,-0.56,-3.551%,4552045956.00,United States,2023,13870410,Technology,Computer Software: Prepackaged Software
KW,Kennedy-Wilson Holdings Inc. Common Stock,$11.02,0.02,0.182%,1535122091.00,United States,,461465,Finance,Real Estate
KWM,K Wave Media Ltd. Ordinary Shares,$0.31,-0.0039,-1.242%,22705588.00,Cayman Islands,,317000,Consumer Discretionary,Movies/Entertainment
KWMWW,K Wave Media Ltd. Warrant,$0.0373,0.00,0.00%,2731995.00,Cayman Islands,,1000,Consumer Discretionary,Movies/Entertainment
KWR,Quaker Houghton Common Stock,$147.54,4.60,3.218%,2562245148.00,United States,,87610,Industrials,Major Chemicals
KXIN,Kaixin Holdings Ordinary Shares,$4.53,0.0335,0.745%,7491546.00,China,2017,831023,Consumer Discretionary,Retail-Auto Dealers and Gas Stations
KYIV,Kyivstar Group Ltd. Common Shares,$13.29,0.68,5.393%,3068177563.00,United Arab Emirates,,1372191,Telecommunications,Telecommunications Equipment
KYIVW,Kyivstar Group Ltd. Warrant,$5.00,0.21,4.384%,1154318120.00,United Arab Emirates,,34112,Telecommunications,Telecommunications Equipment
KYMR,Kymera Therapeutics Inc. Common Stock,$86.08,1.45,1.713%,7080733175.00,United States,2020,446141,Health Care,Biotechnology: Biological Products (No Diagnostic Substances)
KYN,Kayne Anderson Energy Infrastructure Fund Inc.,$13.61,-0.14,-1.018%,1852750123.00,United States,2004,332653,Finance,Finance/Investors Services
KYNB,Kyntra Bio Inc. Common Stock,$6.95,-0.15,-2.113%,28134378.00,United States,2014,4883,Health Care,Biotechnology: Pharmaceutical Preparations
KYTX,Kyverna Therapeutics Inc. Common Stock,$9.35,0.05,0.538%,565958240.00,United States,2024,458981,Health Care,Biotechnology: Biological Products (No Diagnostic Substances)
KZIA,Kazia Therapeutics Limited American Depositary Shares,$14.44,1.03,7.681%,165004422.00,Australia,,386414,Health Care,Biotechnology: Pharmaceutical Preparations
KZR,Kezar Life Sciences Inc. Common Stock,$7.29,-0.07,-0.951%,53738432.00,United States,2018,616016,Health Care,Biotechnology: Pharmaceutical Preparations
L,Loews Corporation Common Stock,$104.50,0.09,0.086%,21502847229.00,United States,,1005580,Finance,Property-Casualty Insurers
LAB,Standard BioTools Inc. Common Stock,$1.02,0.02,2.00%,398175481.00,United States,2011,1135685,Industrials,Biotechnology: Laboratory Analytical Instruments
LABT,Lakewood-Amedex Biotherapeutics Inc. Common Stock,$3.10,-0.20,-6.061%,44393135.00,United States,,152103,Health Care,Biotechnology: Pharmaceutical Preparations
LAC,Lithium Americas Corp. Common Shares,$5.57,-0.09,-1.59%,1750651000.00,Canada,2023,11087923,Basic Materials,Metal Mining
LAD,Lithia Motors Inc. Common Stock,$293.99,2.89,0.993%,6704683022.00,United States,,163896,Consumer Discretionary,Retail-Auto Dealers and Gas Stations
LADR,Ladder Capital Corp Class A Common Stock,$10.26,0.00,0.00%,1309874542.00,United States,2014,416253,Real Estate,Real Estate Investment Trusts
LAES,SEALSQ Corp Ordinary Shares,$2.92,-0.13,-4.262%,650500077.00,Switzerland,,11026419,Technology,Semiconductors
LAFA,LaFayette Acquisition Corp. Ordinary Share,$10.01,-0.02,-0.199%,0.00,France,2025,26595,,
LAFAR,LaFayette Acquisition Corp. Rights,$0.12,0.00,0.00%,0.00,France,2025,88,,
LAKE,Lakeland Industries Inc. Common Stock,$10.64,-0.20,-1.845%,114094901.00,United States,1986,260172,Health Care,Industrial Specialties
LAMR,Lamar Advertising Company Class A Common Stock,$157.93,6.73,4.451%,16020662570.00,United States,1996,1346992,Real Estate,Real Estate Investment Trusts
LAND,Gladstone Land Corporation Common Stock,$9.73,-0.02,-0.205%,416799855.00,United States,2013,437114,Real Estate,Real Estate Investment Trusts
LANDO,Gladstone Land Corporation 6.00% Series B Cumulative Redeemable Preferred Stock,$21.27,0.175,0.83%,911133908.00,United States,,8548,Real Estate,Real Estate Investment Trusts
LANDP,Gladstone Land Corporation 6.00% Series C Cumulative Redeemable Preferred Stock,$20.7799,0.0899,0.435%,890139703.00,United States,,6618,Real Estate,Real Estate Investment Trusts
LANV,Lanvin Group Holdings Limited Ordinary Shares,$1.64,-0.032,-1.914%,205977299.00,Cayman Islands,2022,6916,Consumer Discretionary,Apparel
LAR,Lithium Argentina AG Common Shares,$11.68,0.31,2.726%,1913184000.00,Canada,2023,3182211,Basic Materials,Metal Mining
LARK,Landmark Bancorp Inc. Common Stock,$28.04,0.02,0.071%,170997005.00,United States,,10021,Finance,Major Banks
LASE,Laser Photonics Corporation Common Stock,$0.8731,0.1495,20.661%,33673950.00,United States,2022,2768037,Miscellaneous,Industrial Machinery/Components
LASR,nLIGHT Inc. Common Stock,$73.91,7.72,11.663%,4169001385.00,United States,2018,3788197,Technology,Semiconductors
LATA,Galata Acquisition Corp. II Class A Ordinary Shares,$10.05,0.01,0.10%,0.00,United States,2025,1618,Finance,Blank Checks
LAUR,Laureate Education Inc. Common Stock,$32.81,0.64,1.989%,4592687662.00,United States,2017,944431,Real Estate,Other Consumer Services
LAW,CS Disco Inc. Common Stock,$4.12,0.11,2.743%,264233753.00,United States,2021,638646,Technology,Computer Software: Prepackaged Software
LAZ,Lazard Inc. Common Stock,$48.08,1.64,3.531%,5369923220.00,Bermuda,2005,1821070,Finance,Investment Managers
LB,LandBridge Company LLC Class A Shares Representing Limited Liability Company Interests,$64.98,1.01,1.579%,5004564920.00,,2024,277087,Energy,Oil & Gas Production
LBGJ,Li Bang International Corporation Inc. Class A Ordinary Shares,$0.913,-0.0352,-3.712%,1266769.00,China,2024,43826,Industrials,Industrial Machinery/Components
LBRDA,Liberty Broadband Corporation Class A Common Stock,$36.04,-1.26,-3.378%,5171658189.00,United States,,198657,Telecommunications,Cable & Other Pay Television Services
LBRDK,Liberty Broadband Corporation Class C Common Stock,$36.10,-1.27,-3.398%,5180268053.00,United States,,1300644,Telecommunications,Cable & Other Pay Television Services
LBRDP,Liberty Broadband Corporation Series A Cumulative Redeemable Preferred Stock,$22.16,0.07,0.317%,3179909697.00,United States,,10582,Telecommunications,Cable & Other Pay Television Services
LBRT,Liberty Energy Inc. Class A common stock,$33.11,1.43,4.514%,5403267784.00,United States,2018,3309587,Energy,Oilfield Services/Equipment
LBRX,LB Pharmaceuticals Inc Common Stock,$31.97,-0.01,-0.031%,916760115.00,United States,2025,69608,Health Care,Biotechnology: Pharmaceutical Preparations
LBTYA,Liberty Global Ltd. Class A Common Shares,$12.15,-0.12,-0.978%,4107872463.00,United Kingdom,,1306410,Telecommunications,Cable & Other Pay Television Services
LBTYB,Liberty Global Ltd. Class B Common Shares,$16.05,0.00,0.00%,5426448809.00,United Kingdom,,217,Telecommunications,Cable & Other Pay Television Services
LBTYK,Liberty Global Ltd. Class C Common Shares,$11.82,-0.11,-0.922%,3996300618.00,United Kingdom,,780084,Telecommunications,Cable & Other Pay Television Services
LC,LendingClub Corporation Common Stock,$16.64,-0.05,-0.30%,1919439392.00,United States,2014,1998361,Finance,Finance: Consumer Services
LCCC,Lakeshore Acquisition III Corp. Ordinary Shares,$10.35,0.00,0.00%,0.00,United States,2025,511,Finance,Blank Checks
LCCCR,Lakeshore Acquisition III Corp. Rights,$0.11,0.00,0.00%,0.00,United States,2025,10,Finance,Blank Checks
LCFY,Locafy Limited Ordinary Share,$4.275,0.1549,3.76%,7690960.00,Australia,2022,8777,Technology,Computer Software: Programming Data Processing
LCFYW,Locafy Limited Warrant,$2.36,0.00,0.00%,4245770.00,Australia,2022,201,Technology,Computer Software: Programming Data Processing
LCID,Lucid Group Inc. Common Stock,$6.34,0.29,4.793%,2474228163.00,United States,,12950369,Industrials,Auto Manufacturing
LCII,LCI Industries,$118.82,2.39,2.053%,2885567702.00,United States,1995,205410,Consumer Discretionary,Auto Parts:O.E.M.
LCNB,LCNB Corporation Common Stock,$16.35,0.07,0.43%,232922214.00,United States,,12808,Finance,Major Banks
LCTX,Lineage Cell Therapeutics Inc. Common Stock,$1.37,0.00,0.00%,341538664.00,United States,,1166498,Health Care,Biotechnology: Biological Products (No Diagnostic Substances)
LCUT,Lifetime Brands Inc. Common Stock,$5.91,-1.28,-17.803%,135073097.00,United States,1991,96869,Consumer Discretionary,Industrial Machinery/Components
LDI,loanDepot Inc. Class A Common Stock,$1.40,-0.01,-0.709%,471831284.00,United States,2021,2629067,Finance,Finance: Consumer Services
LDOS,Leidos Holdings Inc. Common Stock,$130.11,-1.15,-0.876%,16365946981.00,United States,,1516876,Technology,EDP Services
LDP,Cohen & Steers Limited Duration Preferred and Income Fund Inc.,$21.07,0.12,0.573%,0.00,United States,2012,42771,Finance,Finance Companies
LE,Lands' End Inc. Common Stock,$11.53,-0.03,-0.26%,353739132.00,United States,,150224,Consumer Discretionary,Clothing/Shoe/Accessory Stores
LEA,Lear Corporation Common Stock,$139.69,4.40,3.252%,6997784379.00,United States,,569071,Consumer Discretionary,Auto Parts:O.E.M.
LECO,Lincoln Electric Holdings Inc. Common Shares,$271.11,-0.01,-0.004%,14853333392.00,United States,,287671,Industrials,Industrial Machinery/Components
LEDS,SemiLEDS Corporation Common Stock,$2.08,0.05,2.463%,17175918.00,Taiwan,2010,45236,Technology,Semiconductors
LEE,Lee Enterprises Incorporated Common Stock,$7.98,-0.02,-0.25%,177394913.00,United States,,7767,Consumer Discretionary,Newspapers/Magazines
LEG,Leggett & Platt Incorporated Common Stock,$10.06,-0.24,-2.33%,1371941081.00,United States,,2362981,Consumer Discretionary,Home Furnishings
LEGH,Legacy Housing Corporation Common Stock (TX),$23.28,1.71,7.928%,554351298.00,United States,2018,200235,Consumer Discretionary,Homebuilding
LEGN,Legend Biotech Corporation American Depositary Shares,$28.12,-0.45,-1.575%,5200952822.00,United States,2020,2600739,Health Care,Biotechnology: Pharmaceutical Preparations
LEGO,Legato Merger Corp. IV Ordinary Shares,$9.85,0.00,0.00%,298524305.00,,2026,3,Industrials,Steel/Iron Ore
LEGT,Legato Merger Corp. III Ordinary Shares,$11.09,0.03,0.271%,0.00,,2024,9026,,
LEN,Lennar Corporation Class A Common Stock,$88.38,0.64,0.729%,21767843400.00,United States,,1501696,Consumer Discretionary,Homebuilding
LENZ,LENZ Therapeutics Inc. Common Stock,$10.06,0.34,3.498%,315425204.00,United States,2021,640173,Health Care,Biotechnology: Biological Products (No Diagnostic Substances)
LEO,BNY Mellon Strategic Municipals Inc. Common Stock,$6.50,0.06,0.932%,404890551.00,United States,1987,220251,Finance,Trusts Except Educational Religious and Charitable
LESL,Leslie's Inc. Common Stock,$1.61,0.18,12.587%,14999686.00,United States,2020,91297,Consumer Discretionary,Other Specialty Stores
LEU,Centrus Energy Corp. Class A Common Stock,$207.33,1.03,0.499%,4078760380.00,United States,2014,729734,Industrials,Mining & Quarrying of Nonmetallic Minerals (No Fuels)
LEVI,Levi Strauss & Co Class A Common Stock,$22.67,-0.08,-0.352%,8718797010.00,United States,2019,1983563,Consumer Discretionary,Apparel
LEXX,Lexaria Bioscience Corp. Common Stock,$0.6098,-0.0309,-4.823%,15115385.00,Canada,,269540,Health Care,Biotechnology: Pharmaceutical Preparations
LFCR,Lifecore Biomedical Inc. Common Stock,$4.79,0.02,0.419%,179670060.00,United States,,202727,Health Care,Biotechnology: Pharmaceutical Preparations
LFMD,LifeMD Inc. Common Stock,$4.78,0.29,6.459%,231172798.00,United States,,840926,Health Care,Medical/Nursing Services
LFMDP,LifeMD Inc. 8.875% Series A Cumulative Perpetual Preferred Stock,$23.62,-0.095,-0.401%,1142322486.00,United States,,2259,Health Care,Medical/Nursing Services
LFS,LEIFRAS Co. Ltd. American Depositary Shares  ,$2.16,-0.06,-2.703%,56506937.00,Japan,2025,27882,Consumer Discretionary,Other Consumer Services
LFST,LifeStance Health Group Inc. Common Stock,$7.70,-1.15,-12.994%,2986273113.00,United States,2021,24975721,Health Care,Medical/Nursing Services
LFT,Lument Finance Trust Inc. Common Stock,$1.18,0.02,1.724%,61878566.00,United States,2013,99683,Real Estate,Real Estate Investment Trusts
LFT^A,Lument Finance Trust Inc. 7.875% Series A Cumulative Redeemable Preferred Stock,$19.76,0.00,0.00%,,United States,,9,,
LFUS,Littelfuse Inc. Common Stock,$457.03,15.45,3.499%,11557787795.00,United States,,335551,Energy,Electrical Products
LFVN,Lifevantage Corporation Common Stock (Delaware),$5.34,0.32,6.375%,67368489.00,United States,,289491,Health Care,Biotechnology: Pharmaceutical Preparations
LFWD,Lifeward Ltd. Ordinary Shares,$6.30,-0.46,-6.805%,17505086.00,Israel,2014,18496,Health Care,Industrial Specialties
LGCB,Linkage Global Inc. Class A Ordinary Shares,$0.67,-0.045,-6.294%,7478890.00,Japan,2023,80320,Consumer Discretionary,Catalog/Specialty Distribution
LGCL,Lucas GC Limited Ordinary Shares,$1.795,0.005,0.279%,76808775.00,China,2024,1773,Technology,Computer Software: Programming Data Processing
LGCY,Legacy Education Inc. Common Stock,$11.70,0.41,3.632%,147573106.00,,2024,68141,Real Estate,Other Consumer Services
LGHL,Lion Group Holding Ltd. American Depositary Share,$0.7459,-0.0371,-4.738%,3480680.00,China,,68678,Finance,Investment Bankers/Brokers/Service
LGI,Lazard Global Total Return and Income Fund Common Stock,$17.95,0.15,0.843%,0.00,United States,2004,91300,,
LGIH,LGI Homes Inc. Common Stock,$46.67,0.38,0.821%,1084250461.00,United States,2013,208968,Consumer Discretionary,Homebuilding
LGL,LGL Group Inc. (The) Common Stock,$7.00,-0.15,-2.098%,45783045.00,United States,1946,7305,Technology,Industrial Machinery/Components
LGN,Legence Corp. Class A Common stock,$99.89,2.45,2.514%,10791909027.00,United States,2025,1510545,Consumer Discretionary,Engineering & Construction
LGND,Ligand Pharmaceuticals Incorporated Common Stock,$221.41,11.08,5.268%,4436687531.00,United States,,250044,Health Care,Biotechnology: Pharmaceutical Preparations
LGO,Largo Inc. Common Shares,$1.14,-0.02,-1.724%,95388360.00,Canada,,759093,Industrials,Mining & Quarrying of Nonmetallic Minerals (No Fuels)
LGPS,LogProstyle Inc. Common Shares,$0.7078,-0.0122,-1.694%,16740963.00,,2025,31533,Consumer Discretionary,Homebuilding
LGVN,Longeveron Inc. Class A Common Stock,$0.8452,-0.0066,-0.775%,19665906.00,United States,2021,435757,Health Care,Biotechnology: Pharmaceutical Preparations
LH,Labcorp Holdings Inc. Common Stock,$254.12,-3.93,-1.523%,20837840000.00,United States,,581612,Health Care,Medical Specialities
LHAI,Linkhome Holdings Inc. Common stock,$1.32,-0.02,-1.493%,21423600.00,United States,2025,281035,Finance,Real Estate
LHSW,Lianhe Sowell International Group Ltd Class A Ordinary Shares,$0.2193,-0.0128,-5.515%,11403600.00,China,2025,326107,Technology,Computer Software: Prepackaged Software
LHX,L3Harris Technologies Inc. Common Stock,$299.64,-1.54,-0.511%,55821419118.00,United States,,1189707,Industrials,Industrial Machinery/Components
LI,Li Auto Inc. American Depositary Shares,$18.00,0.40,2.273%,19228599054.00,China,2020,2649585,Industrials,Auto Manufacturing
LICN,Lichen International Limited Class A Ordinary Shares,$6.88,0.94,15.825%,113085356.00,China,2023,101690,Consumer Discretionary,Professional Services
LIDR,AEye Inc. Class A Common Stock,$1.99,0.10,5.291%,90238379.00,United States,2021,1103708,Consumer Discretionary,Auto Parts:O.E.M.
LIDRW,AEye Inc. Warrant,$0.0371,-0.0107,-22.385%,1682334.00,United States,2021,27489,Consumer Discretionary,Auto Parts:O.E.M.
LIEN,Chicago Atlantic BDC Inc. Common Stock,$9.01,-0.33,-3.533%,205616814.00,United States,2022,95031,Finance,Finance: Consumer Services
LIF,Life360 Inc. Common Stock,$44.05,0.04,0.091%,3554311818.00,United States,2024,701301,Technology,EDP Services
LIFE,Ethos Technologies Inc. Class A Common Stock,$29.75,-0.84,-2.746%,1870372177.00,United States,2026,559278,Finance,Specialty Insurers
LII,Lennox International Inc. Common Stock,$521.25,-5.36,-1.018%,18139483320.00,United States,1999,244598,Industrials,Industrial Machinery/Components
LILA,Liberty Latin America Ltd. Class A Common Stock,$7.63,-0.18,-2.305%,1541580712.00,United States,,474281,Telecommunications,Cable & Other Pay Television Services
LILAK,Liberty Latin America Ltd. Class C Common Stock,$7.82,-0.17,-2.128%,1579968698.00,United States,,891023,Telecommunications,Cable & Other Pay Television Services
LIMN,Liminatus Pharma Inc. Class A Common Stock,$0.2028,0.0023,1.147%,9101184.00,United States,,702980,,
LIMNW,Liminatus Pharma Inc. Warrants,$0.0601,-0.0001,-0.166%,0.00,United States,,8976,,
LIN,Linde plc Ordinary Shares,$493.16,-0.69,-0.14%,228135588653.00,United States,,1686200,Basic Materials,Major Chemicals
LINC,Lincoln Educational Services Corporation Common Stock,$44.75,0.65,1.474%,1418422045.00,United States,2005,767313,Real Estate,Other Consumer Services
LIND,Lindblad Expeditions Holdings Inc. Common Stock,$21.10,-0.05,-0.236%,1383554810.00,United States,2013,773120,Consumer Discretionary,Transportation Services
LINE,Lineage Inc. Common Stock,$39.96,-0.01,-0.025%,9097867625.00,United States,2024,1273387,Real Estate,Real Estate Investment Trusts
LINK,Interlink Electronics Inc. Common Stock,$3.56,-0.14,-3.784%,56070025.00,United States,,69494,Technology,Computer peripheral equipment
LION,Lionsgate Studios Corp Common Shares,$12.24,-0.14,-1.131%,3551891842.00,Canada,2025,3261148,Consumer Discretionary,Movies/Entertainment
LIQT,LiqTech International Inc. Common Stock,$2.27,-0.0373,-1.617%,22581599.00,Denmark,,13975,Technology,Industrial Machinery/Components
LITB,LightInTheBox Holding Co. Ltd. American Depositary Shares each representing twelve ordinary shares,$2.56,0.02,0.787%,45935270.00,China,,5522,Consumer Discretionary,Catalog/Specialty Distribution
LITE,Lumentum Holdings Inc. Common Stock,$903.80,11.22,1.257%,70315640000.00,United States,,6708781,Telecommunications,Telecommunications Equipment
LITS,Lite Strategy Inc. Common Stock,$1.22,0.08,7.018%,44361639.00,United States,2003,969348,Health Care,Biotechnology: Pharmaceutical Preparations
LIVE,Live Ventures Incorporated Common Stock,$13.25,0.08,0.607%,40699442.00,United States,,2832,Consumer Discretionary,Other Specialty Stores
LIVN,LivaNova PLC Ordinary Shares,$71.86,0.935,1.318%,3947524041.00,United Kingdom,,921226,Health Care,Biotechnology: Electromedical & Electrotherapeutic Apparatus
LIXT,Lixte Biotechnology Holdings Inc. Common Stock,$5.16,0.23,4.665%,59948591.00,United States,,124372,Health Care,Biotechnology: Pharmaceutical Preparations
LKFN,Lakeland Financial Corporation Common Stock,$61.55,-1.05,-1.677%,1533431218.00,United States,,186176,Finance,Major Banks
LKFT,Lakefront Biotherapeutics American Depositary Shares,$28.59,28.59,,1883997260.00,Belgium,2015,88700,,
LKQ,LKQ Corporation Common Stock,$28.89,0.18,0.627%,7360907223.00,United States,2003,2527058,Consumer Discretionary,Motor Vehicles
LKSP,Lake Superior Acquisition Corp. Class A Ordinary Shares,$10.11,0.01,0.099%,0.00,United States,2025,8591,,
LKSPR,Lake Superior Acquisition Corp. Rights,$0.92,-0.205,-18.222%,0.00,United States,2025,14839,,
LKSPU,Lake Superior Acquisition Corp. Units,$10.24,0.06,0.589%,0.00,United States,2025,145,,
LLY,Eli Lilly and Company Common Stock,$948.45,-26.51,-2.719%,893194636521.00,United States,,3554853,Health Care,Biotechnology: Pharmaceutical Preparations
LLYVA,Liberty Live Holdings Inc. Series A Liberty Live Group Common Stock,$93.59,-1.80,-1.887%,8603884902.00,United States,,100781,Consumer Discretionary,Services-Misc. Amusement & Recreation
LLYVK,Liberty Live Holdings Inc. Series C Liberty Live Group Common Stock,$95.75,-1.66,-1.704%,8802457307.00,United States,,226624,Consumer Discretionary,Services-Misc. Amusement & Recreation
LMAT,LeMaitre Vascular Inc. Common Stock,$107.94,0.03,0.028%,2466508768.00,United States,2006,236539,Health Care,Medical/Dental Instruments
LMB,Limbach Holdings Inc. Common Stock,$71.74,-2.39,-3.224%,855217347.00,United States,,721605,Consumer Discretionary,Engineering & Construction
LMFA,LM Funding America Inc. Common Stock,$0.235,-0.0012,-0.508%,3810943.00,United States,2015,296181,Finance,Finance: Consumer Services
LMND,Lemonade Inc. Common Stock,$55.01,0.58,1.066%,4225911603.00,United States,2020,1582953,Finance,Property-Casualty Insurers
LMNR,Limoneira Co Common Stock,$12.88,-0.09,-0.694%,233216576.00,United States,,104405,Consumer Staples,Farming/Seeds/Milling
LMRI,Lumexa Imaging Holdings Inc. Common Stock,$10.42,0.18,1.758%,1001466606.00,United States,2025,369862,Health Care,Medical Specialities
LMT,Lockheed Martin Corporation Common Stock,$506.51,-5.90,-1.151%,116782773088.00,United States,,1292865,Industrials,Military/Government/Technical
LNAI,Lunai Bioworks Inc. Common Stock,$0.33,-0.003,-0.901%,11969469.00,United States,,1189124,Health Care,Biotechnology: Pharmaceutical Preparations
LNC,Lincoln National Corporation Common Stock,$35.80,-0.14,-0.39%,6805236535.00,United States,,2717903,Finance,Life Insurance
LNC^D,Lincoln National Corporation Depositary Shares Each Representing a 1/1000th Interest in a Share of 9.000% Non-Cumulative Preferred Stock Series D,$26.61,-0.0882,-0.33%,,United States,,72957,,
LND,Brasilagro Brazilian Agric Real Estate Co Sponsored ADR (Brazil),$3.81,-0.03,-0.781%,391223922.00,Brazil,,56308,Consumer Staples,Farming/Seeds/Milling
LNG,Cheniere Energy Inc. Common Stock,$240.11,-6.67,-2.703%,50455972980.00,United States,2001,2660408,Utilities,Oil/Gas Transmission
LNKS,Linkers Industries Limited Class A Ordinary Shares,$1.42,-0.11,-7.19%,2281390.00,Malaysia,2024,194744,Technology,Electrical Products
LNN,Lindsay Corporation Common Stock,$109.37,-2.97,-2.644%,1136972787.00,United States,,298163,Industrials,Industrial Machinery/Components
LNSR,LENSAR Inc. Common Stock,$5.64,0.41,7.839%,68219359.00,United States,,153771,Health Care,Medical/Dental Instruments
LNT,Alliant Energy Corporation Common Stock,$71.76,0.07,0.098%,18533960175.00,United States,,2582775,Utilities,Power Generation
LNTH,Lantheus Holdings Inc. Common Stock,$93.06,2.06,2.264%,6046257468.00,United States,2015,1540306,Health Care,Biotechnology: In Vitro & In Vivo Diagnostic Substances
LNZA,LanzaTech Global Inc. Common Stock,$24.56,1.91,8.433%,247789843.00,United States,2021,12216,Industrials,Major Chemicals
LNZAW,LanzaTech Global Inc. Warrant,$0.0153,-0.0012,-7.273%,154364.00,United States,2021,18099,Industrials,Major Chemicals
LOAN,Manhattan Bridge Capital Inc,$4.27,0.04,0.946%,48803329.00,United States,,46207,Real Estate,Real Estate Investment Trusts
LOAR,Loar Holdings Inc. Common Stock,$59.80,-0.30,-0.499%,5598743366.00,United States,2024,1837442,Industrials,Military/Government/Technical
LOB,Live Oak Bancshares Inc. Common Stock,$37.70,0.07,0.186%,1744092141.00,United States,2022,121493,Finance,Major Banks
LOB^A,Live Oak Bancshares Inc. Depositary Shares Each Representing a 1/40th Interest in a Share of 8.375% Fixed Rate Series A Non-Cumulative Perpetual Preferred Stock,$25.37,0.07,0.277%,,United States,,2954,,
LOBO,LOBO TECHNOLOGIES LTD. Class A Ordinary Shares,$0.5551,-0.0671,-10.784%,7683660.00,China,2024,210484,Consumer Discretionary,Motor Vehicles
LOCL,Local Bounti Corporation Common Stock,$1.53,-0.05,-3.165%,34876653.00,,2021,48255,Consumer Staples,Farming/Seeds/Milling
LOCO,El Pollo Loco Holdings Inc. Common Stock,$14.00,0.49,3.627%,420802018.00,United States,2014,1063409,Consumer Discretionary,Restaurants
LODE,Comstock Inc. Common Stock,$2.94,-0.36,-10.909%,223184467.00,United States,,4042492,Industrials,Major Chemicals
LOGI,Logitech International S.A. Ordinary Shares,$109.39,6.18,5.988%,16035364803.00,United States,1997,1911849,Technology,Computer peripheral equipment
LOKV,Live Oak Acquisition Corp. V Class A Ordinary Shares,$10.465,0.0051,0.049%,0.00,United States,2025,548,,
LOKVU,Live Oak Acquisition Corp. V Units,$11.50,0.00,0.00%,0.00,United States,2025,49,Finance,Blank Checks
LOKVW,Live Oak Acquisition Corp. V Warrants,$1.73,0.11,6.79%,0.00,United States,2025,106,,
LOMA,Loma Negra Compania Industrial Argentina Sociedad Anonima ADS,$11.02,-0.08,-0.721%,1285996863.00,Argentina,2017,305223,Industrials,Building Materials
LONA,LeonaBio Inc. Common Stock,$10.04,0.18,1.826%,94310881.00,United States,2020,80951,Health Care,Biotechnology: Biological Products (No Diagnostic Substances)
LOOP,Loop Industries Inc. Common Stock,$1.45,0.04,2.837%,70089455.00,Canada,,35019,Industrials,Major Chemicals
LOPE,Grand Canyon Education Inc. Common Stock,$166.09,1.61,0.979%,4403759423.00,United States,2008,286904,Real Estate,Other Consumer Services
LOT,Lotus Technology Inc. American Depositary Shares,$1.20,-0.01,-0.826%,770507850.00,China,,117853,Industrials,Auto Manufacturing
LOTWW,Lotus Technology Inc. Warrants,$0.07,0.01,16.667%,44946291.00,China,,241,Industrials,Auto Manufacturing
LOVE,The Lovesac Company Common Stock,$15.96,0.34,2.177%,235887204.00,United States,2018,118237,Consumer Discretionary,Other Specialty Stores
LOW,Lowe's Companies Inc. Common Stock,$229.20,-1.68,-0.728%,128366537927.00,United States,,1746347,Consumer Discretionary,RETAIL: Building Materials
LPA,Logistic Properties of the Americas Ordinary Shares,$3.40,0.13,3.976%,107500571.00,,2024,40493,Finance,Real Estate
LPAA,Launch One Acquisition Corp. Class A Ordinary shares,$10.79,0.01,0.093%,0.00,United States,2024,2643,,
LPAAW,Launch One Acquisition Corp. Warrant,$0.1101,0.00,0.00%,0.00,United States,2024,2383,Finance,Blank Checks
LPBB,Launch Two Acquisition Corp. Class A Ordinary Shares,$10.62,0.00,0.00%,0.00,United States,2024,65,,
LPBBW,Launch Two Acquisition Corp. Warrant,$0.17,0.00,0.00%,0.00,United States,2024,7,,
LPCN,Lipocine Inc. Common Stock,$2.37,-0.02,-0.837%,17716023.00,United States,,188499,Health Care,Biotechnology: Pharmaceutical Preparations
LPG,Dorian LPG Ltd. Common Stock,$40.29,0.48,1.206%,1722159910.00,United States,2014,457983,Consumer Discretionary,Marine Transportation
LPL,LG Display Co Ltd AMERICAN DEPOSITORY SHARES,$4.39,0.07,1.62%,2195000000.00,South Korea,2004,1293670,Technology,Industrial Machinery/Components
LPLA,LPL Financial Holdings Inc. Common Stock,$303.52,-6.10,-1.97%,24276397971.00,United States,2010,1133538,Finance,Investment Bankers/Brokers/Service
LPRO,Open Lending Corporation Common Stock,$1.90,0.28,17.284%,224612456.00,United States,,2432473,Finance,Finance: Consumer Services
LPSN,LivePerson Inc. Common Stock,$2.53,-0.15,-5.597%,30495616.00,United States,2000,117847,Technology,Computer Software: Prepackaged Software
LPTH,LightPath Technologies Inc. Class A Common Stock,$11.51,-0.52,-4.323%,664226021.00,United States,1996,5768677,Technology,Semiconductors
LPX,Louisiana-Pacific Corporation Common Stock,$75.15,-0.34,-0.45%,5250345732.00,United States,,1487367,Basic Materials,Forest Products
LQDA,Liquidia Corporation Common Stock,$42.30,0.02,0.047%,3760200168.00,United States,2018,1507711,Health Care,Biotechnology: Pharmaceutical Preparations
LQDT,Liquidity Services Inc. Common Stock,$36.19,-0.06,-0.166%,1122392353.00,United States,2006,166852,Real Estate,Real Estate
LRCX,Lam Research Corporation Common Stock,$294.05,7.53,2.628%,367730402550.00,United States,1984,8990984,Technology,Industrial Machinery/Components
LRE,Lead Real Estate Co. Ltd American Depositary Shares,$1.30,-0.0004,-0.031%,17734470.00,Japan,2023,998,Consumer Discretionary,Homebuilding
LRHC,La Rosa Holdings Corp. Common Stock,$1.61,-0.19,-10.556%,86135.00,United States,2023,256520,Finance,Real Estate
LRMR,Larimar Therapeutics Inc. Common Stock,$3.97,-0.03,-0.75%,412415260.00,United States,2014,1496797,Health Care,Biotechnology: Pharmaceutical Preparations
LRN,Stride Inc. Common Stock,$87.93,-3.73,-4.069%,3739209181.00,United States,,1388901,Real Estate,Other Consumer Services
LSAK,Lesaka Technologies Inc. Common Stock,$4.86,-0.11,-2.213%,416678044.00,South Africa,,29482,Finance,Investment Bankers/Brokers/Service
LSBK,Lake Shore Bancorp Inc. Common Stock,$15.90,0.0575,0.363%,125027869.00,United States,2006,16224,Finance,Savings Institutions
LSCC,Lattice Semiconductor Corporation Common Stock,$127.19,7.27,6.062%,17426029332.00,United States,,2790834,Technology,Semiconductors
LSE,Leishen Energy Holding Co. Ltd. Class A Ordinary Shares,$4.935,-0.015,-0.303%,84018375.00,China,2024,4360,Consumer Discretionary,Oil and Gas Field Machinery
LSF,Laird Superfood Inc. Common Stock,$3.05,-0.10,-3.175%,33321915.00,,2020,36115,Consumer Staples,Packaged Foods
LSH,Lakeside Holding Limited Common Stock,$0.617,0.0055,0.899%,21241804.00,United States,2024,31455,,
LSPD,Lightspeed Commerce Inc. Subordinate Voting Shares,$9.86,0.08,0.818%,1353787259.00,Canada,,619207,Technology,Computer Software: Prepackaged Software
LSTA,Lisata Therapeutics Inc. Common Stock,$3.15,-0.08,-2.477%,28451717.00,United States,,19851,Health Care,Misc Health and Biotechnology Services
LSTR,Landstar System Inc. Common Stock,$183.39,1.44,0.791%,6222094432.00,United States,1993,321922,Industrials,Trucking Freight/Courier Services
LTBR,Lightbridge Corporation Common Stock,$13.43,-0.19,-1.395%,472025029.00,United States,,829445,Consumer Discretionary,Professional Services
LTC,LTC Properties Inc. Common Stock,$39.12,0.50,1.295%,2002218559.00,United States,,491845,Real Estate,Real Estate Investment Trusts
LTH,Life Time Group Holdings Inc. Common Stock,$31.93,-0.26,-0.808%,7107705424.00,United States,2021,8677699,Consumer Discretionary,Hotels/Resorts
LTM,LATAM Airlines Group S.A. American Depositary Shares (each representing two thousand (2000) shares of Common Stock),$51.17,-0.65,-1.254%,14691315951.00,Chile,2024,1076862,Consumer Discretionary,Air Freight/Delivery Services
LTRN,Lantern Pharma Inc. Common Stock,$2.10,0.06,2.941%,23634864.00,United States,2020,118017,Health Care,Biotechnology: Pharmaceutical Preparations
LTRX,Lantronix Inc. Common Stock,$6.16,0.33,5.66%,244502880.00,United States,2000,808326,Telecommunications,Computer Communications Equipment
LTRYW,Sports Entertainment Gaming Global Corporation Warrants,$0.01,-0.0016,-13.793%,126434.00,United States,2023,14763,Technology,Computer Software: Prepackaged Software
LU,Lufax Holding Ltd American Depositary Shares each representing two (2) Ordinary Shares,$1.95,0.00,0.00%,1690043339.00,China,,726120,Finance,Finance: Consumer Services
LUCD,Lucid Diagnostics Inc. Common Stock,$1.03,-0.02,-1.905%,201111026.00,United States,2021,761544,Health Care,Medical/Dental Instruments
LUCK,Lucky Strike Entertainment Corporation Class A Common Stock,$8.24,0.71,9.429%,1125766829.00,United States,2021,122691,Consumer Discretionary,Services-Misc. Amusement & Recreation
LUCY,Innovative Eyewear Inc. Common Stock,$1.03,-0.02,-1.905%,6489681.00,United States,2022,63938,Health Care,Ophthalmic Goods
LUD,Luda Technology Group Limited Ordinary Shares,$6.17,0.3699,6.377%,139997300.00,,2025,42978,Industrials,Steel/Iron Ore
LULU,lululemon athletica inc. Common Stock,$131.18,-2.41,-1.804%,14493116782.00,Canada,2007,2079080,Consumer Discretionary,Apparel
LUMN,Lumen Technologies Inc. Common Stock,$8.48,0.02,0.236%,8737037874.00,United States,,12070433,Telecommunications,Telecommunications Equipment
LUNG,Pulmonx Corporation Common Stock,$1.26,-0.01,-0.787%,53218876.00,United States,2020,605881,Health Care,Medical/Dental Instruments
LUNR,Intuitive Machines Inc. Class A Common Stock,$28.97,4.86,20.158%,6281110792.00,United States,2021,16432806,Industrials,Industrial Machinery/Components
LUV,Southwest Airlines Company Common Stock,$41.31,-0.08,-0.193%,20191242084.00,United States,,4936931,Consumer Discretionary,Air Freight/Delivery Services
LUXE,LuxExperience B.V. American Depositary Shares each representing one Ordinary Share,$8.47,-0.22,-2.532%,1155089948.00,,2021,212077,Consumer Discretionary,Catalog/Specialty Distribution
LVLU,Lulu's Fashion Lounge Holdings Inc. Common Stock,$10.19,0.10,0.991%,29188287.00,United States,2021,2992,Consumer Discretionary,Catalog/Specialty Distribution
LVO,LiveOne Inc. Common Stock,$5.27,-0.12,-2.226%,70993451.00,United States,,5275,Consumer Discretionary,Restaurants
LVS,Las Vegas Sands Corp. Common Stock,$53.11,-0.67,-1.246%,35192668331.00,United States,2004,6260370,Consumer Discretionary,Hotels/Resorts
LVWR,LiveWire Group Inc. Common Stock,$1.65,-0.02,-1.198%,337857020.00,United States,2022,206096,Consumer Discretionary,Motor Vehicles
LW,Lamb Weston Holdings Inc. Common Stock ,$42.01,-1.02,-2.37%,5800438454.00,United States,2016,984137,Consumer Staples,Packaged Foods
LWAC,LightWave Acquisition Corp. Class A Ordinary Shares,$10.19,0.02,0.197%,0.00,United States,2025,31443,Finance,Blank Checks
LWAY,Lifeway Foods Inc. Common Stock,$25.60,-0.04,-0.156%,391216333.00,United States,,43155,Consumer Staples,Packaged Foods
LWLG,Lightwave Logic Inc. Common Stock,$16.43,1.605,10.826%,2445295334.00,United States,,10475863,Industrials,Containers/Packaging
LX,LexinFintech Holdings Ltd. American Depositary Shares,$2.09,0.03,1.456%,344407493.00,China,2017,873475,Finance,Finance: Consumer Services
LXEH,Lixiang Education Holding Co. Ltd. American Depositary Shares,$1.16,-0.03,-2.521%,2223334.00,China,2020,15206,Real Estate,Other Consumer Services
LXEO,Lexeo Therapeutics Inc. Common Stock,$5.83,0.01,0.172%,457775022.00,United States,2023,994006,Health Care,Biotechnology: Biological Products (No Diagnostic Substances)
LXFR,Luxfer Holdings PLC Ordinary Shares,$15.57,0.05,0.322%,424075061.00,United Kingdom,2012,98510,Basic Materials,Major Chemicals
LXP,LXP Industrial Trust Common Stock (Maryland REIT),$52.40,0.64,1.236%,3089111629.00,United States,,242354,Real Estate,Real Estate Investment Trusts
LXP^C,LXP Industrial Trust 6.5% Series C Cumulative Convertible Preferred Stock,$46.35,0.00,0.00%,,United States,,1447,,
LXRX,Lexicon Pharmaceuticals Inc. Common Stock,$2.00,0.32,19.048%,847361222.00,United States,,6992573,Health Care,Biotechnology: Pharmaceutical Preparations
LXU,LSB Industries Inc. Common Stock,$13.91,0.34,2.506%,1000436202.00,United States,2003,759187,Basic Materials,Major Chemicals
LYB,LyondellBasell Industries NV Ordinary Shares Class A (Netherlands),$71.76,0.25,0.35%,23163035310.00,Netherlands,,4018931,Industrials,Major Chemicals
LYEL,Lyell Immunopharma Inc. Common Stock,$19.33,-0.73,-3.639%,451047902.00,United States,2021,62048,Health Care,Biotechnology: Pharmaceutical Preparations
LYFT,Lyft Inc. Class A Common Stock,$14.35,0.19,1.342%,5581076520.00,United States,2019,28546718,Real Estate,Real Estate
LYG,Lloyds Banking Group Plc American Depositary Shares,$5.43,0.14,2.647%,80478105553.00,United Kingdom,,18794781,Finance,Commercial Banks
LYTS,LSI Industries Inc. Common Stock,$24.56,0.14,0.573%,764152005.00,United States,1985,344289,Consumer Discretionary,Building Products
LYV,Live Nation Entertainment Inc. Common Stock,$163.28,-2.47,-1.49%,38460124773.00,United States,,3571340,Consumer Discretionary,Services-Misc. Amusement & Recreation
LZ,LegalZoom.com Inc. Common Stock,$6.13,0.06,0.988%,1052200793.00,United States,2021,3512736,Technology,EDP Services
LZB,La-Z-Boy Incorporated Common Stock,$35.73,0.17,0.478%,1462204158.00,United States,,362420,Consumer Discretionary,Home Furnishings
LZM,Lifezone Metals Limited Ordinary Shares,$5.96,0.33,5.861%,501853671.00,Isle of Man,,681927,Basic Materials,Metal Mining
LZMH,LZ Technology Holdings Limited Class B Ordinary Shares,$0.0958,0.0001,0.104%,15138316.00,China,2025,1785920,Technology,EDP Services
M,Macy's Inc Common Stock,$19.48,0.25,1.30%,5138074001.00,United States,,3806692,Consumer Discretionary,Department/Specialty Retail Stores
MA,Mastercard Incorporated Common Stock,$495.48,-5.46,-1.09%,437798128475.00,United States,2006,4143349,Real Estate,Real Estate
MAA,Mid-America Apartment Communities Inc. Common Stock,$129.31,-1.05,-0.805%,15049718747.00,United States,1994,767027,Real Estate,Real Estate Investment Trusts
MAA^I,Mid-America Apartment Communities Inc. 8.50% Series I Cumulative Redeemable Preferred Stock,$53.7717,0.00,0.00%,,United States,,109,,
MAAS,Maase Inc. Class A Ordinary Shares,$9.56,0.26,2.796%,4227198526.00,China,2019,43399,Finance,Investment Managers
MAC,Macerich Company (The) Common Stock,$21.87,0.50,2.34%,5690052357.00,United States,1994,1554526,Real Estate,Real Estate Investment Trusts
MACI,Melar Acquisition Corp. I Class A Ordinary Shares,$10.8059,-0.0141,-0.13%,0.00,United States,2024,841,,
MACIW,Melar Acquisition Corp. I Warrant,$0.13,0.00,0.00%,0.00,United States,2024,9,Finance,Blank Checks
MAGN,Magnera Corporation Common Stock,$12.08,0.33,2.809%,433672000.00,United States,2000,695762,Basic Materials,Paper
MAIA,MAIA Biotechnology Inc. Common Stock,$1.32,0.01,0.763%,80086368.00,,2022,300997,Health Care,Biotechnology: Pharmaceutical Preparations
MAIN,Main Street Capital Corporation Common Stock,$54.01,-2.59,-4.576%,4866561922.00,United States,2007,1330478,Finance,Finance/Investors Services
MAIR,Madison Air Solutions Corporation Class A Common Stock,$42.02,-0.18,-0.427%,20544684177.00,,2026,1219375,Industrials,Pollution Control Equipment
MAKO,Mako Mining Corp Common Stock,$8.12,0.34,4.37%,711024934.00,Canada,,138933,,
MAMA,Mama's Creations Inc. Common Stock,$13.20,-0.19,-1.419%,536672400.00,United States,,424768,Consumer Staples,Specialty Foods
MAMO,Massimo Group Common Stock,$0.99,-0.0049,-0.493%,41224541.00,United States,2024,60962,Consumer Discretionary,Industrial Specialties
MAN,ManpowerGroup Common Stock,$29.84,-0.61,-2.003%,1387251037.00,United States,,504589,Consumer Discretionary,Professional Services
MANE,Veradermics Incorporated Common Stock,$106.14,-1.71,-1.586%,3963298381.00,,2026,496370,Health Care,Biotechnology: Pharmaceutical Preparations
MANH,Manhattan Associates Inc. Common Stock,$143.02,-0.64,-0.445%,8461721378.00,United States,1998,496450,Technology,Computer Software: Prepackaged Software
MANU,Manchester United Ltd. Class A Ordinary Shares,$19.69,0.56,2.927%,3395124234.00,United Kingdom,2012,561620,Consumer Discretionary,Services-Misc. Amusement & Recreation
MAR,Marriott International Class A Common Stock,$353.18,1.13,0.321%,93129547871.00,United States,,1067985,Consumer Discretionary,Hotels/Resorts
MARA,MARA Holdings Inc. Common Stock,$12.94,0.24,1.89%,4932692596.00,United States,,48295305,Technology,EDP Services
MARPS,Marine Petroleum Trust Units of Beneficial Interest,$4.91,0.06,1.237%,9820000.00,United States,,4729,Energy,Oil & Gas Production
MAS,Masco Corporation Common Stock,$71.74,-0.19,-0.264%,14472428510.00,United States,,2780941,Industrials,Industrial Specialties
MASI,Masimo Corporation Common Stock,$178.31,-0.19,-0.106%,9337347224.00,United States,2007,757808,Health Care,Biotechnology: Electromedical & Electrotherapeutic Apparatus
MASK,3 E Network Technology Group Ltd Class A Ordinary Shares,$3.18,0.70,28.226%,3665917.00,China,2025,24331400,Technology,EDP Services
MASS,908 Devices Inc. Common Stock,$8.17,0.09,1.114%,308937284.00,United States,2020,416213,Industrials,Industrial Machinery/Components
MAT,Mattel Inc. Common Stock,$15.39,0.39,2.60%,4472334000.00,United States,,6535369,Consumer Discretionary,Recreational Games/Products/Toys
MATH,Metalpha Technology Holding Limited Ordinary Shares,$0.9514,-0.0786,-7.631%,41297487.00,China,2017,699461,Finance,Finance/Investors Services
MATV,Mativ Holdings Inc. Common Stock,$9.22,-0.18,-1.915%,505890871.00,United States,,590448,Basic Materials,Paper
MATW,Matthews International Corporation Class A Common Stock,$28.14,0.48,1.735%,878036605.00,United States,1994,138881,Telecommunications,Metal Fabrications
MATX,Matson Inc. Common Stock,$182.72,2.58,1.432%,5529706704.00,United States,,169153,Consumer Discretionary,Marine Transportation
MAX,MediaAlpha Inc. Class A Common Stock,$9.11,-0.17,-1.832%,568012344.00,United States,2020,428111,Real Estate,Real Estate
MAYS,J. W. Mays Inc. Common Stock,$42.54,0.04,0.094%,85751281.00,United States,,2669,Real Estate,Building operators
MAZE,Maze Therapeutics Inc. Common Stock,$26.03,0.56,2.199%,1294670223.00,United States,2025,534994,Health Care,Biotechnology: Biological Products (No Diagnostic Substances)
MB,MasterBeef Group Ordinary Shares,$7.565,0.915,13.759%,128605000.00,Hong Kong,2025,33731,Consumer Discretionary,Restaurants
MBAI,Check-Cap Ltd. Ordinary Share,$1.45,-0.04,-2.685%,10179728.00,Israel,2015,22518,Health Care,Medical Electronics
MBAV,M3-Brigade Acquisition V Corp. Class A Ordinary shares,$10.80,0.00,0.00%,0.00,United States,2024,50719,,
MBAVU,M3-Brigade Acquisition V Corp. Units,$10.35,0.00,0.00%,0.00,United States,2024,19,Finance,Blank Checks
MBAVW,M3-Brigade Acquisition V Corp. Warrant,$0.3099,0.0299,10.679%,0.00,United States,2024,44460,Finance,Blank Checks
MBBC,Marathon Bancorp Inc. Common Stock,$15.30,0.66,4.508%,45137081.00,United States,,711,Finance,Banks
MBC,MasterBrand Inc. Common Stock,$7.61,-0.21,-2.685%,973962730.00,United States,2022,3893511,Consumer Discretionary,Home Furnishings
MBI,MBIA Inc. Common Stock,$5.71,-0.68,-10.642%,290830405.00,United States,1987,747186,Finance,Property-Casualty Insurers
MBIN,Merchants Bancorp Common Stock,$46.33,-0.46,-0.983%,2128477386.00,United States,2017,149820,Finance,Major Banks
MBINL,Merchants Bancorp Depositary Shares Each Representing a 1/40thInterest in a Share of 7.25% Fixed Rate Series E Non-CumulativePerpetual Preferred Stock without par value,$24.73,0.03,0.121%,1136137400.00,United States,,9707,Finance,Major Banks
MBINM,Merchants Bancorp Depositary Shares Each Representing a 1/40th Interest in a Share of 8.25% Fixed-Rate Reset Series D Non-Cumulative Perpetual Preferred Stock,$25.44,0.0202,0.079%,1168755983.00,United States,,1394,Finance,Major Banks
MBINN,Merchants Bancorp Depositary Shares Preferred Series C,$20.90,-0.04,-0.191%,960180819.00,United States,,2357,Finance,Major Banks
MBIO,Mustang Bio Inc. Common Stock,$0.696,-0.031,-4.264%,4685556.00,United States,,41226,Health Care,Biotechnology: Pharmaceutical Preparations
MBLY,Mobileye Global Inc. Class A Common Stock,$9.19,0.32,3.608%,7739690636.00,Israel,2022,3952618,Technology,Computer Software: Prepackaged Software
MBNKO,Medallion Bank Fixed-Rate Reset Non-Cumulative Perpetual Preferred Stock Series G par value $1.00 per share,$25.645,0.145,0.569%,25645000.00,United States,,11694,Finance,Commercial Banks
MBOT,Microbot Medical Inc. Common Stock,$2.13,0.00,0.00%,143046634.00,Israel,,955456,Health Care,Biotechnology: Biological Products (No Diagnostic Substances)
MBRX,Moleculin Biotech Inc. Common Stock,$2.47,-0.02,-0.803%,13180785.00,United States,2016,646526,Health Care,Biotechnology: Pharmaceutical Preparations
MBUU,Malibu Boats Inc. Class A Common Stock,$30.09,4.69,18.465%,559750278.00,United States,2014,1224437,Industrials,Marine Transportation
MBVI,M3-Brigade Acquisition VI Corp. Class A Ordinary Shares,$10.12,0.01,0.099%,0.00,United States,2025,10316,,
MBVIU,M3-Brigade Acquisition VI Corp. Units,$10.16,-0.0401,-0.393%,0.00,United States,2025,110,Finance,Blank Checks
MBVIW,M3-Brigade Acquisition VI Corp. Warrant,$0.35,0.00,0.00%,0.00,United States,2025,186,,
MBWM,Mercantile Bank Corporation Common Stock,$52.11,0.10,0.192%,900167681.00,United States,1998,67825,Finance,Major Banks
MBX,MBX Biosciences Inc. Common Stock,$40.965,6.255,18.021%,1948724918.00,United States,2024,1883091,Health Care,Biotechnology: Pharmaceutical Preparations
MC,Moelis & Company Class A Common Stock,$65.08,1.17,1.831%,5112977204.00,United States,2014,602319,Finance,Investment Managers
MCAHU,Mountain Crest Acquisition 6 Corp. Units,$10.03,0.00,0.00%,0.00,United States,2026,364135,,
MCB,Metropolitan Bank Holding Corp. Common Stock,$90.53,0.38,0.422%,1112901042.00,United States,2017,75950,Finance,Major Banks
MCBS,MetroCity Bankshares Inc. Common Stock,$32.72,0.235,0.723%,937756574.00,United States,2019,55458,Finance,Major Banks
MCD,McDonald's Corporation Common Stock,$275.75,-7.95,-2.802%,196010719248.00,United States,,6033159,Consumer Discretionary,Restaurants
MCFT,MasterCraft Boat Holdings Inc. Common Stock,$27.38,1.81,7.079%,445880672.00,United States,2015,479280,Industrials,Marine Transportation
MCGA,Yorkville Acquisition Corp. Class A Ordinary Share,$10.17,0.00,0.00%,0.00,United States,2025,92429,Utilities,Electric Utilities: Central
MCGAU,Yorkville Acquisition Corp. Unit,$10.27,0.0099,0.096%,0.00,United States,2025,7364,Finance,Blank Checks
MCGAW,Yorkville Acquisition Corp. Warrant,$0.345,0.005,1.471%,0.00,United States,2025,8900,,
MCHB,Mechanics Bancorp Class A Common Stock,$14.83,0.21,1.436%,3283370750.00,United States,2012,274136,Finance,Major Banks
MCHP,Microchip Technology Incorporated Common Stock,$99.09,-2.49,-2.451%,53621112533.00,United States,1993,18853075,Technology,Semiconductors
MCHPP,Microchip Technology Incorporated Depositary Shares Each Representing a 1/20th Interest in a Share of 7.50% Series A Mandatory Convertible Preferred Stock,$83.74,-1.78,-2.081%,45314683253.00,United States,,118890,Technology,Semiconductors
MCHX,Marchex Inc. Class B Common Stock,$1.58,-0.02,-1.25%,69378113.00,United States,2004,10193,Technology,Computer Software: Prepackaged Software
MCI,Barings Corporate Investors Common Stock,$17.19,-0.25,-1.433%,348298950.00,United States,,52210,Finance,Trusts Except Educational Religious and Charitable
MCK,McKesson Corporation Common Stock,$736.09,-18.67,-2.474%,90161791487.00,United States,,2179497,Health Care,Other Pharmaceuticals
MCN,XAI Madison Equity Premium Income Fund Common Shares,$5.96,0.00,0.00%,0.00,United States,2004,32624,,
MCO,Moody's Corporation Common Stock,$451.32,-5.78,-1.264%,78845604000.00,United States,,762755,Finance,Finance: Consumer Services
MCR,MFS Charter Income Trust Common Stock,$6.06,0.02,0.331%,266690783.00,United States,1989,79232,Finance,Trusts Except Educational Religious and Charitable
MCRB,Seres Therapeutics Inc. Common Stock,$7.70,-0.02,-0.259%,74566292.00,United States,2015,27918,Health Care,Biotechnology: Pharmaceutical Preparations
MCRI,Monarch Casino & Resort Inc. Common Stock,$118.61,1.33,1.134%,2105270093.00,United States,1993,89183,Consumer Discretionary,Hotels/Resorts
MCRP,Micropolis AI Robotics Ordinary Shares,$2.66,0.02,0.758%,92803269.00,,2025,69592,Consumer Discretionary,Auto Parts:O.E.M.
MCS,Marcus Corporation (The) Common Stock,$17.97,-0.32,-1.75%,552188144.00,United States,,119947,Consumer Discretionary,Movies/Entertainment
MCW,Mister Car Wash Inc. Common Stock,$7.04,0.00,0.00%,2315417562.00,United States,,4197490,Consumer Discretionary,Automotive Aftermarket
MCY,Mercury General Corporation Common Stock,$99.67,1.66,1.694%,5520584453.00,United States,,280633,Finance,Property-Casualty Insurers
MD,Pediatrix Medical Group Inc. Common Stock,$23.51,0.58,2.529%,1930686128.00,United States,,798794,Health Care,Hospital/Nursing Management
MDA,MDA Space Ltd. Common Shares,$34.61,0.36,1.051%,4799001661.00,,2026,562210,Consumer Discretionary,Electronic Components
MDAI,Spectral AI Inc. Class A Common Stock,$2.31,0.06,2.667%,73513405.00,United States,2021,504189,Health Care,Medical/Dental Instruments
MDAIW,Spectral AI Inc. Warrants,$0.842,-0.0077,-0.906%,26795795.00,United States,2021,104226,Health Care,Medical/Dental Instruments
MDB,MongoDB Inc. Class A Common Stock,$299.47,6.05,2.062%,24068262251.00,United States,2017,1811544,Technology,Computer Software: Prepackaged Software
MDBH,MDB Capital Holdings LLC Class A common,$3.877,0.2924,8.157%,39933612.00,United States,2023,718,Finance,Finance: Consumer Services
MDCX,Medicus Pharma Ltd. Common Stock  ,$0.335,0.021,6.688%,13186307.00,Canada,,2932247,Health Care,Biotechnology: Pharmaceutical Preparations
MDCXW,Medicus Pharma Ltd. Warrant,$0.4228,-0.0672,-13.714%,16642300.00,Canada,,2188,Health Care,Biotechnology: Pharmaceutical Preparations
MDGL,Madrigal Pharmaceuticals Inc. Common Stock,$510.04,-24.82,-4.64%,11759308316.00,United States,2007,379187,Health Care,Biotechnology: Pharmaceutical Preparations
MDIA,Mediaco Holding Inc. Class A Common Stock ,$0.9564,0.0351,3.81%,78168323.00,United States,,15622,Consumer Discretionary,Broadcasting
MDLN,Medline Inc. Class A Common Stock,$39.52,-2.34,-5.59%,51916956241.00,United States,2025,11844707,Health Care,Medical/Dental Instruments
MDLZ,Mondelez International Inc. Class A Common Stock,$61.55,0.24,0.391%,79008643097.00,United States,,6472012,Consumer Staples,Packaged Foods
MDRR,Medalist Diversified Inc. Common Stock,$11.1501,0.00,0.00%,18157938.00,United States,2018,408,Real Estate,Real Estate Investment Trusts
MDT,Medtronic plc. Ordinary Shares,$76.15,-1.81,-2.322%,97767840009.00,United States,,10196870,Health Care,Biotechnology: Electromedical & Electrotherapeutic Apparatus
MDU,MDU Resources Group Inc. Common Stock (Holding Company),$22.49,0.02,0.089%,4603838480.00,United States,,1421567,Industrials,Mining & Quarrying of Nonmetallic Minerals (No Fuels)
MDV,Modiv Industrial Inc. Class C Common Stock,$17.97,0.17,0.955%,185441056.00,United States,2022,135445,Real Estate,Real Estate Investment Trusts
MDV^A,Modiv Industrial Inc. 7.375% Series A Cumulative Redeemable Perpetual Preferred Stock,$24.9001,-0.0399,-0.16%,,United States,,1583,,
MDWD,MediWound Ltd. Ordinary Shares,$16.57,-0.70,-4.053%,212852652.00,Israel,2014,82815,Health Care, Medicinal Chemicals and Botanical Products 
MDXG,MiMedx Group Inc Common Stock,$3.60,-0.09,-2.439%,536204632.00,United States,,1765834,Health Care,Biotechnology: Pharmaceutical Preparations
MDXH,MDxHealth SA Ordinary Shares,$2.00,-0.01,-0.498%,102729040.00,Belgium,2021,68684,Health Care,Medical Specialities
MEC,Mayville Engineering Company Inc. Common Stock,$27.20,1.21,4.656%,557436963.00,United States,2019,304789,Industrials,Industrial Specialties
MED,MEDIFAST INC Common Stock,$12.59,-0.10,-0.788%,139989658.00,United States,,112220,Consumer Staples,Packaged Foods
MEDP,Medpace Holdings Inc. Common Stock,$424.00,-4.71,-1.099%,12109308136.00,United States,2016,291605,Health Care,Biotechnology: Commercial Physical & Biological Resarch
MEGI,NYLI CBRE Global Infrastructure Megatrends Term Fund Common Shares,$15.27,0.05,0.329%,0.00,United States,2021,112469,Finance,Investment Managers
MEGL,Magic Empire Global Limited Class A Ordinary Shares,$1.11,-0.05,-4.31%,5621096.00,Hong Kong,2022,24463,Finance,Finance: Consumer Services
MEHA,Functional Brands Inc. Common Stock,$0.0951,0.0006,0.635%,2083914.00,United States,,3201893,Health Care, Medicinal Chemicals and Botanical Products 
MEI,Methode Electronics Inc. Common Stock,$9.63,0.38,4.108%,341194954.00,United States,,408471,Technology,Electrical Products
MELI,MercadoLibre Inc. Common Stock,$1632.52,-237.49,-12.70%,82764163559.00,Argentina,2007,2330278,Real Estate,Real Estate
MENS,Jyong Biotech Ltd. Ordinary Shares,$2.05,0.00,0.00%,155856717.00,Taiwan,2025,39305,Health Care,Biotechnology: Pharmaceutical Preparations
MEOH,Methanex Corporation Common Stock,$60.19,-1.19,-1.939%,4655390614.00,Canada,,669776,Industrials,Major Chemicals
MER^K,Bank of America Corporation Income Capital Obligation Notes initially due December 15 2066,$25.55,0.0501,0.196%,,United States,,16328,,
MERC,Mercer International Inc. Common Stock,$0.98,-0.13,-11.712%,65642856.00,Canada,,769027,Basic Materials,Paper
MESH,Meshflow Acquisition Corp. Class A Ordinary Shares,$9.95,0.00,0.00%,0.00,United States,2026,33,,
MESHU,Meshflow Acquisition Corp. Units,$10.01,0.00,0.00%,0.00,United States,2025,18,,
MESHW,Meshflow Acquisition Corp. Warrants,$0.29,0.00,0.00%,0.00,United States,2026,1100,,
MESO,Mesoblast Limited American Depositary Shares,$14.74,-0.06,-0.405%,1902642428.00,Australia,2015,100793,Health Care,Biotechnology: Biological Products (No Diagnostic Substances)
MET,MetLife Inc. Common Stock,$78.08,-0.74,-0.939%,50521367452.00,United States,2000,3051008,Finance,Life Insurance
MET^A,MetLife Inc. Preferred Series A Floating Rate,$21.81,0.07,0.322%,,United States,,17175,,
MET^E,MetLife Inc. Depositary Shares ,$23.05,0.18,0.787%,,United States,,49534,,
MET^F,MetLife Inc. Depositary Shares each representing a 1/1000th interest in a share of 4.75% Non-Cumulative Preferred Stock Series F,$19.28,0.12,0.626%,,United States,,61848,,
META,Meta Platforms Inc. Class A Common Stock,$609.63,-7.18,-1.164%,1547498998818.00,United States,2012,13522893,Technology,Computer Software: Programming Data Processing
METC,Ramaco Resources Inc. Class A Common Stock,$14.81,0.04,0.271%,972678503.00,United States,2017,945146,Energy,Coal Mining
METCB,Ramaco Resources Inc. Class B Common Stock,$10.53,-0.03,-0.284%,691580326.00,United States,,12192,Energy,Coal Mining
METCI,Ramaco Resources Inc. 8.250% Senior Notes due 2030,$25.15,0.05,0.199%,0.00,United States,,7101,,
METCZ,Ramaco Resources Inc. 8.375% Senior Notes due 2029,$25.20,-0.1699,-0.67%,0.00,United States,,1916,Energy,Coal Mining
MEVO,M Evo Global Acquisition Corp II Class A Ordinary Shares,$9.89,0.01,0.101%,0.00,United States,2026,9243,Finance,Blank Checks
MEVOU,M Evo Global Acquisition Corp II Units,$10.04,0.00,0.00%,0.00,United States,2026,9,Finance,Blank Checks
MEVOW,M Evo Global Acquisition Corp II Warrants,$0.39,0.00,0.00%,0.00,United States,2026,2604,Finance,Blank Checks
MFA,MFA Financial Inc.,$9.90,0.15,1.538%,1005802697.00,United States,,1149147,Real Estate,Real Estate Investment Trusts
MFA^B,MFA Financial Inc. Preferred Series B,$21.00,0.0801,0.383%,,United States,,8002,,
MFA^C,MFA Financial Inc. 6.50% Series C Fixed-to-Floating Rate Cumulative Redeemable Preferred Stock,$23.85,-0.02,-0.084%,,United States,,23046,,
MFAN,MFA Financial Inc. 8.875% Senior Notes due 2029,$25.12,0.00,0.00%,2579037794.00,United States,2024,19856,Real Estate,Real Estate Investment Trusts
MFAO,MFA Financial Inc. 9.000% Senior Notes due 2029,$25.22,0.04,0.159%,2589304664.00,United States,2024,4832,Real Estate,Real Estate Investment Trusts
MFC,Manulife Financial Corporation Common Stock,$40.02,0.46,1.163%,67103256581.00,Canada,,2096882,Finance,Life Insurance
MFG,Mizuho Financial Group Inc. Sponosred ADR (Japan),$8.69,0.03,0.346%,109183186074.00,Japan,,2246347,Finance,Major Banks
MFI,mF International Limited Class A Ordinary Shares,$10.33,0.12,1.175%,518322821.00,Hong Kong,2024,11643,Technology,EDP Services
MFIC,MidCap Financial Investment Corporation Common Stock,$11.68,-0.165,-1.393%,962112295.00,United States,2004,735354,Finance,Finance/Investors Services
MFICL,MidCap Financial Investment Corporation 8.00% Notes due 2028,$25.42,-0.13,-0.509%,2371778071.00,United States,,3062,Finance,Finance/Investors Services
MFIN,Medallion Financial Corp. Common Stock,$9.66,0.10,1.046%,230390681.00,United States,,57913,Finance,Finance: Consumer Services
MFM,MFS Municipal Income Trust Common Stock,$5.55,0.01,0.181%,228591352.00,United States,1986,88612,Finance,Finance Companies
MG,Mistras Group Inc Common Stock,$17.64,-1.10,-5.87%,557345714.00,United States,2009,140118,Consumer Discretionary,Military/Government/Technical
MGA,Magna International Inc. Common Stock,$63.11,1.87,3.054%,17180091351.00,Canada,,1175809,Consumer Discretionary,Auto Parts:O.E.M.
MGEE,MGE Energy Inc,$73.65,-1.00,-1.34%,2707110480.00,United States,,748103,Energy,Electric Utilities: Central
MGF,MFS Government Markets Income Trust Common Stock,$2.90,0.00,0.00%,94532440.00,United States,1987,25493,Finance,Trusts Except Educational Religious and Charitable
MGIH,Millennium Group International Holdings Limited Ordinary Shares,$1.50,0.03,2.041%,16875000.00,Hong Kong,2023,4671,Consumer Discretionary,Publishing
MGLD,The Marygold Companies Inc. Common Stock,$1.13,0.005,0.444%,48376670.00,,2022,3848,Finance,Finance: Consumer Services
MGM,MGM Resorts International Common Stock,$38.79,0.68,1.784%,9924469406.00,United States,,3755005,Consumer Discretionary,Hotels/Resorts
MGN,Megan Holdings Limited Class A Ordinary Shares,$0.167,0.015,9.868%,2713750.00,Malaysia,2025,931163,Consumer Staples,Farming/Seeds/Milling
MGNI,Magnite Inc. Common Stock,$14.13,0.13,0.929%,2023627992.00,United States,,4311082,Technology,Computer Software: Programming Data Processing
MGNX,MacroGenics Inc. Common Stock,$3.00,0.06,2.041%,190680204.00,United States,2013,814246,Health Care,Biotechnology: Pharmaceutical Preparations
MGPI,MGP Ingredients Inc.,$19.70,0.61,3.195%,421013369.00,United States,,172528,Consumer Staples,Beverages (Production/Distribution)
MGR,Affiliated Managers Group Inc. 5.875% Junior Subordinated Notes due 2059,$20.69,0.03,0.145%,587845583.00,United States,2019,15270,Finance,Investment Managers
MGRB,Affiliated Managers Group Inc. 4.750% Junior Subordinated Notes due 2060,$16.90,0.05,0.297%,480163865.00,United States,2020,8722,Finance,Investment Managers
MGRC,McGrath RentCorp Common Stock,$114.64,0.31,0.271%,2815761313.00,United States,1984,169981,Consumer Discretionary,Diversified Commercial Services
MGRD,Affiliated Managers Group Inc. 4.200% Junior Subordinated Notes due 2061,$15.15,0.07,0.464%,430442754.00,United States,2021,16746,Finance,Investment Managers
MGRE,Affiliated Managers Group Inc. 6.750% Junior Subordinated Notes due 2064,$24.13,0.15,0.626%,685583080.00,United States,2024,20544,Finance,Investment Managers
MGRT,Mega Fortune Company Limited Ordinary Shares,$138.00,-1.00,-0.719%,1897500000.00,Hong Kong,2025,16649,Technology,EDP Services
MGRX,Mangoceuticals Inc. Common Stock,$0.411,0.0709,20.847%,6973610.00,United States,2023,4432004,Health Care,Misc Health and Biotechnology Services
MGTX,MeiraGTx Holdings plc Ordinary Shares,$9.82,0.14,1.446%,909071996.00,United States,2018,380424,Health Care,Biotechnology: Biological Products (No Diagnostic Substances)
MGX,Metagenomi Therapeutics Inc. Common Stock,$1.41,-0.01,-0.704%,53082350.00,United States,2024,172857,Health Care,Biotechnology: Biological Products (No Diagnostic Substances)
MGY,Magnolia Oil & Gas Corporation Class A Common Stock,$27.80,-0.35,-1.243%,5314787681.00,United States,2017,2916979,Energy,Oil & Gas Production
MGYR,Magyar Bancorp Inc. Common Stock,$17.67,-0.01,-0.057%,114466101.00,United States,2006,1152,Finance,Savings Institutions
MH,McGraw Hill Inc. Common Stock,$11.76,-0.23,-1.918%,2246177863.00,,2025,244322,Consumer Discretionary,Publishing
MHD,Blackrock MuniHoldings Fund Inc. Common Stock,$11.83,-0.03,-0.253%,1759860032.00,United States,1997,169760,Finance,Investment Bankers/Brokers/Service
MHF,Western Asset Municipal High Income Fund Inc. Common Stock,$6.98,0.00,0.00%,0.00,United States,1988,22543,Finance,Finance/Investors Services
MHH,Mastech Digital Inc Common Stock,$7.10,-0.11,-1.526%,84317513.00,United States,,12512,Consumer Discretionary,Professional Services
MHK,Mohawk Industries Inc. Common Stock,$103.83,1.09,1.061%,6328765045.00,United States,,822519,Consumer Discretionary,Home Furnishings
MHLA,Maiden Holdings Ltd. 6.625% Notes due 2046,$12.52,0.04,0.321%,96929126.00,Bermuda,2016,2719,Finance,Property-Casualty Insurers
MHNC,Maiden Holdings North America Ltd. 7.75% Notes due 2043,$13.75,0.2579,1.911%,106451716.00,Bermuda,2013,7851,Finance,Property-Casualty Insurers
MHO,M/I Homes Inc. Common Stock,$131.87,1.85,1.423%,3374567674.00,United States,1993,152868,Consumer Discretionary,Homebuilding
MI,NFT Limited Class A Ordinary Share,$0.2113,0.0046,2.225%,3904586.00,,2023,257199,Consumer Discretionary,Other Specialty Stores
MIAX,Miami International Holdings Inc. Common Stock,$51.99,2.22,4.461%,4928655691.00,United States,2025,1704427,Finance,Investment Bankers/Brokers/Service
MICC,The Magnum Ice Cream Company N.V. Ordinary Shares,$14.79,0.12,0.818%,9055321540.00,,2025,703354,Consumer Staples,Specialty Foods
MIDD,Middleby Corporation (The) Common Stock,$164.67,6.44,4.07%,7677218557.00,United States,,1107805,Industrials,Industrial Machinery/Components
MIMI,Mint Incorporation Limited Class A Ordinary Shares,$2.90,0.20,7.407%,9283625.00,Hong Kong,2025,92810,Real Estate,Real Estate
MIN,MFS Intermediate Income Trust Common Stock,$2.47,0.01,0.407%,283797494.00,United States,1988,110775,Finance,Trusts Except Educational Religious and Charitable
MIND,MIND Technology Inc. Common Stock (DE),$6.86,0.25,3.782%,62350917.00,United States,1994,154258,Industrials,Industrial Machinery/Components
MINE,Mayfair Gold Corp. Common Shares,$3.16,0.08,2.597%,211974367.00,,2026,9499,Energy,Oil & Gas Production
MIR,Mirion Technologies Inc. Class A Common Stock,$18.99,-0.76,-3.848%,4755480984.00,United States,2020,3113809,Industrials,Industrial Machinery/Components
MIRA,MIRA Pharmaceuticals Inc. Common Stock,$0.987,-0.013,-1.30%,41475800.00,United States,2023,77380,Health Care,Biotechnology: Pharmaceutical Preparations
MIRM,Mirum Pharmaceuticals Inc. Common Stock,$107.16,4.23,4.11%,6534748285.00,United States,2019,1791183,Health Care,Biotechnology: Pharmaceutical Preparations
MIST,Milestone Pharmaceuticals Inc. Common Shares,$1.92,0.03,1.587%,229703791.00,Canada,2019,601728,Health Care,Biotechnology: Pharmaceutical Preparations
MITK,Mitek Systems Inc. Common Stock,$15.61,0.25,1.628%,707387271.00,United States,,2319097,Technology,Computer peripheral equipment
MITN,TPG Mortgage Investment Trust Inc. 9.500% Senior Notes due 2029,$25.245,0.005,0.02%,744550381.00,United States,2024,482,Real Estate,Real Estate Investment Trusts
MITP,TPG Mortgage Investment Trust Inc. 9.500% Senior Notes due 2029,$25.20,0.02,0.079%,743223197.00,United States,2024,3174,Real Estate,Real Estate Investment Trusts
MITQ,Moving iMage Technologies Inc. Common Stock,$0.62,0.008,1.307%,6165971.00,United States,2021,337591,Consumer Discretionary,Industrial Machinery/Components
MITT,TPG Mortgage Investment Trust Inc. Common Stock,$7.99,0.13,1.654%,254109765.00,United States,2011,129379,Real Estate,Real Estate Investment Trusts
MITT^A,TPG Mortgage Investment Trust Inc. 8.25% Series A Cumulative Redeemable Preferred Stock,$23.1055,0.1005,0.437%,,United States,,2652,,
MITT^B,TPG Mortgage Investment Trust Inc. 8.00% Series B Cumulative Redeemable Preferred Stock,$22.79,0.2707,1.202%,,United States,,10370,,
MITT^C,TPG Mortgage Investment Trust Inc. 8.00% Series C Fixed-to-Floating Rate Cumulative Redeemable Preferred Stock $0.01 par value per share,$25.375,0.005,0.02%,,United States,,24216,,
MIY,Blackrock MuniYield Michigan Quality Fund Inc. Common Stock,$11.94,0.05,0.421%,1776223904.00,United States,1992,93793,Finance,Investment Bankers/Brokers/Service
MKC,McCormick & Company Incorporated Common Stock,$48.32,0.42,0.877%,12984790550.00,United States,,3860452,Consumer Staples,Packaged Foods
MKDW,MKDWELL Tech Inc. Ordinary Share,$7.29,-0.075,-1.018%,30606642.00,Taiwan,,1420,Technology,Consumer Electronics/Appliances
MKDWW,MKDWELL Tech Inc. Warrants,$0.0106,0.00,0.00%,44503.00,Taiwan,,3,Technology,Consumer Electronics/Appliances
MKL,Markel Group Inc. Common Stock,$1814.64,14.67,0.815%,22707878714.00,United States,1986,73357,Finance,Property-Casualty Insurers
MKLY,McKinley Acquisition Corporation Class A Ordinary Shares,$10.125,0.005,0.049%,0.00,United States,2025,11419,,
MKLYR,McKinley Acquisition Corporation Rights,$0.14,0.02,16.667%,0.00,United States,2025,125,,
MKLYU,McKinley Acquisition Corporation Units,$10.2101,0.0001,0.001%,0.00,United States,2025,918,Finance,Blank Checks
MKSI,MKS Inc. Common Stock,$313.21,12.42,4.129%,21085829031.00,United States,1999,1736525,Industrials,Industrial Machinery/Components
MKTW,MarketWise Inc. Class A Common Stock,$20.68,4.05,24.354%,333975341.00,United States,,78396,Technology,Computer Software: Prepackaged Software
MKTX,MarketAxess Holdings Inc. Common Stock,$147.53,-5.13,-3.36%,5190229473.00,United States,2004,573541,Finance,Investment Bankers/Brokers/Service
MKZR,MacKenzie Realty Capital Inc. Common Stock,$2.50,0.0999,4.162%,4916000.00,United States,,40911,Real Estate,Real Estate Investment Trusts
MLAA,Mountain Lake Acquisition Corp. II Class A Ordinary Shares,$10.00,-0.01,-0.10%,0.00,United States,2026,4347,Finance,Blank Checks
MLAAU,Mountain Lake Acquisition Corp. II Units,$10.28,-0.01,-0.097%,0.00,United States,2026,4350,Finance,Blank Checks
MLAAW,Mountain Lake Acquisition Corp. II Warrants,$0.50,0.0298,6.338%,0.00,United States,2026,8787,Finance,Blank Checks
MLAB,Mesa Laboratories Inc. Common Stock,$104.65,-1.47,-1.385%,578171680.00,United States,,171638,Industrials,Industrial Machinery/Components
MLAC,Mountain Lake Acquisition Corp. Class A Ordinary Shares,$10.58,-0.01,-0.094%,0.00,United States,2025,3370,Industrials,Auto Manufacturing
MLACR,Mountain Lake Acquisition Corp. Right,$0.205,0.005,2.50%,0.00,United States,2025,68780,,
MLCI,Mount Logan Capital Inc. Common Stock,$3.97,-0.10,-2.457%,44419409.00,United States,,18122,Finance,Investment Managers
MLCIL,Mount Logan Capital Inc. 8.00% Notes Due 2031,$23.86,0.00,0.00%,0.00,United States,,69,Finance,Investment Managers
MLCO,Melco Resorts & Entertainment Limited American Depositary Shares,$5.37,-0.23,-4.107%,2184473067.00,Hong Kong,2006,3649922,Consumer Discretionary,Hotels/Resorts
MLEC,Moolec Science SA Ordinary Shares,$8.90,-0.08,-0.891%,6462450.00,Luxembourg,,24352,Finance,Blank Checks
MLECW,Moolec Science SA Warrant,$0.0202,0.0017,9.189%,14668.00,Luxembourg,,52987,Finance,Blank Checks
MLGO,MicroAlgo Inc. Class A Ordinary Shares,$4.15,0.04,0.973%,51615463.00,United States,2021,192951,Technology,EDP Services
MLI,Mueller Industries Inc. Common Stock,$140.83,3.07,2.229%,15571659429.00,United States,,526908,Industrials,Metal Fabrications
MLKN,MillerKnoll Inc. Common Stock,$16.32,-0.06,-0.366%,1115875626.00,United States,,415524,Consumer Discretionary,Office Equipment/Supplies/Services
MLM,Martin Marietta Materials Inc. Common Stock,$590.38,-10.11,-1.684%,35449898442.00,United States,1994,337384,Industrials,Mining & Quarrying of Nonmetallic Minerals (No Fuels)
MLP,Maui Land & Pineapple Company Inc. Common Stock,$15.66,-0.12,-0.76%,311144954.00,United States,1998,4739,Finance,Real Estate
MLR,Miller Industries Inc. Common Stock,$48.07,0.38,0.797%,547792068.00,United States,,69691,Consumer Discretionary,Construction/Ag Equipment/Trucks
MLSS,Milestone Scientific Inc. Common Stock,$0.457,-0.012,-2.559%,36767074.00,United States,2015,399777,Health Care,Industrial Specialties
MLTX,MoonLake Immunotherapeutics Class A Ordinary Shares,$17.06,-0.14,-0.814%,1242858020.00,United States,2020,961742,Health Care,Biotechnology: Pharmaceutical Preparations
MLYS,Mineralys Therapeutics Inc. Common Stock,$29.54,0.19,0.647%,2436993904.00,United States,2023,894902,Health Care,Biotechnology: Pharmaceutical Preparations
MMA,Mixed Martial Arts Group Limited Ordinary Shares,$0.545,-0.0009,-0.165%,14433530.00,,2024,125996,Consumer Discretionary,Other Consumer Services
MMD,NYLI MacKay DefinedTerm Muni Opportunities Fund Common Shares,$15.29,-0.01,-0.065%,0.00,United States,2012,45368,Finance,Investment Managers
MMED,MiniMed Group Inc. Common Stock,$11.57,-0.16,-1.364%,3249087261.00,United States,2026,538419,Health Care,Medical/Dental Instruments
MMI,Marcus & Millichap Inc. Common Stock,$30.42,0.90,3.049%,1158058098.00,United States,2013,276237,Finance,Real Estate
MMLP,Martin Midstream Partners L.P. Limited Partnership,$2.60,0.035,1.365%,101724184.00,United States,2002,23019,Energy,Oil Refining/Marketing
MMM,3M Company Common Stock,$143.29,-0.46,-0.32%,74735372829.00,United States,,2564670,Health Care,Medical/Dental Instruments
MMS,Maximus Inc. Common Stock,$64.27,-2.39,-3.585%,3505836980.00,United States,1997,886987,Real Estate,Real Estate
MMSI,Merit Medical Systems Inc. Common Stock,$61.27,-1.06,-1.701%,3655052966.00,United States,,469981,Health Care,Medical/Dental Instruments
MMT,MFS Multimarket Income Trust Common Stock,$4.54,-0.03,-0.656%,270349305.00,United States,1987,102338,Finance,Trusts Except Educational Religious and Charitable
MMTX,Miluna Acquisition Corp Class A Ordinary Share,$10.07,0.01,0.099%,0.00,Taiwan,2025,1009,Finance,Blank Checks
MMTXW,Miluna Acquisition Corp Warrant,$0.1311,0.00,0.00%,0.00,Taiwan,2025,2,Finance,Blank Checks
MMU,Western Asset Managed Municipals Fund Inc. Common Stock,$10.24,0.04,0.392%,0.00,United States,1992,92891,Finance,Investment Managers
MMYT,MakeMyTrip Limited Ordinary Shares,$47.84,-2.67,-5.286%,5322794316.00,India,2010,615516,Consumer Discretionary,Transportation Services
MNDO,MIND C.T.I. Ltd. Ordinary Shares,$0.99,-0.02,-1.98%,19983314.00,Israel,,64900,Technology,EDP Services
MNDR,Mobile-health Network Solutions Class A Ordinary Shares,$1.06,-0.11,-9.402%,5651442.00,Singapore,2024,214910,Technology,Computer Software: Prepackaged Software
MNDY,monday.com Ltd. Ordinary Shares,$72.07,-4.32,-5.655%,3348586320.00,Israel,2021,2591249,Technology,Computer Software: Prepackaged Software
MNKD,MannKind Corporation Common Stock,$3.52,-0.03,-0.845%,1087504584.00,United States,2004,9536227,Health Care,Biotechnology: Pharmaceutical Preparations
MNOV,Medicinova Inc Common Stock,$1.40,-0.03,-2.098%,68909744.00,United States,,15743,Health Care,Biotechnology: Pharmaceutical Preparations
MNPR,Monopar Therapeutics Inc. Common Stock,$63.575,1.145,1.834%,425874811.00,United States,2019,183355,Health Care,Biotechnology: Pharmaceutical Preparations
MNR,Mach Natural Resources LP Common Units representing Limited Partner Interests,$13.75,0.57,4.325%,2313008088.00,United States,2023,1043079,Energy,Oil & Gas Production
MNRO,Monro Inc. Common Stock,$17.72,0.29,1.664%,531948375.00,United States,1991,652260,Consumer Discretionary,Automotive Aftermarket
MNSB,MainStreet Bancshares Inc. Common Stock,$23.50,-0.01,-0.043%,172115152.00,United States,,23209,Finance,Major Banks
MNSBP,MainStreet Bancshares Inc. Depositary Shares,$24.76,-0.41,-1.629%,181343453.00,United States,,2039,Finance,Major Banks
MNSO,MINISO Group Holding Limited American Depositary Shares each representing four Ordinary Shares,$14.63,0.10,0.688%,4526390974.00,China,2020,192784,Consumer Discretionary,Department/Specialty Retail Stores
MNST,Monster Beverage Corporation,$86.29,10.32,13.584%,84383510638.00,United States,,15283837,Consumer Staples,Beverages (Production/Distribution)
MNTK,Montauk Renewables Inc. Common Stock,$1.33,-0.09,-6.338%,189313715.00,United States,2021,177324,Utilities,Natural Gas Distribution
MNTN,MNTN Inc. Class A Common Stock,$8.56,-0.62,-6.754%,667835458.00,United States,2025,1139959,Consumer Discretionary,Advertising
MNTS,Momentus Inc. Class A Common Stock,$5.46,1.05,23.81%,31285833.00,United States,2019,4470598,Industrials,Military/Government/Technical
MNTSW,Momentus Inc. Warrant,$0.0156,0.0041,35.652%,89388.00,United States,2019,252418,Industrials,Military/Government/Technical
MNY,MoneyHero Limited Class A Ordinary Shares,$1.38,-0.03,-2.128%,61317841.00,Singapore,,28848,Real Estate,Real Estate
MNYWW,MoneyHero Limited Warrants,$0.0512,0.0086,20.188%,2274981.00,Singapore,,941,Real Estate,Real Estate
MO,Altria Group Inc.,$68.12,-0.92,-1.333%,113752990928.00,United States,,7328793,Health Care, Medicinal Chemicals and Botanical Products 
MOB,Mobilicom Limited Ordinary Shares,$6.33,0.08,1.28%,79969238.00,Israel,2022,69527,Industrials,Aerospace
MOBBW,Mobilicom Limited Warrants,$2.57,0.22,9.362%,32467763.00,Israel,2022,680,Industrials,Aerospace
MOBI,Mobia Medical Inc. Common Stock,$11.75,-3.25,-21.667%,0.00,United States,,2506510,,
MOBX,Mobix Labs Inc. Class A Common Stock,$2.00,-0.14,-6.542%,20888710.00,United States,2021,679476,Technology,Semiconductors
MOBXW,Mobix Labs Inc Warrants,$0.103,-0.001,-0.962%,1075769.00,United States,2021,110,Technology,Semiconductors
MOD,Modine Manufacturing Company Common Stock,$273.00,3.35,1.242%,14395616781.00,United States,,765224,Consumer Discretionary,Auto Parts:O.E.M.
MODD,Modular Medical Inc. Common Stock,$3.78,-0.17,-4.304%,20454249.00,United States,,11885,Health Care,Medical/Dental Instruments
MOGU,MOGU Inc. American Depositary Shares (each  representing 25 Class A Ordinary Shares),$2.29,0.06,2.691%,18717638.00,,2018,1810,Real Estate,Real Estate
MOH,Molina Healthcare Inc Common Stock,$185.94,-5.91,-3.081%,9687474000.00,United States,2003,1540472,Health Care,Medical Specialities
MOLN,Molecular Partners AG American Depositary Shares,$4.10,0.00,0.00%,165488690.00,Switzerland,2021,5856,Health Care,Biotechnology: Biological Products (No Diagnostic Substances)
MOMO,Hello Group Inc. American Depositary Shares,$6.23,-0.11,-1.735%,920466308.00,China,2014,372064,Technology,Computer Software: Prepackaged Software
MORN,Morningstar Inc. Common Stock,$176.70,-1.21,-0.68%,6719550781.00,United States,2005,522989,Finance,Investment Managers
MOS,Mosaic Company (The) Common Stock,$22.19,-0.72,-3.143%,7053017030.00,United States,,9621706,Industrials,Agricultural Chemicals
MOV,Movado Group Inc. Common Stock,$28.01,0.42,1.522%,622584796.00,United States,,75024,Consumer Discretionary,Consumer Specialties
MOVE,Corvex Inc. Common Stock,$13.95,0.10,0.722%,27635606.00,United States,2021,32853,Health Care,Biotechnology: Electromedical & Electrotherapeutic Apparatus
MP,MP Materials Corp. Common Stock,$67.43,-1.70,-2.459%,12003820563.00,United States,2020,11591605,Basic Materials,Metal Mining
MPA,Blackrock MuniYield Pennsylvania Quality Fund Common Stock,$11.43,0.04,0.351%,0.00,United States,1992,11498,Finance,Finance Companies
MPAA,Motorcar Parts  of America Inc. Common Stock,$11.66,0.19,1.656%,223999724.00,United States,,30522,Consumer Discretionary,Auto Parts:O.E.M.
MPB,Mid Penn Bancorp Common Stock,$32.74,0.30,0.925%,829602461.00,United States,,112245,Finance,Major Banks
MPC,Marathon Petroleum Corporation Common Stock,$244.87,2.61,1.077%,71486523812.00,United States,,2574683,Energy,Integrated oil Companies
MPLT,MapLight Therapeutics Inc. Common Stock,$27.40,-1.80,-6.164%,1167516165.00,United States,2025,292233,Health Care,Biotechnology: Pharmaceutical Preparations
MPLX,MPLX LP Common Units Representing Limited Partner Interests,$54.00,-2.27,-4.034%,54795620826.00,United States,2012,2523342,Energy,Natural Gas Distribution
MPT,Medical Properties Trust Inc. common stock,$5.17,-0.16,-3.002%,3168873976.00,United States,,5885742,Real Estate,Real Estate Investment Trusts
MPTI,M-tron Industries Inc. Common Stock,$81.20,4.54,5.922%,350865444.00,United States,2022,166815,Technology,Industrial Machinery/Components
MPU,Mega Matrix Inc. Class A Ordinary Shares,$0.5672,-0.0318,-5.309%,38564037.00,United States,1998,37406,Consumer Discretionary,Diversified Commercial Services
MPV,Barings Participation Investors Common Stock,$17.27,-0.105,-0.604%,183091359.00,United States,1988,9142,Finance,Finance Companies
MPWR,Monolithic Power Systems Inc. Common Stock,$1600.84,24.88,1.579%,78649269200.00,United States,2004,686575,Technology,Semiconductors
MPX,Marine Products Corporation Common Stock,$8.76,0.30,3.546%,308725386.00,United States,2001,40549,Industrials,Marine Transportation
MQ,Marqeta Inc. Class A Common Stock,$4.17,-0.02,-0.477%,1768206405.00,United States,2021,3627844,Technology,Computer Software: Prepackaged Software
MQY,Blackrock MuniYield Quality Fund Inc. Common Stock,$11.54,0.02,0.174%,1716718915.00,United States,1992,251369,Finance,Investment Bankers/Brokers/Service
MRAM,Everspin Technologies Inc. Common Stock,$26.99,5.48,25.477%,632850103.00,United States,2016,5734751,Technology,Semiconductors
MRBK,Meridian Corporation Common Stock,$18.19,0.10,0.553%,216082248.00,United States,2017,74723,Finance,Major Banks
MRCY,Mercury Systems Inc Common Stock,$90.34,2.28,2.589%,5424310186.00,United States,1998,672664,Technology,Electrical Products
MRDN,Meridian Holdings Inc. Common Stock,$13.44,2.46,22.404%,170277798.00,United States,,93112,Technology,Computer Software: Prepackaged Software
MREO,Mereo BioPharma Group plc American Depositary Shares,$0.2496,0.0096,4.00%,38724344.00,United Kingdom,,1406244,Health Care,Biotechnology: Pharmaceutical Preparations
MRK,Merck & Company Inc. Common Stock (new),$111.38,-0.92,-0.819%,275089043343.00,United States,,5724403,Health Care,Biotechnology: Pharmaceutical Preparations
MRKR,Marker Therapeutics Inc. Common Stock,$1.46,0.02,1.389%,24342765.00,United States,,41799,Health Care,Biotechnology: Pharmaceutical Preparations
MRLN,Merlin Inc. Common Stock,$8.23,-0.08,-0.963%,766260857.00,United States,2024,1285628,Technology,EDP Services
MRM,MEDIROM Healthcare Technologies Inc. American Depositary Share,$1.12,-0.04,-3.448%,8850184.00,Japan,2020,41825,Consumer Discretionary,Other Consumer Services
MRNA,Moderna Inc. Common Stock,$54.35,5.81,11.97%,21565333177.00,United States,2018,20813725,Health Care,Biotechnology: Biological Products (No Diagnostic Substances)
MRNO,Murano Global Investments PLC Ordinary Shares,$0.236,0.0145,6.546%,18716154.00,Mexico,,690777,Consumer Discretionary,Hotels/Resorts
MRNOW,Murano Global Investments PLC Warrants,$0.046,0.0005,1.099%,3648064.00,Mexico,,776,Consumer Discretionary,Hotels/Resorts
MRP,Millrose Properties Inc. Class A Common Stock,$26.93,0.03,0.112%,4471670674.00,United States,2025,2421385,Finance,Real Estate
MRSH,Marsh Common Stock,$163.25,-2.78,-1.674%,78652952288.00,United States,,1948089,Finance,Specialty Insurers
MRT,Marti Technologies Inc. Class A Ordinary Shares,$2.07,-0.01,-0.481%,178108443.00,,2021,52177,Consumer Discretionary,Rental/Leasing Companies
MRTN,Marten Transport Ltd. Common Stock,$15.58,0.44,2.906%,1271158723.00,United States,1986,1027259,Industrials,Trucking Freight/Courier Services
MRVI,Maravai LifeSciences Holdings Inc. Class A Common Stock,$4.85,0.91,23.096%,1252173825.00,United States,2020,11236024,Health Care,Biotechnology: Pharmaceutical Preparations
MRVL,Marvell Technology Inc. Common Stock,$170.13,10.12,6.325%,148771581222.00,United States,2000,20556180,Technology,Semiconductors
MRX,Marex Group plc Ordinary Shares,$56.51,4.63,8.924%,4189246619.00,United Kingdom,2024,1301329,Finance,Investment Bankers/Brokers/Service
MS,Morgan Stanley Common Stock,$193.09,2.92,1.535%,304557925315.00,United States,,5873383,Finance,Investment Bankers/Brokers/Service
MS^A,Morgan Stanley Dep Shs repstg 1/1000 Pfd Ser A,$19.54,0.06,0.308%,,United States,,67698,,
MS^E,Morgan Stanley DEPOSITARY SHARES REP 1/1000TH SHARES FIXED/FLTG PREFERRED STOCK SERIES E,$25.42,0.03,0.118%,,United States,,41199,,
MS^F,Morgan Stanley Dep Shs Rpstg 1/1000th Int Prd Ser F Fxd to Flag,$25.25,0.01,0.04%,,United States,,33491,,
MS^I,Morgan Stanley Depository Shares Representing 1/1000th Preferred Series 1 Fixed to Floating Non (Cum),$25.10,-0.01,-0.04%,,United States,,43387,,
MS^K,Morgan Stanley Depositary Shares each representing 1/1000th of a share of Fixed-to-Floating Rate Non-Cumulative Preferred Stock  Series K,$24.20,-0.07,-0.288%,,United States,,54490,,
MS^L,Morgan Stanley Depositary Shares each representing 1/1000th of a share of 4.875% Non-Cumulative Preferred Stock Series L,$20.535,0.075,0.367%,,United States,,23170,,
MS^O,Morgan Stanley Depositary Shares each representing 1/1000th of a share of 4.250% Non-Cumulative Preferred Stock Series O,$17.405,0.035,0.201%,,United States,,26148,,
MS^P,Morgan Stanley Depositary Shares each representing 1/1000th of a share of 6.500% Non-Cumulative Preferred Stock Series P,$25.30,0.00,0.00%,,United States,,32620,,
MS^Q,Morgan Stanley Depositary Shares each representing 1/1000th of a share of 6.625% Non-Cumulative Preferred Stock Series Q,$25.58,0.04,0.157%,,United States,,36458,,
MSA,MSA Safety Incorporated Common Stock,$169.94,-1.96,-1.14%,6560378885.00,United States,2000,221439,Health Care,Industrial Specialties
MSAI,MultiSensor AI Holdings Inc. Common Stock,$5.945,0.1551,2.679%,11963082.00,United States,2021,20752,Technology,Electronic Components
MSAIW,MultiSensor AI Holdings Inc. Warrant,$0.025,-0.0001,-0.398%,50307.00,United States,2021,7291,Technology,Electronic Components
MSB,Mesabi Trust Common Stock,$29.11,0.41,1.429%,381923491.00,United States,,13159,Industrials,Precious Metals
MSBI,Midland States Bancorp Inc. Common Stock,$28.31,-0.03,-0.106%,586860610.00,United States,2016,102937,Finance,Major Banks
MSBIP,Midland States Bancorp Inc. Depositary Shares Each Representing a 1/40th Interest in a Share of 7.750% Fixed-Rate Reset Non-Cumulative Perpetual Preferred Stock Series A,$25.2942,-0.0258,-0.102%,524343682.00,United States,,2226,Finance,Major Banks
MSC,Studio City International Holdings Limited American depositary shares each representing four  Class A ordinary shares,$2.50,-0.20,-7.407%,526790288.00,,2018,4824,Consumer Discretionary,Hotels/Resorts
MSCI,MSCI Inc. Common Stock,$585.42,-2.95,-0.501%,42618576000.00,United States,,625157,Real Estate,Real Estate
MSD,Morgan Stanley Emerging Markets Debt Fund Inc. Common Stock,$7.415,0.025,0.338%,0.00,United States,1993,73080,Finance,Trusts Except Educational Religious and Charitable
MSDL,Morgan Stanley Direct Lending Fund Common Stock,$15.48,-0.03,-0.193%,0.00,United States,2024,793448,,
MSEX,Middlesex Water Company Common Stock,$51.56,0.15,0.292%,960270403.00,United States,,62444,Utilities,Water Supply
MSFT,Microsoft Corporation Common Stock,$415.12,-5.65,-1.343%,3083691814324.00,United States,1986,33304291,Technology,Computer Software: Prepackaged Software
MSGE,Madison Square Garden Entertainment Corp. Class A Common Stock,$65.27,-1.47,-2.203%,3085515172.00,United States,2023,677459,Consumer Discretionary,Services-Misc. Amusement & Recreation
MSGM,Motorsport Games Inc. Class A Common Stock,$4.90,0.34,7.456%,28314405.00,United States,2021,82480,Technology,Computer Software: Prepackaged Software
MSGS,Madison Square Garden Sports Corp. Class A Common Stock (New),$330.13,-2.39,-0.719%,7946008903.00,United States,2015,325017,Consumer Discretionary,Services-Misc. Amusement & Recreation
MSGY,Masonglory Limited Ordinary Shares,$0.453,-0.0054,-1.178%,6342000.00,Hong Kong,2025,8092192,,
MSI,Motorola Solutions Inc. Common Stock,$383.99,-49.21,-11.36%,63820524588.00,United States,,3101319,Technology,Radio And Television Broadcasting And Communications Equipment
MSIF,MSC Income Fund Inc. Common Stock,$12.85,-0.19,-1.457%,591440229.00,,2025,432870,Finance,Finance/Investors Services
MSLE,Satellos Bioscience Inc. Common Stock,$7.69,0.55,7.703%,160191851.00,Canada,,32266,Health Care,Biotechnology: Pharmaceutical Preparations
MSM,MSC Industrial Direct Company Inc. Common Stock,$104.28,-0.03,-0.029%,5822401951.00,United States,1995,604773,Industrials,Industrial Machinery/Components
MSN,Emerson Radio Corporation Common Stock,$0.4141,-0.0141,-3.293%,8713762.00,United States,1994,7398,Consumer Staples,Consumer Electronics/Appliances
MSS,Maison Solutions Inc. Class A Common Stock,$1.25,0.03,2.459%,7355126.00,United States,2023,130192,Consumer Staples,Food Chains
MSTR,Strategy Inc Common Stock Class A,$187.59,7.75,4.309%,65740516308.00,United States,1998,15920308,Technology,Computer Software: Prepackaged Software
MSW,Ming Shing Group Holdings Limited Ordinary Shares,$1.76,-0.17,-8.808%,22836000.00,Hong Kong,2024,39368,Consumer Discretionary,Engineering & Construction
MT,Arcelor Mittal NY Registry Shares NEW,$62.04,0.90,1.472%,47220245811.00,Luxembourg,,1960818,Industrials,Steel/Iron Ore
MTA,Metalla Royalty & Streaming Ltd. Common Shares,$7.27,0.15,2.107%,679328880.00,,,321822,Basic Materials,Precious Metals
MTAL,Metals Acquisition Corp. II Class A Ordinary Shares,$10.06,0.00,0.00%,829568062.00,,2026,5,Basic Materials,Metal Mining
MTB,M&T Bank Corporation Common Stock,$212.14,-0.88,-0.413%,31066855028.00,United States,,668649,Finance,Major Banks
MTB^H,M&T Bank Corporation Perpetual Fixed-to-Floating Rate Non-Cumulative Preferred Stock Series H,$25.2199,0.0599,0.238%,,United States,,9783,,
MTB^J,M&T Bank Corporation Depositary Shares each representing a 1/400th ownership interest in a share of Perpetual 7.500% Non-Cumulative Preferred Stock Series J,$26.77,0.07,0.262%,,United States,,16022,,
MTB^K,M&T Bank Corporation Depositary Shares each representing a 1/400th interest in a share of Perpetual 6.350% Non-Cumulative Preferred Stock Series K,$25.06,0.02,0.08%,,United States,,17166,,
MTC,MMTec Inc. Common Shares,$6.95,-0.07,-0.997%,692135286.00,China,2019,59318,Technology,Computer Software: Prepackaged Software
MTCH,Match Group Inc. Common Stock,$36.96,1.13,3.154%,8621530801.00,United States,,3969691,Technology,Computer Software: Programming Data Processing
MTD,Mettler-Toledo International Inc. Common Stock,$1124.46,-194.83,-14.768%,22768633932.00,Switzerland,1997,539778,Industrials,Biotechnology: Laboratory Analytical Instruments
MTDR,Matador Resources Company Common Stock,$55.26,-0.31,-0.558%,6863340629.00,United States,2012,2683627,Energy,Oil & Gas Production
MTEK,Maris-Tech Ltd. Ordinary Shares,$1.17,-0.01,-0.847%,11347392.00,Israel,2022,55323,Telecommunications,Telecommunications Equipment
MTEN,Mingteng International Corporation Inc. Class A Ordinary Shares,$1.06,0.02,1.923%,5341193.00,China,2024,36686,Industrials,Building Products
MTEX,Mannatech Incorporated Common Stock,$5.70,1.03,22.056%,10999119.00,United States,,697324,Health Care, Medicinal Chemicals and Botanical Products 
MTG,MGIC Investment Corporation Common Stock,$26.75,0.17,0.64%,5657364669.00,United States,1991,2355461,Finance,Property-Casualty Insurers
MTH,Meritage Homes Corporation Common Stock,$65.16,0.72,1.117%,4346330534.00,United States,,651152,Consumer Discretionary,Homebuilding
MTLS,Materialise NV American Depositary Shares,$5.41,-0.03,-0.551%,319553476.00,Belgium,2014,122194,Technology,Computer Software: Prepackaged Software
MTN,Vail Resorts Inc. Common Stock,$125.42,0.16,0.128%,4469097256.00,United States,1997,827817,Consumer Discretionary,Services-Misc. Amusement & Recreation
MTNB,Matinas Biopharma Holdings Inc. Common Stock,$0.638,-0.007,-1.085%,4087150.00,United States,2017,16347,Health Care,Biotechnology: Pharmaceutical Preparations
MTR,Mesa Royalty Trust Common Stock,$4.27,-0.05,-1.157%,7957529.00,United States,,15666,Energy,Oil & Gas Production
MTRN,Materion Corporation,$199.37,8.31,4.349%,4147192064.00,United States,,189433,Industrials,Industrial Specialties
MTRX,Matrix Service Company Common Stock,$12.18,0.02,0.164%,342603973.00,United States,1990,434366,Consumer Discretionary,Engineering & Construction
MTSI,MACOM Technology Solutions Holdings Inc. Common Stock,$359.88,15.41,4.474%,26995307764.00,United States,2012,1768868,Technology,Semiconductors
MTUS,Metallus Inc. Common Shares,$18.45,0.13,0.71%,768033021.00,United States,2014,299483,Industrials,Steel/Iron Ore
MTVA,MetaVia Inc. Common Stock,$1.09,-0.24,-18.045%,5629163.00,United States,2016,482630,Health Care,Biotechnology: Pharmaceutical Preparations
MTW,Manitowoc Company Inc. (The) Common Stock,$13.14,-0.48,-3.524%,471851934.00,United States,,279736,Industrials,Construction/Ag Equipment/Trucks
MTX,Minerals Technologies Inc. Common Stock,$79.51,1.70,2.185%,2465504440.00,United States,1992,360244,Basic Materials,Major Chemicals
MTZ,MasTec Inc. Common Stock,$414.29,2.02,0.49%,32736597565.00,United States,,681512,Industrials,Water Sewer Pipeline Comm & Power Line Construction
MU,Micron Technology Inc. Common Stock,$746.81,100.18,15.493%,842203066627.00,United States,,64446420,Technology,Semiconductors
MUA,Blackrock MuniAssets Fund Inc Common Stock,$10.71,0.00,0.00%,1593246064.00,United States,1993,60739,Finance,Investment Bankers/Brokers/Service
MUC,Blackrock MuniHoldings California Quality Fund Inc.  Common Stock,$10.86,0.01,0.092%,1615560435.00,United States,1998,302669,Finance,Investment Bankers/Brokers/Service
MUFG,Mitsubishi UFJ Financial Group Inc. Common Stock,$17.95,-0.05,-0.278%,213025411014.00,Japan,,1760069,Finance,Commercial Banks
MUJ,Blackrock MuniHoldings New Jersey Quality Fund Inc. Common Stock,$12.39,0.02,0.162%,1843167016.00,United States,1998,92135,Finance,Investment Bankers/Brokers/Service
MUR,Murphy Oil Corporation Common Stock,$36.98,-1.29,-3.371%,5301067320.00,United States,,2425989,Energy,Oil & Gas Production
MUSA,Murphy USA Inc. Common Stock,$577.87,-2.93,-0.504%,10690687459.00,United States,2013,177554,Consumer Discretionary,Retail-Auto Dealers and Gas Stations
MUX,McEwen Inc. Common Stock,$24.23,0.85,3.636%,1447502308.00,Canada,,1664013,Basic Materials,Precious Metals
MUZE,Muzero Acquisition Corp Class A Ordinary Shares,$9.88,0.00,0.00%,0.00,United States,2026,423,Finance,Blank Checks
MUZEU,Muzero Acquisition Corp Unit,$9.995,0.00,0.00%,0.00,United States,2026,219,Finance,Blank Checks
MVBF,MVB Financial Corp. Common Stock,$26.06,-0.33,-1.25%,334868420.00,United States,,21299,Finance,Major Banks
MVIS,MicroVision Inc. Common Stock,$0.6685,0.0561,9.161%,218587953.00,United States,1996,5263662,Technology,Industrial Machinery/Components
MVO,MV Oil Trust Units of Beneficial Interests,$2.06,-0.16,-7.207%,23690000.00,United States,2007,318714,Energy,Oil & Gas Production
MVST,Microvast Holdings Inc. Common Stock,$2.13,0.24,12.698%,707230175.00,United States,2019,7352287,Miscellaneous,Industrial Machinery/Components
MVSTW,Microvast Holdings Inc. Warrants,$0.0306,-0.0019,-5.846%,10160208.00,United States,2019,104679,Miscellaneous,Industrial Machinery/Components
MWA,MUELLER WATER PRODUCTS Common Stock,$26.37,-0.52,-1.934%,4126142353.00,United States,2006,918935,Industrials,Metal Fabrications
MWG,Multi Ways Holdings Limited Class A Ordinary Shares,$1.8316,-0.0184,-0.995%,9418087.00,,2023,5239,Consumer Discretionary,Miscellaneous manufacturing industries
MWH,SOLV Energy Inc. Class A Common Stock,$43.09,1.02,2.425%,8725312887.00,United States,2026,652510,Industrials,Military/Government/Technical
MWYN,Marwynn Holdings Inc. Common stock,$0.7904,0.0103,1.32%,15961973.00,United States,2025,97549,Consumer Discretionary,Food Distributors
MX,Magnachip Semiconductor Corporation Common Stock,$4.53,0.67,17.358%,164072523.00,Luxembourg,2011,3478722,Technology,Semiconductors
MXC,Mexco Energy Corporation Common Stock,$9.2484,-0.1416,-1.508%,18922226.00,United States,2003,15864,Energy,Oil & Gas Production
MXCT,MaxCyte Inc. Common Stock,$0.8433,-0.0282,-3.236%,90335706.00,United States,2021,358398,Health Care,Biotechnology: Commercial Physical & Biological Resarch
MXE,Mexico Equity and Income Fund Inc. (The) Common Stock,$13.51,0.03,0.223%,0.00,United States,,3069,Finance,Finance Companies
MXF,Mexico Fund Inc. (The) Common Stock,$21.93,0.12,0.55%,0.00,United States,,29747,Finance,Trusts Except Educational Religious and Charitable
MXL,MaxLinear Inc. Common Stock,$99.83,17.46,21.197%,8939373087.00,United States,2010,7784615,Technology,Semiconductors
MYE,Myers Industries Inc. Common Stock,$22.96,0.56,2.50%,858778115.00,United States,1983,238636,Industrials,Plastic Products
MYFW,First Western Financial Inc. Common Stock,$29.30,0.06,0.205%,285058762.00,United States,2018,25112,Finance,Major Banks
MYGN,Myriad Genetics Inc. Common Stock,$4.29,0.20,4.89%,405182821.00,United States,1995,1983499,Health Care,Biotechnology: In Vitro & In Vivo Diagnostic Substances
MYI,Blackrock MuniYield Quality Fund III Inc Common Stock,$11.03,0.01,0.091%,1640850055.00,United States,,127429,Finance,Investment Bankers/Brokers/Service
MYN,Blackrock MuniYield New York Quality Fund Inc.Common Stock,$10.05,0.01,0.10%,0.00,United States,1992,151543,Finance,Finance Companies
MYND,Mynd.ai Inc. American Depositary Shares,$0.3217,0.0085,2.714%,14684891.00,,2017,2504,Real Estate,Other Consumer Services
MYO,Myomo Inc. Common Stock,$0.8276,-0.044,-5.048%,31977374.00,United States,2017,685352,Health Care,Industrial Specialties
MYPS,PLAYSTUDIOS Inc.  Class A Common Stock,$0.464,0.024,5.455%,59507121.00,United States,2020,2641969,Technology,Computer Software: Prepackaged Software
MYPSW,PLAYSTUDIOS Inc. Warrant,$0.0048,0.0001,2.128%,615591.00,United States,2020,802,Technology,Computer Software: Prepackaged Software
MYRG,MYR Group Inc. Common Stock,$437.86,10.48,2.452%,6817933823.00,United States,2008,205149,Industrials,Water Sewer Pipeline Comm & Power Line Construction
MYSE,Myseum.AI Inc. Common Stock,$1.82,-0.12,-6.186%,9247919.00,United States,2021,299858,Telecommunications,Telecommunications Equipment
MYSEW,Myseum.AI Inc. Series A Warrant,$0.0501,-0.0124,-19.84%,254572.00,United States,2021,22039,Telecommunications,Telecommunications Equipment
MYSZ,My Size Inc. Common Stock,$0.58,0.00,0.00%,2794535.00,Israel,,5692,Technology,Computer Software: Prepackaged Software
MYXXU,Maywood Acquisition Corp. 2 Units,$10.08,0.015,0.149%,0.00,United States,2026,1191,Finance,Blank Checks
MZTI,The Marzetti Company Common Stock,$113.69,-3.27,-2.796%,3117607180.00,United States,,350991,Consumer Staples,Packaged Foods
MZYX,MOZAYYX Acquisition Corp. Class A Ordinary Shares,$9.90,0.01,0.101%,0.00,,2026,2810,,
NA,Nano Labs Ltd Class A Ordinary Shares,$1.65,-0.42,-20.29%,38303249.00,China,2022,977778,Technology,Semiconductors
NAAS,NaaS Technology Inc. American Depositary Shares,$2.385,0.115,5.066%,28751654.00,China,2017,2438,Consumer Discretionary,Other Specialty Stores
NABL,N-able Inc. Common Stock,$4.69,-0.46,-8.932%,883494180.00,United States,2021,1711260,Technology,Computer Software: Prepackaged Software
NAC,Nuveen California Quality Municipal Income Fund,$11.98,-0.01,-0.083%,0.00,United States,1999,530501,Finance,Investment Managers
NAD,Nuveen Quality Municipal Income Fund Common Stock,$11.95,0.06,0.505%,0.00,United States,1999,388592,Finance,Investment Managers
NAGE,Niagen Bioscience Inc. Common Stock,$4.17,-0.02,-0.477%,332116844.00,United States,,1786985,Health Care, Medicinal Chemicals and Botanical Products 
NAII,Natural Alternatives International Inc. Common Stock,$2.67,-0.07,-2.555%,16491997.00,United States,,4649,Health Care, Medicinal Chemicals and Botanical Products 
NAK,Northern Dynasty Minerals Ltd. Common Stock,$2.15,0.09,4.369%,1203976698.00,Canada,,5138820,Basic Materials,Precious Metals
NAKA,Nakamoto Inc. Common Stock,$0.1771,-0.0029,-1.611%,122202233.00,United States,2024,5540023,Health Care,Medical/Nursing Services
NAMI,Jinxin Technology Holding Company American Depositary Shares,$0.3675,-0.0185,-4.793%,29058744.00,China,2024,18850,Real Estate,Other Consumer Services
NAMM,Namib Minerals Ordinary Shares,$1.59,-0.15,-8.621%,86627425.00,Cayman Islands,,661445,Basic Materials,Precious Metals
NAMMW,Namib Minerals Warrants,$0.1893,0.0183,10.702%,10313567.00,Cayman Islands,,24367,Basic Materials,Precious Metals
NAMS,NewAmsterdam Pharma Company N.V. Ordinary Shares,$38.73,3.88,11.133%,4527691107.00,Netherlands,,4805917,Health Care,Biotechnology: Pharmaceutical Preparations
NAMSW,NewAmsterdam Pharma Company N.V. Warrant,$28.00,5.20,22.807%,3273311412.00,Netherlands,,11808,Health Care,Biotechnology: Pharmaceutical Preparations
NAN,Nuveen New York Quality Municipal Income Fund Common Stock,$11.53,0.065,0.567%,3485701174.00,United States,1999,55434,Finance,Investment Managers
NAT,Nordic American Tankers Limited Common Stock,$5.92,0.06,1.024%,1253563925.00,Bermuda,1995,2247092,Consumer Discretionary,Marine Transportation
NATH,Nathan's Famous Inc. Common Stock,$101.40,-0.08,-0.079%,415172667.00,United States,1993,14122,Consumer Discretionary,Restaurants
NATL,NCR Atleos Corporation Common Stock,$44.27,0.02,0.045%,3264986210.00,United States,2023,1300499,Miscellaneous,Office Equipment/Supplies/Services
NATR,Nature's Sunshine Products Inc. Common Stock,$24.23,-0.32,-1.303%,424209342.00,United States,,137608,Health Care,Biotechnology: Pharmaceutical Preparations
NAUT,Nautilus Biotechnology Inc. Common Stock,$2.68,-0.20,-6.944%,340571331.00,United States,2020,255370,Industrials,Biotechnology: Laboratory Analytical Instruments
NAVI,Navient Corporation Common Stock,$8.54,-0.25,-2.844%,802589063.00,United States,,560995,Finance,Investment Bankers/Brokers/Service
NAVN,Navan Inc. Class A Common Stock,$18.68,0.67,3.72%,4684215742.00,United States,2025,3868054,Technology,Computer Software: Prepackaged Software
NAZ,Nuveen Arizona Quality Municipal Income Fund Common Stock,$12.72,-0.02,-0.157%,0.00,United States,1992,8291,Finance,Finance/Investors Services
NB,NioCorp Developments Ltd. Common Stock,$6.09,0.10,1.669%,763205937.00,United States,,3338581,Basic Materials,Metal Mining
NBB,Nuveen Taxable Municipal Income Fund Common Shares of Beneficial Interest,$15.93,0.08,0.505%,0.00,United States,2010,47009,Finance,Finance Companies
NBBK,NB Bancorp Inc. Common Stock,$20.12,-0.20,-0.984%,908723301.00,United States,2023,277775,Finance,Banks
NBH,Neuberger Municipal Fund Inc. Common Stock,$10.43,-0.04,-0.382%,0.00,United States,2002,105601,Finance,Finance/Investors Services
NBHC,National Bank Holdings Corporation Common Stock,$42.85,0.04,0.093%,1915072425.00,United States,2012,244526,Finance,Major Banks
NBIS,Nebius Group N.V. Class A Ordinary Shares,$177.05,-7.72,-4.178%,44952675248.00,Netherlands,2011,12877520,Technology,Computer Software: Programming Data Processing
NBIX,Neurocrine Biosciences Inc. Common Stock,$152.25,2.66,1.778%,15308734912.00,United States,1996,1415120,Health Care,Biotechnology: Biological Products (No Diagnostic Substances)
NBN,Northeast Bank Common Stock,$124.65,-0.98,-0.78%,1013404500.00,United States,,85809,Finance,Major Banks
NBP,NovaBridge Biosciences American Depositary Shares,$2.20,-0.02,-0.901%,253839722.00,China,2020,395728,Health Care,Biotechnology: Pharmaceutical Preparations
NBR,Nabors Industries Ltd.,$97.40,0.88,0.912%,1554230501.00,Bermuda,1951,277363,Energy,Oil & Gas Production
NBRG,Newbridge Acquisition Limited Class A Ordinary Share,$9.90,0.00,0.00%,0.00,Hong Kong,2026,6,Finance,Blank Checks
NBRGR,Newbridge Acquisition Limited Rights,$0.14,0.00,0.00%,0.00,Hong Kong,2026,8,,
NBRGU,Newbridge Acquisition Limited Unit,$9.97,-0.06,-0.598%,0.00,Hong Kong,2026,112,Finance,Blank Checks
NBTB,NBT Bancorp Inc. Common Stock,$45.59,0.52,1.154%,2371119761.00,United States,,295894,Finance,Major Banks
NBTX,Nanobiotix S.A. American Depositary Shares,$45.49,2.88,6.759%,2202173993.00,France,2020,56641,Health Care,Biotechnology: Pharmaceutical Preparations
NBXG,Neuberger Next Generation Connectivity Fund Inc. Common Stock,$15.28,0.05,0.328%,0.00,United States,2021,171072,Finance,Trusts Except Educational Religious and Charitable
NC,NACCO Industries Inc. Common Stock,$50.37,-1.74,-3.339%,379820526.00,United States,,10757,Energy,Coal Mining
NCA,Nuveen California Municipal Value Fund,$9.62,0.16,1.691%,0.00,United States,,46872,Finance,Investment Managers
NCDL,Nuveen Churchill Direct Lending Corp. Common Stock,$13.66,-0.35,-2.498%,674627308.00,United States,2024,186631,,
NCEL,NewcelX Ltd. Ordinary Shares,$3.36,0.12,3.704%,17959818.00,Switzerland,2021,25192,Health Care,Biotechnology: Pharmaceutical Preparations
NCEW,New Century Logistics (BVI) Limited Ordinary Shares,$16.25,0.25,1.563%,52000000.00,Hong Kong,2024,1795,Industrials,Integrated Freight & Logistics
NCI,Neo-Concept International Group Holdings Limited Class A Ordinary Shares,$1.12,0.01,0.901%,21183700.00,Hong Kong,2024,1469581,Consumer Discretionary,Apparel
NCL,Northann Corp. Common Stock,$0.1467,0.0011,0.755%,7882643.00,,2023,291289,Industrials,Plastic Products
NCLH,Norwegian Cruise Line Holdings Ltd. Ordinary Shares,$17.08,-0.14,-0.813%,7841601191.00,United States,,17628645,Consumer Discretionary,Marine Transportation
NCMI,National CineMedia Inc. Common Stock,$3.67,-0.04,-1.078%,342339138.00,United States,2007,284369,Consumer Discretionary,Advertising
NCNA,NuCana plc American Depositary Share,$2.11,0.02,0.957%,8781759.00,United Kingdom,2017,24998,Health Care,Biotechnology: Pharmaceutical Preparations
NCNO,nCino Inc. Common Stock,$17.75,-0.03,-0.169%,1931104115.00,United States,2020,1775815,Technology,Computer Software: Prepackaged Software
NCPL,Netcapital Inc. Common Stock,$0.397,0.0154,4.036%,3115616.00,United States,,1071665,Finance,Finance: Consumer Services
NCPLW,Netcapital Inc. Warrants,$0.0249,0.0022,9.692%,195413.00,United States,,6968,Finance,Finance: Consumer Services
NCRA,Nocera Inc. Common Stock,$0.244,0.0088,3.741%,4166415.00,Taiwan,,175776,Consumer Staples,Farming/Seeds/Milling
NCSM,NCS Multistage Holdings Inc. Common Stock,$40.36,0.53,1.331%,105925748.00,United States,2017,30383,Energy,Oilfield Services/Equipment
NCT,Intercont (Cayman) Limited Class A Ordinary shares,$2.55,-0.2099,-7.605%,3109399.00,China,2025,19273,Consumer Discretionary,Restaurants
NCTY,The9 Limited American Depository Shares,$5.80,0.14,2.473%,88584369.00,China,2004,26119,Finance,Finance: Consumer Services
NCV,Virtus Convertible & Income Fund Common Shares of Beneficial Interest,$17.45,0.30,1.749%,1577018779.00,United States,2003,81666,Finance,Finance Companies
NCV^A,Virtus Convertible & Income Fund 5.625% Series A Cumulative Preferred Shares,$20.94,0.10,0.48%,,United States,,5632,,
NCZ,Virtus Convertible & Income Fund II Common Shares of Beneficial Interest,$15.80,0.16,1.023%,1202628834.00,United States,2003,148975,Finance,Finance Companies
NCZ^A,Virtus Convertible & Income Fund II 5.50% Series A Cumulative Preferred Shares,$20.21,0.03,0.149%,,United States,,2587,,
NDAQ,Nasdaq Inc. Common Stock,$88.91,-0.09,-0.101%,50282232350.00,United States,,2558761,Finance,Investment Bankers/Brokers/Service
NDLS,Noodles & Company Class A Common Stock,$12.67,0.67,5.583%,74603785.00,United States,2013,82511,Consumer Discretionary,Restaurants
NDMO,Nuveen Dynamic Municipal Opportunities Fund Common Shares of Beneficial Interest,$10.38,0.02,0.193%,617249129.00,,2020,87109,Finance,Trusts Except Educational Religious and Charitable
NDRA,ENDRA Life Sciences Inc. Common Stock,$4.95,0.00,0.00%,6141717.00,United States,2017,7995,Health Care,Biotechnology: Electromedical & Electrotherapeutic Apparatus
NDSN,Nordson Corporation Common Stock,$283.53,-0.60,-0.211%,15816323541.00,United States,,443068,Industrials,Industrial Machinery/Components
NE,Noble Corporation plc A Ordinary Shares,$50.14,1.66,3.424%,7999633632.00,United States,2022,1481692,Energy,Oil & Gas Production
NEA,Nuveen AMT-Free Quality Municipal Income Fund Common Shares of Beneficial Interest Par Value $.01,$11.64,0.05,0.431%,0.00,United States,2002,543918,Finance,Finance/Investors Services
NECB,NorthEast Community Bancorp Inc. Common Stock,$24.46,-0.05,-0.204%,337924855.00,United States,2021,19298,Finance,Banks
NEE,NextEra Energy Inc. Common Stock,$93.10,-0.22,-0.236%,194145289554.00,United States,,6228650,Technology,EDP Services
NEE^N,NextEra Energy Capital Holdings Inc. Series N Junior Subordinated Debentures due March 1 2079,$23.96,0.11,0.461%,,United States,,28648,,
NEE^S,NextEra Energy Inc. 7.299% Corporate Units,$56.81,-0.11,-0.193%,,United States,,54471,,
NEE^T,NextEra Energy Inc. 7.234% Corporate Units,$52.04,-0.05,-0.096%,,United States,,58908,,
NEE^U,NextEra Energy Inc. Series U Junior Subordinated Debentures due June 1 2085,$25.335,0.09,0.357%,,United States,,35323,,
NEE^V,NextEra Energy Inc. 7.375% Corporate Units,$50.53,-0.14,-0.276%,,United States,,24221,,
NEE^W,NextEra Energy Capital Holdings Inc. Series Z Junior Subordinated Debentures due April 15 2086,$25.27,0.09,0.357%,,United States,,23961,,
NEGG,Newegg Commerce Inc. Common Shares,$25.51,-3.70,-12.667%,535022761.00,China,2010,161836,Consumer Discretionary,Other Specialty Stores
NEM,Newmont Corporation,$116.51,3.02,2.661%,124380572534.00,United States,,5291110,Basic Materials,Precious Metals
NEN,New England Realty Associates Limited Partnership Class A Depositary Receipts Evidencing Units of Limited Partnership,$60.00,0.06,0.10%,174275640.00,United States,,245,Real Estate,Building operators
NEO,NeoGenomics Inc. Common Stock,$8.96,-0.11,-1.213%,1166697549.00,United States,,1747803,Health Care,Precision Instruments
NEOG,Neogen Corporation Common Stock,$9.05,-0.20,-2.162%,1969941021.00,United States,1989,1596294,Health Care,Biotechnology: In Vitro & In Vivo Diagnostic Substances
NEON,Neonode Inc. Common Stock,$1.68,-0.14,-7.692%,28195309.00,Sweden,,138335,Technology,Industrial Machinery/Components
NEOV,NeoVolta Inc. Common Stock,$2.64,0.16,6.452%,112757835.00,United States,,477411,Miscellaneous,Industrial Machinery/Components
NEOVW,NeoVolta Inc. Warrant,$1.29,0.19,17.273%,55097578.00,United States,,111,Miscellaneous,Industrial Machinery/Components
NEPH,Nephros Inc. Common Stock,$3.52,0.29,8.978%,37467823.00,United States,,125269,Health Care,Medical/Dental Instruments
NERV,Minerva Neurosciences Inc Common Stock,$5.88,-0.245,-4.00%,273941609.00,United States,2014,74688,Health Care,Biotechnology: Pharmaceutical Preparations
NESR,National Energy Services Reunited Corp Ordinary Shares,$23.10,-0.25,-1.071%,2328410792.00,United States,,1967065,Energy,Oilfield Services/Equipment
NET,Cloudflare Inc. Class A Common Stock,$196.13,-60.66,-23.622%,69033895847.00,United States,2019,18893658,Technology,Computer Software: Prepackaged Software
NEU,NewMarket Corp Common Stock,$684.91,5.77,0.85%,6299815193.00,United States,,79207,Industrials,Major Chemicals
NEUP,Neuphoria Therapeutics Inc. Common Stock,$5.31,-0.03,-0.562%,28625652.00,United States,2021,36278,Health Care,Biotechnology: Pharmaceutical Preparations
NEWP,New Pacific Metals Corp. Common Shares,$5.71,-0.08,-1.382%,1209304038.00,Canada,2021,800779,Basic Materials,Precious Metals
NEWT,NewtekOne Inc. Common Stock,$14.27,0.60,4.389%,411425377.00,United States,,307288,Finance,Major Banks
NEWTG,NewtekOne Inc. 8.50% Fixed Rate Senior Notes due 2029,$25.5999,-0.0801,-0.312%,673836779.00,United States,,670,Finance,Major Banks
NEWTH,NewtekOne Inc. 8.625% Fixed Rate Senior Notes due 2029,$25.35,0.00,0.00%,0.00,United States,,1826,Finance,Major Banks
NEWTI,NewtekOne Inc. 8.00% Fixed Rate Senior Notes due 2028,$25.25,-0.185,-0.727%,664626763.00,United States,,1760,Finance,Major Banks
NEWTO,NewtekOne Inc. 8.50% Fixed Rate Senior Notes due 2031,$25.75,0.00,0.00%,0.00,United States,,52,,
NEWTP,NewtekOne Inc. Depositary Shares Non-Cumulative Perpetual Preferred Stock Series B,$24.30,0.04,0.165%,700605231.00,United States,,4573,Finance,Major Banks
NEXA,Nexa Resources S.A. Common Shares,$14.33,0.40,2.872%,1897845296.00,Luxembourg,2017,1207313,Basic Materials,Metal Mining
NEXM,NexMetals Mining Corp. Common Shares,$3.28,0.40,13.889%,0.00,Canada,,102980,,
NEXN,Nexxen International Ltd. Ordinary Shares,$7.69,-0.04,-0.517%,504176932.00,Israel,2021,156094,Technology,Computer Software: Programming Data Processing
NEXR,Nexera Technologies Ltd Ordinary Shares,$1.73,-0.14,-7.487%,1399862.00,Israel,2022,104281,Consumer Discretionary,Other Specialty Stores
NEXRW,Nexera Technologies Ltd Warrant,$0.018,0.0032,21.622%,14565.00,Israel,2022,5000,Consumer Discretionary,Other Specialty Stores
NEXT,NextDecade Corporation Common Stock,$7.56,-0.06,-0.787%,2003346982.00,United States,2015,2389530,Utilities,Oil & Gas Production
NFBK,Northfield Bancorp Inc. Common Stock (Delaware),$14.04,-0.03,-0.213%,586366518.00,United States,2007,118380,Finance,Savings Institutions
NFE,New Fortress Energy Inc. Class A Common Stock,$0.70,-0.0301,-4.123%,199186968.00,United States,2019,4461531,Utilities,Oil/Gas Transmission
NFG,National Fuel Gas Company Common Stock,$79.52,-0.70,-0.873%,7557211986.00,United States,,739339,Utilities,Oil/Gas Transmission
NFGC,New Found Gold Corp Common Shares,$2.18,0.07,3.318%,746278670.00,,2021,1127518,Basic Materials,Precious Metals
NFJ,Virtus Dividend Interest & Premium Strategy Fund Common Shares of Beneficial Interest,$14.50,0.12,0.834%,0.00,United States,2005,151444,Finance,Finance: Consumer Services
NFLX,Netflix Inc. Common Stock,$87.49,-0.76,-0.861%,368402763215.00,United States,2002,36128273,Consumer Discretionary,Consumer Electronics/Video Chains
NG,Novagold Resources Inc.,$8.75,0.23,2.70%,3839330373.00,Canada,2003,2822801,Basic Materials,Precious Metals
NGEN,NervGen Pharma Corp. Common stock,$3.75,-0.10,-2.597%,273134213.00,Canada,,123698,,
NGG,National Grid Transco PLC National Grid PLC (NEW) American Depositary Shares,$86.89,0.98,1.141%,86221727012.00,United Kingdom,,1000552,Utilities,Natural Gas Distribution
NGL,NGL ENERGY PARTNERS LP Common Units representing Limited Partner Interests,$16.33,0.20,1.24%,2021887339.00,United States,2011,157492,Utilities,Natural Gas Distribution
NGL^B,NGL ENERGY PARTNERS LP 9.00% Class B Fixed-to-Floating Rate Cumulative Redeemable Perpetual Preferred Units representing limited partnership interests,$25.39,0.20,0.794%,,United States,,9772,,
NGL^C,NGL ENERGY PARTNERS LP 9.625% Class C Fixed-to-Floating Rate Cumulative  Redeemable Perpetual Preferred Units representing  limited partner interests,$25.40,-0.0899,-0.353%,,United States,,2100,,
NGNE,Neurogene Inc. Common Stock ,$30.78,-0.48,-1.536%,480653893.00,Canada,2014,168755,Health Care,Biotechnology: Pharmaceutical Preparations
NGS,Natural Gas Services Group Inc. Common Stock,$38.75,-0.83,-2.097%,488186644.00,United States,2002,52164,Energy,Oilfield Services/Equipment
NGVC,Natural Grocers by Vitamin Cottage Inc. Common Stock,$26.41,-1.35,-4.863%,608303986.00,United States,2012,220685,Consumer Staples,Food Chains
NGVT,Ingevity Corporation Common Stock ,$75.63,1.56,2.106%,2663880549.00,United States,2016,353026,Industrials,Major Chemicals
NHC,National HealthCare Corporation Common Stock,$188.82,17.40,10.151%,2945411866.00,United States,1986,150398,Health Care,Hospital/Nursing Management
NHI,National Health Investors Inc. Common Stock,$75.26,0.19,0.253%,3647933406.00,United States,,368282,Real Estate,Real Estate Investment Trusts
NHIC,NewHold Investment Corp III Class A Ordinary Shares,$10.54,0.00,0.00%,0.00,United States,2025,44965,,
NHICU,NewHold Investment Corp III Units,$10.89,0.00,0.00%,0.00,United States,2025,15,Finance,Blank Checks
NHICW,NewHold Investment Corp III Warrants,$0.70,-0.1881,-21.18%,0.00,United States,2025,9837,,
NHIVU,NewHold Investment Corp IV Units,$10.11,0.01,0.099%,0.00,United States,2026,1388,Finance,Blank Checks
NHP,National Healthcare Properties Inc. Class A Common Stock,$14.12,0.54,3.976%,401180024.00,United States,,624799,,
NHPAP,National Healthcare Properties Inc. 7.375% Series A Cumulative Redeemable Perpetual Preferred Stock,$21.0273,0.096,0.459%,597431496.00,United States,,8998,Real Estate,Real Estate Investment Trusts
NHPBP,National Healthcare Properties Inc. 7.125% Series B Cumulative Redeemable Perpetual Preferred Stock,$20.94,0.36,1.749%,594951112.00,United States,,2336,Real Estate,Real Estate Investment Trusts
NHS,Neuberger High Yield Strategies Fund Inc. Common Stock,$6.46,-0.03,-0.462%,0.00,United States,,446735,Finance,Trusts Except Educational Religious and Charitable
NHTC,Natural Health Trends Corp. Common Stock,$3.10,-0.10,-3.125%,26591329.00,United States,,41546,Consumer Discretionary,Consumer Specialties
NI,NiSource Inc Common Stock,$46.72,-0.30,-0.638%,22399401526.00,United States,,3853475,Utilities,Power Generation
NIC,Nicolet Bankshares Inc. Common Stock,$147.06,0.37,0.252%,3125305149.00,United States,2022,118495,Finance,Major Banks
NICE,NICE Ltd American Depositary Shares,$92.73,-2.91,-3.043%,5508493973.00,Israel,,877257,Technology,Computer Software: Prepackaged Software
NICM,Nicola Mining Inc. American Depositary Shares,$6.71,-0.18,-2.612%,1540117507.00,Canada,,12769,,
NIE,Virtus Equity & Convertible Income Fund Common Shares of Beneficial Interest,$26.53,0.13,0.492%,735118841.00,United States,2007,38548,Finance,Investment Managers
NIM,Nuveen Select Maturities Municipal Fund Common Stock,$9.31,0.02,0.215%,0.00,United States,1992,14409,Finance,Trusts Except Educational Religious and Charitable
NINE,Nine Energy Service Inc. Common Stock,$10.01,0.16,1.624%,433540878.00,,2026,31001,Energy,Oilfield Services/Equipment
NIO,NIO Inc. American depositary shares each  representing one Class A ordinary share,$5.85,-0.02,-0.341%,14658152079.00,United States,2018,18821205,Industrials,Auto Manufacturing
NIOBW,NioCorp Developments Ltd. Warrant,$1.98,-0.0001,-0.005%,248135921.00,United States,,63725,Basic Materials,Metal Mining
NIPG,NIP Group Inc. American Depositary Shares,$0.6104,-0.0207,-3.28%,136947975.00,Sweden,2024,28159,Consumer Discretionary,Services-Misc. Amusement & Recreation
NIQ,NIQ Global Intelligence plc Ordinary Shares,$10.72,-0.48,-4.286%,3163635705.00,United States,2025,638087,Technology,Computer Software: Programming Data Processing
NIU,Niu Technologies American Depositary Shares,$3.17,0.03,0.955%,248642399.00,China,2018,145815,Industrials,Auto Manufacturing
NIVF,NewGenIvf Group Limited Class A Ordinary Shares,$1.21,-0.08,-6.202%,7973631.00,Singapore,,150294,Health Care,Misc Health and Biotechnology Services
NIVFW,NewGenIvf Group Limited Warrants,$0.0233,0.0003,1.304%,13247.00,Singapore,,25995,Health Care,Misc Health and Biotechnology Services
NIXX,Nixxy Inc. Common Stock,$0.6294,-0.0298,-4.521%,16926093.00,United States,,357176,Technology,EDP Services
NIXXW,Nixxy Inc. Warrant,$0.01,0.0024,31.579%,268924.00,United States,,16161,Technology,EDP Services
NJR,NewJersey Resources Corporation Common Stock,$55.55,0.02,0.036%,5606193380.00,United States,,597161,Utilities,Oil/Gas Transmission
NKE,Nike Inc. Common Stock,$44.14,-0.27,-0.608%,65366353637.00,United States,,17332544,Consumer Discretionary,Shoe Manufacturing
NKLR,Terra Innovatum Global N.V. Ordinary shares,$5.78,-0.14,-2.365%,406339479.00,Italy,,445365,Industrials,Metal Fabrications
NKSH,National Bankshares Inc. Common Stock,$37.46,-0.25,-0.663%,238560639.00,United States,,36148,Finance,Major Banks
NKTR,Nektar Therapeutics  Common Stock,$81.89,-1.48,-1.775%,2430466293.00,United States,,722517,Health Care,Biotechnology: Pharmaceutical Preparations
NKTX,Nkarta Inc. Common Stock,$3.19,0.04,1.27%,227418051.00,United States,2020,681509,Health Care,Biotechnology: Pharmaceutical Preparations
NKX,Nuveen California AMT-Free Quality Municipal Income Fund,$12.46,-0.01,-0.08%,0.00,United States,2002,99602,Finance,Finance/Investors Services
NL,NL Industries Inc. Common Stock,$5.97,-0.04,-0.666%,291710522.00,United States,,86173,Basic Materials,Major Chemicals
NLOP,Net Lease Office Properties Common Shares of Beneficial Interest,$11.95,-1.16,-8.848%,177028196.00,United States,2023,316911,Real Estate,Real Estate Investment Trusts
NLY,Annaly Capital Management Inc. Common Stock,$22.61,0.23,1.028%,16561388763.00,United States,,4400351,Real Estate,Real Estate Investment Trusts
NLY^F,Annaly Capital Management Inc 6.95% Series F,$26.06,0.06,0.231%,,United States,,21824,,
NLY^G,Annaly Capital Management Inc 6.50% Series G Fixed-to-Floating Rate Cumulative Redeemable Preferred Stock,$25.36,0.16,0.635%,,United States,,27541,,
NLY^I,Annaly Capital Management Inc 6.750% Series I Fixed-to-Floating Rate Cumulative Redeemable Preferred Stock,$25.68,0.06,0.234%,,United States,,46369,,
NLY^J,Annaly Capital Management Inc. 8.875% Series J Fixed-Rate Cumulative Redeemable Preferred Stock,$26.06,-0.03,-0.115%,,United States,,441820,,
NMAI,Nuveen Multi-Asset Income Fund Common Shares of Beneficial Interest,$14.16,0.19,1.36%,0.00,United States,2021,121782,Finance,Investment Managers
NMAX,Newsmax Inc. Class B Common Stock,$6.34,0.19,3.089%,818737805.00,United States,2025,1161997,Industrials,Broadcasting
NMCO,Nuveen Municipal Credit Opportunities Fund Common Shares,$10.82,0.01,0.093%,592627349.00,,2019,120614,Finance,Finance/Investors Services
NMFC,New Mountain Finance Corporation Common Stock,$8.28,-0.16,-1.896%,782065789.00,United States,,622369,Finance,Finance/Investors Services
NMFCZ,New Mountain Finance Corporation 8.250% Notes due 2028,$25.24,-0.039,-0.154%,2684550656.00,United States,,1564,,
NMG,Nouveau Monde Graphite Inc. Common Shares,$2.04,-0.02,-0.971%,328086140.00,Canada,,840121,Basic Materials,Other Metals and Minerals
NMI,Nuveen Municipal Income Fund Inc. Common Stock,$10.85,0.36,3.432%,0.00,United States,1988,43442,Finance,Trusts Except Educational Religious and Charitable
NMIH,NMI Holdings Inc. Common Stock,$38.87,0.29,0.752%,2953027403.00,United States,2013,355252,Finance,Property-Casualty Insurers
NML,Neuberger Energy Infrastructure and Income Fund Inc. Common Stock,$9.88,-0.19,-1.887%,0.00,United States,2013,97832,Finance,Finance/Investors Services
NMM,Navios Maritime Partners LP Common Units Representing Limited Partner Interests,$74.97,3.40,4.751%,2186747976.00,Greece,2007,143578,Consumer Discretionary,Marine Transportation
NMP,NMP Acquisition Corp. Class A Ordinary Shares,$10.20,0.00,0.00%,0.00,United States,2025,14,Finance,Blank Checks
NMR,Nomura Holdings Inc ADR American Depositary Shares,$7.95,0.05,0.633%,23501877172.00,Japan,,1332602,Finance,Investment Bankers/Brokers/Service
NMRA,Neumora Therapeutics Inc. Common Stock,$1.83,-0.11,-5.67%,334319179.00,United States,2023,2129444,Health Care,Biotechnology: Biological Products (No Diagnostic Substances)
NMRK,Newmark Group Inc. Class A Common Stock,$16.73,-0.14,-0.83%,3085641282.00,United States,2017,1457391,Finance,Real Estate
NMS,Nuveen Minnesota Quality Municipal Income Fund ,$12.37,0.0399,0.324%,0.00,United States,2014,11617,Finance,Finance Companies
NMT,Nuveen Massachusetts Quality Municipal Income Fund Common Stock,$13.06,0.00,0.00%,0.00,United States,,42053,Finance,Finance/Investors Services
NMTC,NeuroOne Medical Technologies Corporation Common Stock,$4.76,0.22,4.846%,40216459.00,United States,,34670,Health Care,Medical/Dental Instruments
NMZ,Nuveen Municipal High Income Opportunity Fund Common Stock $0.01 par value per share,$10.25,0.02,0.196%,0.00,United States,2003,641029,Finance,Finance/Investors Services
NN,NextNav Inc. Common Stock,$19.79,0.28,1.435%,2691997939.00,United States,,1998925,Industrials,Industrial Machinery/Components
NNAVW,NextNav Inc. Warrant,$8.58,0.3399,4.125%,1167121896.00,United States,,282411,Industrials,Industrial Machinery/Components
NNBR,NN Inc. Common Stock,$2.80,0.04,1.449%,147765834.00,United States,1994,2031064,Industrials,Industrial Machinery/Components
NNDM,Nano Dimension Ltd. American Depositary Shares,$1.58,-0.27,-14.595%,328618333.00,Israel,,5102709,Technology,Electrical Products
NNE,Nano Nuclear Energy Inc. Common Stock,$27.45,0.75,2.809%,1429683675.00,United States,2024,2276817,Utilities,Electric Utilities: Central
NNI,Nelnet Inc. Common Stock,$122.38,-18.98,-13.427%,4404698145.00,United States,2003,305233,Finance,Finance: Consumer Services
NNN,NNN REIT Inc. Common Stock,$44.36,-0.15,-0.337%,8439409132.00,United States,,1753199,Real Estate,Real Estate Investment Trusts
NNNN,Anbio Biotechnology Class A Ordinary Shares,$25.84,-0.04,-0.155%,3718148608.00,Germany,2025,15842,Health Care,Biotechnology: In Vitro & In Vivo Diagnostic Substances
NNOX,NANO-X IMAGING LTD Ordinary Shares,$1.73,-0.03,-1.705%,120391094.00,Israel,2020,1225770,Health Care,Medical Electronics
NNVC,NanoViricides Inc. Common Stock,$1.55,0.13,9.155%,33472250.00,United States,,424455,Health Care,Biotechnology: Pharmaceutical Preparations
NNY,Nuveen New York Municipal Value Fund Common Stock,$8.515,0.005,0.059%,0.00,United States,1988,21224,Finance,Investment Managers
NOA,North American Construction Group Ltd. Common Shares (no par),$14.68,0.19,1.311%,418634918.00,Canada,2006,60515,Energy,Oilfield Services/Equipment
NOAH,Noah Holdings Limited American Depositary Shares,$10.84,0.02,0.185%,726839962.00,China,2010,37073,Finance,Investment Managers
NOC,Northrop Grumman Corporation Common Stock,$549.52,-2.75,-0.498%,78050235732.00,United States,,742474,Industrials,Industrial Machinery/Components
NODK,NI Holdings Inc. Common Stock,$12.81,-0.11,-0.851%,262868540.00,United States,2017,23650,Finance,Property-Casualty Insurers
NOEM,CO2 Energy Transition Corp. Common Stock,$10.45,0.04,0.384%,0.00,United States,2025,1158,,
NOEMW,CO2 Energy Transition Corp. Warrant,$0.0753,0.00,0.00%,0.00,United States,2025,130,,
NOG,Northern Oil and Gas Inc. Common Stock,$23.40,-0.53,-2.215%,2475512278.00,United States,2022,1952359,Energy,Oil & Gas Production
NOK,Nokia Corporation Sponsored American Depositary Shares,$12.82,0.47,3.806%,73615512903.00,Finland,1994,96709399,Technology,Radio And Television Broadcasting And Communications Equipment
NOMA,NOMADAR Corp. Class A Common Stock,$3.61,-0.14,-3.733%,51535999.00,United States,,5027,Consumer Discretionary,Services-Misc. Amusement & Recreation
NOMD,Nomad Foods Limited Ordinary Shares,$9.44,-0.70,-6.903%,1341292708.00,United Kingdom,2016,2481391,Consumer Staples,Packaged Foods
NOTV,Inotiv Inc. Common Stock,$0.3041,0.0099,3.365%,10459511.00,United States,,321439,Health Care,Biotechnology: Commercial Physical & Biological Resarch
NOV,NOV Inc. Common Stock,$19.25,-0.05,-0.259%,6908603240.00,United States,,3093616,Consumer Discretionary,Oil and Gas Field Machinery
NOVT,Novanta Inc. Common Stock,$138.31,2.03,1.49%,4925306650.00,United States,,466490,Miscellaneous,Industrial Machinery/Components
NOVTU,Novanta Inc. Tangible Equity Units,$60.15,0.62,1.041%,2141979575.00,United States,,129219,Miscellaneous,Industrial Machinery/Components
NOW,ServiceNow Inc. Common Stock,$91.18,-2.41,-2.575%,94006580000.00,United States,2012,24648383,Technology,Computer Software: Prepackaged Software
NP,Neptune Insurance Holdings Inc. Class A Common Stock,$29.92,-0.55,-1.805%,4138860917.00,,2025,451217,Finance,Specialty Insurers
NPAC,New Providence Acquisition Corp. III Class A Ordinary Shares,$10.325,0.005,0.048%,0.00,United States,2025,22100,Finance,Blank Checks
NPACU,New Providence Acquisition Corp. III Units,$10.38,-0.01,-0.096%,0.00,United States,2025,118,Finance,Blank Checks
NPACW,New Providence Acquisition Corp. III Warrants,$0.3199,0.0099,3.194%,0.00,United States,2025,6474,Finance,Blank Checks
NPB,Northpointe Bancshares Inc. Common Stock,$17.78,0.09,0.509%,613305382.00,United States,2025,109354,Finance,Major Banks
NPCE,Neuropace Inc. Common Stock,$18.35,-0.94,-4.873%,622990739.00,United States,2021,329180,Health Care,Medical/Dental Instruments
NPCT,Nuveen Core Plus Impact Fund Common Shares of Beneficial Interest,$10.50,-0.03,-0.285%,0.00,United States,2021,92154,Finance,Investment Managers
NPFD,Nuveen Variable Rate Preferred & Income Fund Common Shares,$19.40,0.08,0.414%,0.00,United States,2021,62107,Finance,Trusts Except Educational Religious and Charitable
NPK,National Presto Industries Inc. Common Stock,$142.48,5.03,3.66%,1020660752.00,United States,,98513,Industrials,Ordnance And Accessories
NPKI,NPK International Inc. Common Stock,$14.95,-0.48,-3.111%,1262483188.00,United States,,630255,Consumer Discretionary,Oil and Gas Field Machinery
NPO,Enpro Inc. Common Stock,$309.22,8.46,2.813%,6532787042.00,United States,,268459,Industrials,Metal Fabrications
NPT,Texxon Holding Limited Ordinary shares,$1.38,-0.18,-11.538%,30615300.00,China,2025,62411,Consumer Discretionary,Specialty Chemicals
NPV,Nuveen Virginia Quality Municipal Income Fund Common Stock,$11.49,0.00,0.00%,0.00,United States,1993,76115,Finance,Investment Managers
NPWR,NET Power Inc. Class A Common Stock,$2.00,-0.05,-2.439%,449523362.00,United States,2021,737296,Energy,Industrial Machinery/Components
NRC,NRC Health Common Stock,$18.75,0.02,0.107%,422563050.00,United States,,128768,Health Care,Biotechnology: Commercial Physical & Biological Resarch
NRDS,NerdWallet Inc. Class A Common Stock,$9.135,-0.635,-6.499%,601071883.00,United States,2021,1190571,Technology,EDP Services
NRDY,Nerdy Inc. Class A Common Stock,$0.8624,-0.0176,-2.00%,162645867.00,United States,2020,370922,Real Estate,Other Consumer Services
NREF,NexPoint Real Estate Finance Inc. Common Stock,$15.99,0.17,1.075%,298804858.00,United States,2020,41415,Real Estate,Real Estate Investment Trusts
NREF^A,NexPoint Real Estate Finance Inc. 8.50% Series A Cumulative Redeemable Preferred Stock,$22.86,0.16,0.705%,,United States,,5833,,
NRG,NRG Energy Inc. Common Stock,$138.11,-3.75,-2.643%,29139341372.00,United States,,2474597,Utilities,Electric Utilities: Central
NRGV,Energy Vault Holdings Inc. Common Stock,$4.53,0.38,9.157%,788884261.00,United States,2021,4495822,Miscellaneous,Industrial Machinery/Components
NRIM,Northrim BanCorp Inc Common Stock,$24.64,-0.02,-0.081%,548111034.00,United States,,60709,Finance,Savings Institutions
NRIX,Nurix Therapeutics Inc. Common stock,$16.52,0.24,1.474%,1708264031.00,United States,2020,1293849,Health Care,Biotechnology: Pharmaceutical Preparations
NRK,Nuveen New York AMT-Free Quality Municipal Income Fund ,$10.74,0.04,0.374%,0.00,United States,2002,101119,Finance,Trusts Except Educational Religious and Charitable
NRO,Neuberger Real Estate Securities Income Fund Inc. Common Stock,$3.08,0.03,0.984%,0.00,United States,2003,266486,Finance,Finance/Investors Services
NRP,Natural Resource Partners LP Limited Partnership,$111.49,-1.77,-1.563%,1477288434.00,United States,2002,17859,Energy,Coal Mining
NRSN,NeuroSense Therapeutics Ltd. Ordinary Shares,$0.88,0.003,0.342%,31107835.00,Israel,2021,80307,Health Care,Biotechnology: Pharmaceutical Preparations
NRT,North European Oil Royality Trust Common Stock,$8.26,0.14,1.724%,75914273.00,United States,,59030,Energy,Oil & Gas Production
NRUC,National Rural Utilities Cooperative Finance Corporation 5.500% Subordinated Notes due 2064 (Subordinated Deferrable Interest Notes),$24.08,0.09,0.375%,0.00,United States,2019,9798,Finance,Diversified Financial Services
NRXP,NRX Pharmaceuticals Inc. Common Stock,$3.08,0.02,0.654%,101848300.00,United States,2017,983001,Health Care,Biotechnology: Pharmaceutical Preparations
NRXPW,NRX Pharmaceuticals Inc. Warrant,$0.012,0.0029,31.868%,396812.00,United States,2017,23400,Health Care,Biotechnology: Pharmaceutical Preparations
NRXS,Neuraxis Inc. Common Stock,$8.20,-0.60,-6.818%,94344452.00,,2023,156830,Health Care,Biotechnology: Electromedical & Electrotherapeutic Apparatus
NSA,National Storage Affiliates Trust Common Shares of Beneficial Interest,$43.67,0.34,0.785%,3371871316.00,United States,2015,726798,Real Estate,Real Estate Investment Trusts
NSA^A,National Storage Affiliates Trust 6.000% Series A Cumulative Redeemable Preferred Shares of Beneficial Interest (Liquidation Preference $25.00 per share),$23.26,0.1012,0.437%,,United States,,6813,,
NSA^B,National Storage Affiliates Trust 6.000% Series B Cumulative Redeemable Preferred Shares of Beneficial Interest,$31.34,-0.65,-2.032%,,United States,,1196,,
NSC,Norfolk Southern Corporation Common Stock,$312.01,-1.38,-0.44%,70075574252.00,United States,,1705865,Industrials,Railroads
NSIT,Insight Enterprises Inc. Common Stock,$83.79,13.42,19.071%,2585502332.00,United States,1995,1316392,Consumer Discretionary,Catalog/Specialty Distribution
NSP,Insperity Inc. Common Stock,$32.59,-0.10,-0.306%,1243933641.00,United States,,606844,Consumer Discretionary,Professional Services
NSPR,InspireMD Inc. Common Stock,$1.15,-0.01,-0.862%,53926926.00,Israel,,261887,Health Care,Medical/Dental Instruments
NSRX,Nasus Pharma Ltd. Ordinary Shares,$3.15,-0.24,-7.08%,36889045.00,,2025,105221,Health Care,Biotechnology: Pharmaceutical Preparations
NSSC,NAPCO Security Technologies Inc. Common Stock,$40.82,-0.76,-1.828%,1458389896.00,United States,,344039,Telecommunications,Telecommunications Equipment
NSTS,NSTS Bancorp Inc. Common Stock,$12.65,-0.10,-0.784%,66558392.00,United States,2022,3377,Finance,Savings Institutions
NSYS,Nortech Systems Incorporated Common Stock,$12.86,0.34,2.716%,35829683.00,United States,,7777,Technology,Industrial Machinery/Components
NTAP,NetApp Inc. Common Stock,$118.00,5.00,4.425%,23284987200.00,United States,1995,2893130,Technology,Electronic Components
NTB,Bank of N.T. Butterfield & Son Limited (The) Voting Ordinary Shares,$56.34,0.13,0.231%,2253600000.00,Bermuda,2016,125930,Finance,Commercial Banks
NTCL,NETCLASS TECHNOLOGY INC Class A Ordinary Shares,$0.37,-0.0091,-2.40%,22178874.00,China,2024,21820,Technology,Computer Software: Prepackaged Software
NTCT,NetScout Systems Inc. Common Stock,$39.09,0.80,2.089%,2823093482.00,United States,1999,815600,Technology,EDP Services
NTES,NetEase Inc. American Depositary Shares,$115.91,-1.20,-1.025%,73965428651.00,China,,655658,Technology,Computer Software: Prepackaged Software
NTGR,NETGEAR Inc. Common Stock,$27.47,1.58,6.103%,737292135.00,United States,2003,661836,Utilities,Telecommunications Equipment
NTHI,NeOnc Technologies Holdings Inc. Common Stock,$5.45,-1.04,-16.025%,135767577.00,United States,,245169,Health Care,Biotechnology: Pharmaceutical Preparations
NTIC,Northern Technologies International Corporation Common Stock,$7.96,-0.03,-0.375%,75556328.00,United States,,53967,Industrials,Industrial Specialties
NTIP,Network-1 Technologies Inc. Common Stock,$1.47,-0.02,-1.342%,33506163.00,United States,,107732,Miscellaneous,Multi-Sector Companies
NTLA,Intellia Therapeutics Inc. Common Stock,$14.09,0.38,2.772%,1697105571.00,United States,2016,5784630,Health Care,Biotechnology: In Vitro & In Vivo Diagnostic Substances
NTNX,Nutanix Inc. Class A Common Stock,$46.00,0.07,0.152%,12199756462.00,United States,2016,3322909,Technology,Computer Software: Prepackaged Software
NTR,Nutrien Ltd. Common Shares,$68.33,-0.05,-0.073%,32932479381.00,Canada,2004,3316953,Industrials,Agricultural Chemicals
NTRA,Natera Inc. Common Stock,$194.24,-25.58,-11.637%,27733294480.00,United States,2015,3924931,Health Care,Medical Specialities
NTRB,Nutriband Inc. Common Stock,$3.75,-0.04,-1.055%,45584936.00,United States,,17910,Health Care,Industrial Specialties
NTRBW,Nutriband Inc. Warrant,$1.525,0.00,0.00%,18537874.00,United States,,5,Health Care,Industrial Specialties
NTRP,NextTrip Inc. Common Stock,$2.546,-0.0924,-3.502%,34795691.00,United States,,15500,Consumer Discretionary,Miscellaneous manufacturing industries
NTRS,Northern Trust Corporation Common Stock,$160.41,0.38,0.237%,29683430656.00,United States,,790584,Finance,Major Banks
NTRSO,Northern Trust Corporation Depositary Shares Each Representing a 1/1000th Interest in a Share of Series E Non-Cumulative Perpetual Preferred Stock,$19.26,0.08,0.417%,3564010189.00,United States,,22880,Finance,Major Banks
NTSK,Netskope Inc. Class A Common Stock,$11.62,0.22,1.93%,4651652259.00,United States,2025,8086017,Technology,Computer Software: Prepackaged Software
NTST,NetSTREIT Corp. Common Stock,$20.67,0.31,1.523%,2010376747.00,United States,2020,902532,Real Estate,Real Estate Investment Trusts
NTWK,NetSol Technologies Inc. Common  Stock,$4.31,0.15,3.606%,51118479.00,United States,,44701,Technology,Computer Software: Prepackaged Software
NTWO,Newbury Street II Acquisition Corp Class A Ordinary Shares,$10.60,0.01,0.094%,0.00,United States,2024,4381,,
NTWOU,Newbury Street II Acquisition Corp Unit,$10.61,0.00,0.00%,0.00,United States,2024,102,,
NTWOW,Newbury Street II Acquisition Corp Warrant,$0.1802,0.00,0.00%,0.00,United States,2024,2998,,
NTZ,Natuzzi S.p.A.,$2.835,-0.165,-5.50%,31226417.00,Italy,1993,2565,Consumer Discretionary,Home Furnishings
NU,Nu Holdings Ltd. Class A Ordinary Shares,$13.80,-0.46,-3.226%,67008296122.00,Cayman Islands,2021,50864131,Finance,Finance: Consumer Services
NUAI,New Era Energy & Digital Inc. Common Stock,$4.99,0.23,4.832%,305667131.00,United States,,5892729,Energy,Oil & Gas Production
NUAIW,New Era Energy & Digital Inc. Warrants,$1.97,0.12,6.486%,120674198.00,United States,,28833,Energy,Oil & Gas Production
NUCL,Eagle Nuclear Energy Corp. Common stock,$9.68,-0.13,-1.325%,286327750.00,United States,,366389,Basic Materials,Other Metals and Minerals
NUCLW,Eagle Nuclear Energy Corp. Warrants,$1.76,-0.04,-2.222%,52059591.00,United States,,200822,Basic Materials,Other Metals and Minerals
NUE,Nucor Corporation Common Stock,$227.50,0.80,0.353%,51809859010.00,United States,,965096,Industrials,Steel/Iron Ore
NUS,Nu Skin Enterprises Inc. Common Stock,$7.16,0.14,1.994%,352105415.00,United States,1996,784441,Health Care,Other Pharmaceuticals
NUTX,Nutex Health Inc. Common Stock,$136.66,2.07,1.538%,940403788.00,United States,,103968,Real Estate,Real Estate
NUV,Nuveen Municipal Value Fund Inc. Common Stock,$9.23,0.02,0.217%,0.00,United States,1987,266490,Finance,Trusts Except Educational Religious and Charitable
NUVB,Nuvation Bio Inc. Class A Common Stock,$4.79,-0.02,-0.416%,1667887441.00,United States,2020,2911291,Health Care,Biotechnology: Pharmaceutical Preparations
NUVL,Nuvalent Inc. Class A Common Stock,$105.28,2.88,2.813%,8314804893.00,United States,2021,579901,Health Care,Biotechnology: Pharmaceutical Preparations
NUW,Nuveen AMT-Free Municipal Value Fund,$14.03,0.04,0.286%,0.00,United States,2009,54295,Finance,Investment Managers
NUWE,Nuwellis Inc. Common Stock,$1.09,-0.01,-0.909%,2872933.00,United States,,27867,Health Care,Biotechnology: Electromedical & Electrotherapeutic Apparatus
NVA,Nova Minerals Limited American Depositary Shares,$6.60,0.16,2.484%,248065514.00,Australia,2024,539790,Basic Materials,Precious Metals
NVAWW,Nova Minerals Limited Warrant,$31.41,0.53,1.716%,14166795856.00,Australia,2024,889,Basic Materials,Precious Metals
NVAX,Novavax Inc. Common Stock,$10.11,0.88,9.534%,1662469383.00,United States,,13327376,Health Care,Biotechnology: Biological Products (No Diagnostic Substances)
NVCR,NovoCure Limited Ordinary Shares,$17.89,1.06,6.298%,2072036617.00,Jersey,2015,2371237,Health Care,Medical/Dental Instruments
NVCT,Nuvectis Pharma Inc. Common Stock,$11.65,1.33,12.888%,309022459.00,United States,2022,182535,Health Care,Biotechnology: Pharmaceutical Preparations
NVDA,NVIDIA Corporation Common Stock,$215.20,3.70,1.749%,5229360000000.00,United States,1999,136093630,Technology,Semiconductors
NVEC,NVE Corporation Common Stock,$90.21,1.62,1.829%,436360745.00,United States,,112459,Technology,Semiconductors
NVG,Nuveen AMT-Free Municipal Credit Income Fund ,$12.75,0.06,0.473%,0.00,United States,2002,397341,Finance,Investment Managers
NVGS,Navigator Holdings Ltd. Ordinary Shares (Marshall Islands),$23.01,0.14,0.612%,1501412716.00,Marshall Islands,2013,588912,Consumer Discretionary,Marine Transportation
NVMI,Nova Ltd. Ordinary Shares,$521.16,16.62,3.294%,16564013688.00,Israel,2000,391492,Technology,Electronic Components
NVNI,Nvni Group Limited Ordinary Shares,$1.16,-0.04,-3.333%,13562874.00,Cayman Islands,,96370,Technology,Computer Software: Prepackaged Software
NVNIW,Nvni Group Limited Warrants,$0.0402,-0.0025,-5.855%,470024.00,Cayman Islands,,1000,Technology,Computer Software: Prepackaged Software
NVNO,enVVeno Medical Corporation Common Stock,$9.94,-0.28,-2.74%,6636630.00,United States,2018,5985,Health Care,Medical/Dental Instruments
NVO,Novo Nordisk A/S Common Stock,$46.07,0.27,0.59%,205702550000.00,Denmark,,12031547,Health Care,Biotechnology: Pharmaceutical Preparations
NVR,NVR Inc. Common Stock,$5974.07,-34.78,-0.579%,16125759358.00,United States,1998,13740,Consumer Discretionary,Homebuilding
NVRI,Enviri Corporation Common Stock,$19.26,0.05,0.26%,1568717331.00,United States,,735545,Miscellaneous,Diversified Commercial Services
NVS,Novartis AG Common Stock,$146.03,0.64,0.44%,278647389684.00,Switzerland,,1067438,Health Care,Biotechnology: Pharmaceutical Preparations
NVST,Envista Holdings Corporation Common Stock,$24.24,-0.05,-0.206%,3944524854.00,United States,2019,4873625,Health Care,Medical/Dental Instruments
NVT,nVent Electric plc Ordinary Shares ,$169.95,3.22,1.931%,27484390817.00,United Kingdom,2018,1703706,Industrials,Industrial Machinery/Components
NVTS,Navitas Semiconductor Corporation Common Stock,$18.20,2.41,15.263%,4253579621.00,United States,,34607059,Technology,Semiconductors
NVVE,Nuvve Holding Corp. Common Stock,$0.3491,-0.0029,-0.824%,1854386.00,United States,2020,219225,Industrials,Electrical Products
NVX,NOVONIX Limited American Depository Shares,$0.705,0.005,0.714%,148063007.00,Australia,,422082,Miscellaneous,Industrial Machinery/Components
NWAX,New America Acquisition I Corp. Class A Common Stock,$10.07,0.00,0.00%,0.00,,2026,7201,Finance,Blank Checks
NWBI,Northwest Bancshares Inc. Common Stock,$13.89,0.06,0.434%,2031576999.00,United States,2009,756797,Finance,Major Banks
NWE,NorthWestern Energy Group Inc. Common Stock,$72.39,-0.02,-0.028%,4452565278.00,United States,,330665,Utilities,Power Generation
NWFL,Norwood Financial Corp. Common Stock,$30.49,-0.18,-0.587%,332041161.00,United States,,12371,Finance,Major Banks
NWG,NatWest Group plc American Depositary Shares (each representing two (2) Ordinary Shares),$15.83,0.46,2.993%,65117035515.00,United Kingdom,2022,3365719,Finance,Commercial Banks
NWGL,CL Workshop Group Limited American Depositary Shares,$0.91,0.008,0.887%,15063380.00,China,2023,849136,Energy,
NWL,Newell Brands Inc. Common Stock,$4.54,0.09,2.022%,1929172085.00,United States,,5841323,Industrials,Plastic Products
NWN,Northwest Natural Holding Company Common Stock,$50.44,0.25,0.498%,2122532955.00,United States,,315474,Utilities,Oil/Gas Transmission
NWPX,NWPX Infrastructure Inc. Common Stock,$112.52,3.04,2.777%,1084356140.00,United States,1995,137556,Industrials,Steel/Iron Ore
NWS,News Corporation Class B Common Stock,$31.31,0.46,1.491%,17388887059.00,United States,,2393694,Consumer Discretionary,Newspapers/Magazines
NWSA,News Corporation Class A Common Stock,$27.02,-0.02,-0.074%,15006315181.00,United States,,8656925,Consumer Discretionary,Newspapers/Magazines
NWTG,Newton Golf Company Inc. Common Stock,$1.23,0.055,4.681%,5648237.00,United States,2023,47144,Consumer Discretionary,Recreational Games/Products/Toys
NX,Quanex Building Products Corporation Common Stock,$20.25,0.17,0.847%,930159734.00,United States,,201389,Industrials,Metal Fabrications
NXDR,Nextdoor Holdings Inc. Class A Common Stock,$2.02,0.10,5.208%,770403205.00,United States,,6926799,Technology,Computer Software: Programming Data Processing
NXDT,NexPoint Diversified Real Estate Trust Common Stock,$5.10,0.01,0.196%,256119909.00,United States,,153048,Real Estate,Real Estate Investment Trusts
NXDT^A,NexPoint Diversified Real Estate Trust 5.50% Series A Cumulative Preferred Shares ($25.00 liquidation preference per share),$13.2812,0.0813,0.616%,,United States,,3737,,
NXE,Nexgen Energy Ltd. Common Shares,$12.14,-0.24,-1.939%,8025384531.00,Canada,2017,5134551,Basic Materials,Other Metals and Minerals
NXG,NXG NextGen Infrastructure Income Fund Common Shares of Beneficial Interest,$58.27,-0.14,-0.24%,151601875.00,,2012,118532,,
NXGL,NexGel Inc Common Stock,$0.5932,-0.0218,-3.545%,5027781.00,United States,2021,94923,Health Care,Medical/Dental Instruments
NXGLW,NexGel Inc Warrant,$0.0499,-0.01,-16.694%,422937.00,United States,2021,250,Health Care,Medical/Dental Instruments
NXL,Nexalin Technology Inc. Common Stock,$0.3524,0.0084,2.442%,7252972.00,United States,2022,81972,Health Care,Biotechnology: Electromedical & Electrotherapeutic Apparatus
NXP,Nuveen Select Tax Free Income Portfolio Common Stock,$14.31,0.03,0.21%,669695307.00,United States,1992,103140,Finance,Trusts Except Educational Religious and Charitable
NXPI,NXP Semiconductors N.V. Common Stock,$294.75,4.53,1.561%,74415850535.00,Netherlands,2010,6908790,Technology,Semiconductors
NXPL,NextPlat Corp Common Stock,$6.77,-0.21,-3.009%,18336592.00,United States,,1050,Telecommunications,Telecommunications Equipment
NXPLW,NextPlat Corp Warrants,$0.0074,0.0007,10.448%,20043.00,United States,,200,Telecommunications,Telecommunications Equipment
NXRT,NexPoint Residential Trust Inc. Common Stock,$29.95,0.10,0.335%,763468598.00,United States,2015,178488,Real Estate,Real Estate Investment Trusts
NXST,Nexstar Media Group Inc. Common Stock,$202.79,8.27,4.251%,6192996712.00,United States,2003,406368,Industrials,Broadcasting
NXT,Nextpower Inc. Class A Common Stock,$125.91,5.05,4.178%,18694593392.00,United States,2023,1694739,Industrials,Industrial Machinery/Components
NXTC,NextCure Inc. Common Stock,$9.76,-0.42,-4.126%,35209737.00,United States,2019,9500,Health Care,Biotechnology: Pharmaceutical Preparations
NXTS,Nexentis Technologies Inc. Common Stock,$5.11,-0.74,-12.65%,3732645.00,Israel,,38573,Industrials,Agricultural Chemicals
NXTT,Next Technology Holding Inc. Ordinary Shares,$1.48,-0.04,-2.632%,112871274.00,China,,59189,Technology,EDP Services
NXXT,NextNRG Inc. Common Stock,$0.342,-0.0095,-2.703%,53576001.00,United States,2021,992426,Consumer Discretionary,Retail-Auto Dealers and Gas Stations
NYAX,Nayax Ltd. Ordinary Shares,$72.00,-0.35,-0.484%,2689862040.00,Israel,,53982,Technology,Computer Software: Prepackaged Software
NYC,American Strategic Investment Co. Class A Common Stock,$7.96,-0.1681,-2.068%,21435810.00,,2020,2529,Real Estate,Real Estate Investment Trusts
NYT,New York Times Company (The) Common Stock,$79.41,-0.77,-0.96%,12853516928.00,United States,,1839185,Consumer Discretionary,Newspapers/Magazines
NYXH,Nyxoah SA Ordinary Shares,$3.26,0.06,1.875%,142339434.00,Belgium,2021,66222,Health Care,Medical/Dental Instruments
NZF,Nuveen Municipal Credit Income Fund ,$12.67,0.04,0.317%,0.00,United States,2007,364983,Finance,Finance Companies
O,Realty Income Corporation Common Stock,$61.92,0.13,0.21%,57737343257.00,United States,,7265321,Real Estate,Real Estate Investment Trusts
OABI,OmniAb Inc. Common Stock,$1.66,0.19,12.925%,240654481.00,United States,2021,5664493,Health Care,Biotechnology: Commercial Physical & Biological Resarch
OABIW,OmniAb Inc. Warrant,$0.0649,-0.0101,-13.467%,9408720.00,United States,2021,6300,Health Care,Biotechnology: Commercial Physical & Biological Resarch
OACC,Oaktree Acquisition Corp. III Life Sciences Class A Ordinary Share,$10.61,0.00,0.00%,0.00,United States,2024,51,Finance,Blank Checks
OACCU,Oaktree Acquisition Corp. III Life Sciences Unit,$10.68,0.00,0.00%,0.00,United States,2024,38,Finance,Blank Checks
OAK^A,Brookfield Oaktree Holdings LLC 6.625% Series A Preferred Units,$21.15,0.2836,1.359%,,United States,,12176,,
OAK^B,Brookfield Oaktree Holdings LLC 6.550% Series B Preferred Units,$21.10,0.19,0.909%,,United States,,8079,,
OBA,Oxley Bridge Acquisition Limited Class A Ordinary Shares,$10.16,-0.02,-0.196%,0.00,Hong Kong,2025,227,Finance,Blank Checks
OBAI,Our Bond Inc. Common Stock,$0.5941,0.0521,9.613%,12281939.00,United States,,462739,Consumer Discretionary,Telecommunications Equipment
OBAWW,Oxley Bridge Acquisition Limited Warrants,$0.2199,0.0198,9.895%,0.00,Hong Kong,2025,58998,Finance,Blank Checks
OBDC,Blue Owl Capital Corporation Common Stock,$11.35,-0.04,-0.351%,5633066562.00,United States,2019,4313348,Finance,Diversified Financial Services
OBE,Obsidian Energy Ltd. Common Shares,$12.43,-0.34,-2.662%,839916691.00,Canada,2022,800061,Energy,Oil & Gas Production
OBIO,Orchestra BioMed Holdings Inc. Ordinary Shares,$4.04,0.11,2.799%,241918089.00,United States,2020,197116,Health Care, Medicinal Chemicals and Botanical Products 
OBK,Origin Bancorp Inc. Common Stock,$46.88,0.24,0.515%,1448783880.00,United States,,107624,Finance,Major Banks
OBT,Orange County Bancorp Inc. Common Stock,$34.71,-0.38,-1.083%,465380920.00,United States,,30221,Finance,Major Banks
OC,Owens Corning Inc Common Stock New,$121.67,-0.14,-0.115%,9797880573.00,United States,,992947,Industrials,Industrial Machinery/Components
OCC,Optical Cable Corporation Common Stock,$10.34,0.33,3.297%,91318723.00,United States,,197346,Industrials,Telecommunications Equipment
OCCI,OFS Credit Company Inc. Common Stock,$3.44,0.03,0.88%,39960794.00,United States,2018,288844,Finance,Trusts Except Educational Religious and Charitable
OCCIM,OFS Credit Company Inc. 7.875% Series F Term Preferred Stock,$25.11,0.00,0.00%,0.00,United States,,131,,
OCCIN,OFS Credit Company Inc. 5.25% Series E Term Preferred Stock Due 2026,$24.78,0.05,0.202%,287857118.00,United States,,2104,Finance,Trusts Except Educational Religious and Charitable
OCFC,OceanFirst Financial Corp. Common Stock,$18.80,-0.08,-0.424%,1082881297.00,United States,,400162,Finance,Major Banks
OCG,Oriental Culture Holding LTD Ordinary Shares,$2.00,-0.24,-10.714%,3877726.00,China,2020,144749,Consumer Discretionary,Other Consumer Services
OCGN,Ocugen Inc. Common Stock,$1.51,0.07,4.861%,511162968.00,United States,2014,10120472,Health Care,Biotechnology: Biological Products (No Diagnostic Substances)
OCS,Oculis Holding AG Ordinary shares,$32.64,1.55,4.986%,1892612056.00,Switzerland,,484957,Health Care,Biotechnology: Pharmaceutical Preparations
OCSAW,Oculis Holding AG Warrants,$21.00,1.28,6.491%,1217673198.00,Switzerland,,5252,Health Care,Biotechnology: Pharmaceutical Preparations
OCSL,Oaktree Specialty Lending Corporation Common Stock,$12.15,-0.06,-0.491%,1070239104.00,United States,,1067638,Finance,Finance: Consumer Services
OCUL,Ocular Therapeutix Inc. Common Stock,$9.65,-0.03,-0.31%,2112967455.00,United States,2014,2096683,Health Care,Biotechnology: Pharmaceutical Preparations
ODC,Oil-Dri Corporation Of America Common Stock,$77.28,1.60,2.114%,1119014941.00,United States,,46486,Consumer Discretionary,Miscellaneous manufacturing industries
ODD,ODDITY Tech Ltd. Class A Ordinary Shares,$14.79,-0.10,-0.672%,837952371.00,Israel,2023,872216,Consumer Discretionary,Package Goods/Cosmetics
ODFL,Old Dominion Freight Line Inc. Common Stock,$198.33,0.27,0.136%,41246349567.00,United States,1991,1411416,Industrials,Trucking Freight/Courier Services
ODTX,Odyssey Therapeutics Inc. Common Stock,$16.42,-1.58,-8.778%,0.00,United States,,3171151,,
ODV,Osisko Development Corp. Common Shares,$3.28,-0.02,-0.606%,999077356.00,Canada,2022,1438717,Basic Materials,Precious Metals
ODVWZ,Osisko Development Corp. Warrant expiring 5/27/2027,$0.1502,-0.0258,-14.659%,45750433.00,Canada,,19987,Basic Materials,Precious Metals
ODYS,Odysight.ai Inc. Common Stock,$4.46,-0.10,-2.193%,72962969.00,Israel,,1822,Technology,Electronic Components
OEC,Orion S.A. Common Shares,$7.61,0.45,6.285%,429117619.00,Luxembourg,2014,497267,Industrials,Major Chemicals
OESX,Orion Energy Systems Inc. Common Stock,$9.88,0.63,6.811%,40042286.00,United States,2015,62221,Consumer Discretionary,Building Products
OFAL,OFA Group Class A Ordinary Shares,$0.7081,-0.008,-1.117%,32761554.00,Hong Kong,2025,282970,Consumer Discretionary,Military/Government/Technical
OFG,OFG Bancorp Common Stock,$46.00,0.38,0.833%,1989829682.00,Puerto Rico,,271283,Finance,Major Banks
OFIX,Orthofix Medical Inc. Common Stock (DE),$11.65,-0.42,-3.48%,470912246.00,Curacao,1992,477905,Health Care,Medical/Dental Instruments
OFLX,Omega Flex Inc. Common Stock,$30.10,-0.37,-1.214%,303839092.00,United States,,100105,Industrials,Industrial Specialties
OFRM,Once Upon a Farm PBC Common Stock,$16.33,1.03,6.732%,683923131.00,,2026,1294756,Consumer Staples,Packaged Foods
OFS,OFS Capital Corporation Common Stock,$3.89,-0.01,-0.256%,52118523.00,United States,,28796,Finance,Finance/Investors Services
OFSSH,OFS Capital Corporation 4.95% Notes due 2028,$23.7375,-0.0125,-0.053%,318036877.00,United States,,1537,Finance,Finance Companies
OFSSO,OFS Capital Corporation 7.50% Notes due 2028,$25.5355,0.00,0.00%,0.00,United States,,6,,
OGC,OceanaGold Corporation Common Shares,$31.91,1.57,5.175%,7183636670.00,,2026,198150,,
OGE,OGE Energy Corp Common Stock,$47.35,0.02,0.042%,9771824099.00,United States,,1150799,Utilities,Electric Utilities: Central
OGEN,Oragenics Inc. Common Stock,$0.597,-0.016,-2.61%,2588609.00,United States,,60183,Health Care,Biotechnology: Pharmaceutical Preparations
OGI,Organigram Global Inc. Common Shares,$1.36,-0.02,-1.449%,185418784.00,Canada,,617788,Health Care,Biotechnology: Pharmaceutical Preparations
OGN,Organon & Co. Common Stock ,$13.35,0.03,0.225%,3505721508.00,United States,2021,6775296,Health Care,Biotechnology: Pharmaceutical Preparations
OGS,ONE Gas Inc. Common Stock,$84.91,-0.43,-0.504%,5329166677.00,United States,2014,583228,Utilities,Oil/Gas Transmission
OHI,Omega Healthcare Investors Inc. Common Stock,$47.19,1.06,2.298%,14053276380.00,United States,1992,1819645,Real Estate,Real Estate Investment Trusts
OI,O-I Glass Inc. Common Stock,$9.29,0.28,3.108%,1424152940.00,United States,,1924851,Consumer Discretionary,Containers/Packaging
OIA,Invesco Municipal Income Opportunities Trust Common Stock,$6.215,0.01,0.161%,295868736.00,United States,,59984,Finance,Finance Companies
OII,Oceaneering International Inc. Common Stock,$36.54,-0.04,-0.109%,3644691398.00,United States,,1058198,Energy,Oilfield Services/Equipment
OIM,OneIM Acquisition Corp. Class A Ordinary Shares,$9.98,-0.035,-0.349%,0.00,United States,2026,104,,
OIMAU,OneIM Acquisition Corp. Units,$10.14,-0.0154,-0.152%,0.00,United States,2026,154,Finance,Blank Checks
OIO,OIO Group Ordinary Shares,$1.89,-0.24,-11.268%,657761784.00,Singapore,,92215,Utilities,Environmental Services
OIS,Oil States International Inc. Common Stock,$8.66,-0.24,-2.697%,521274974.00,United States,2001,669958,Consumer Discretionary,Oil and Gas Field Machinery
OKE,ONEOK Inc. Common Stock,$85.16,-0.71,-0.827%,53653597676.00,United States,,4060857,Utilities,Oil & Gas Production
OKLO,Oklo Inc. Class A common stock,$72.51,0.68,0.947%,12610927453.00,United States,2021,9966219,Utilities,Electric Utilities: Central
OKTA,Okta Inc. Class A Common Stock,$83.90,3.02,3.734%,14840897495.00,United States,2017,3745183,Technology,Computer Software: Prepackaged Software
OKUR,OnKure Therapeutics Inc. Class A Common Stock,$3.91,-0.05,-1.263%,157946327.00,United States,2021,88752,Health Care,Biotechnology: Pharmaceutical Preparations
OKYO,OKYO Pharma Limited Ordinary Shares,$1.63,0.01,0.617%,55159200.00,Guernsey,2022,44535,Health Care,Biotechnology: Biological Products (No Diagnostic Substances)
OLB,The OLB Group Inc. Common Stock,$0.484,-0.01,-2.024%,6052783.00,United States,,397468,Real Estate,Real Estate
OLED,Universal Display Corporation Common Stock,$91.75,-0.99,-1.068%,4289394249.00,United States,,917302,Technology,Electrical Products
OLLI,Ollie's Bargain Outlet Holdings Inc. Common Stock,$82.21,0.44,0.538%,4986964980.00,United States,2015,1132583,Consumer Discretionary,Department/Specialty Retail Stores
OLMA,Olema Pharmaceuticals Inc. Common Stock,$14.90,-0.23,-1.52%,1301457367.00,United States,2020,592442,Health Care,Biotechnology: Pharmaceutical Preparations
OLN,Olin Corporation Common Stock,$26.84,0.08,0.299%,3055922873.00,United States,,2869561,Industrials,Major Chemicals
OLOX,Olenox Industries Inc. Common Stock,$4.53,-0.033,-0.723%,28003377.00,United States,2017,206530,Consumer Discretionary,RETAIL: Building Materials
OLP,One Liberty Properties Inc. Common Stock,$23.45,0.13,0.557%,511666056.00,United States,1986,33787,Real Estate,Real Estate Investment Trusts
OLPX,Olaplex Holdings Inc. Common Stock,$2.035,-0.005,-0.245%,1362234374.00,United States,2021,1977838,Consumer Discretionary,Package Goods/Cosmetics
OM,Outset Medical Inc. Common Stock,$3.695,-0.985,-21.047%,68465516.00,United States,2020,383826,Health Care,Biotechnology: Electromedical & Electrotherapeutic Apparatus
OMAB,Grupo Aeroportuario del Centro Norte S.A.B. de C.V. ADS,$107.75,0.77,0.72%,5201219430.00,Mexico,2006,50696,Consumer Discretionary,Aerospace
OMC,Omnicom Group Inc. Common Stock,$77.06,0.14,0.182%,21962577464.00,United States,,2838238,Consumer Discretionary,Advertising
OMCL,Omnicell Inc. Common Stock ($0.001 par value),$43.82,0.49,1.131%,1992885792.00,United States,2001,321182,Technology,Computer Manufacturing
OMDA,Omada Health Inc. Common Stock,$14.82,-1.58,-9.634%,880534020.00,United States,2025,3232926,Health Care,Medical/Nursing Services
OMER,Omeros Corporation Common Stock,$14.13,-0.51,-3.484%,1019738503.00,United States,2009,859922,Health Care,Biotechnology: Pharmaceutical Preparations
OMEX,Odyssey Marine Exploration Inc. Common Stock,$1.22,-0.05,-3.937%,71392764.00,United States,,1492369,Consumer Discretionary,Marine Transportation
OMF,OneMain Holdings Inc. Common Stock,$56.09,0.40,0.718%,6480131098.00,United States,2013,1438576,Finance,Finance: Consumer Services
OMH,Ohmyhome Limited Class A Ordinary Shares,$0.8801,-0.0299,-3.286%,20331305.00,Singapore,2023,5096,Finance,Real Estate
OMSE,OMS Energy Technologies Inc. Ordinary Shares,$4.70,0.10,2.174%,199508909.00,Singapore,2025,4320,Consumer Discretionary,Oil and Gas Field Machinery
ON,ON Semiconductor Corporation Common Stock,$103.20,2.59,2.574%,40444409311.00,United States,,10761762,Technology,Semiconductors
ONB,Old National Bancorp Common Stock,$24.30,0.125,0.517%,9388863900.00,United States,,2174763,Finance,Major Banks
ONBPO,Old National Bancorp Depositary Shares Each Representing a 1/40th Interest in a Share of Series C Preferred Stock,$24.86,0.01,0.04%,9605232780.00,United States,,3114,Finance,Major Banks
ONBPP,Old National Bancorp Depositary Shares Each Representing a 1/40th Interest in a Share of Series A Preferred Stock,$24.70,-0.05,-0.202%,9543413100.00,United States,,17568,Finance,Major Banks
ONC,BeOne Medicines Ltd. American Depositary Shares,$312.12,-4.88,-1.539%,34699636995.00,Cayman Islands,2016,210292,Health Care,Biotechnology: Pharmaceutical Preparations
ONCH,1RT Acquisition Corp. Class A Ordinary Share,$10.205,0.00,0.00%,0.00,United States,2025,19,,
ONCHU,1RT Acquisition Corp. Units,$10.31,0.01,0.097%,0.00,United States,2025,9777,,
ONCO,Onconetix Inc. Common Stock,$0.38,-0.024,-5.941%,4356537.00,United States,2022,815480,Health Care,Biotechnology: Pharmaceutical Preparations
ONCY,Oncolytics Biotech Inc. Common Stock,$0.8899,-0.0101,-1.122%,96128129.00,Canada,,633022,Health Care,Biotechnology: Pharmaceutical Preparations
ONDS,Ondas Inc. Common Stock,$9.06,0.17,1.912%,4416784047.00,United States,,33826001,Technology,Radio And Television Broadcasting And Communications Equipment
ONEG,OneConstruction Group Limited Ordinary Shares,$1.40,0.11,8.527%,22400000.00,Hong Kong,2024,3728933,Consumer Discretionary,Homebuilding
ONEW,OneWater Marine Inc. Class A Common Stock,$12.06,0.12,1.005%,200407544.00,United States,2020,179789,Consumer Discretionary,Auto & Home Supply Stores
ONFO,Onfolio Holdings Inc. Common Stock,$1.14,0.02,1.786%,6684065.00,United States,2022,156747,Technology,EDP Services
ONFOW,Onfolio Holdings Inc. Warrant,$0.0916,-0.0084,-8.40%,537070.00,United States,2022,68656,Technology,EDP Services
ONIT,Onity Group Inc. Common Stock,$38.91,0.60,1.566%,328094451.00,United States,,83305,Finance,Finance: Consumer Services
ONL,Orion Properties Inc. Common Stock,$2.88,0.04,1.408%,163670596.00,United States,2021,470042,Real Estate,Real Estate Investment Trusts
ONMD,OneMedNet Corp Class A Common Stock,$1.02,0.0424,4.337%,53240664.00,United Kingdom,2021,200991,Health Care,Biotechnology: Commercial Physical & Biological Resarch
ONMDW,OneMedNet Corp Warrant,$0.0321,-0.003,-8.547%,1675515.00,United Kingdom,2021,30281,Health Care,Biotechnology: Commercial Physical & Biological Resarch
ONON,On Holding AG Class A Ordinary Shares,$35.24,-0.41,-1.15%,22487173763.00,,2021,6084039,Consumer Discretionary,Shoe Manufacturing
ONT,Onterris Inc. Common Stock,$16.18,-1.27,-7.278%,585227057.00,United States,2020,1514922,Consumer Discretionary,Professional Services
ONTO,Onto Innovation Inc. Common Stock,$284.67,10.50,3.83%,14160501218.00,United States,,762495,Industrials,Industrial Machinery/Components
OOMA,Ooma Inc. Common Stock,$19.31,0.31,1.632%,531214392.00,United States,2015,265101,Technology,EDP Services
OPAD,Offerpad Solutions Inc. Class A Common Stock,$0.67,-0.0401,-5.647%,31702962.00,United States,2020,391800,Finance,Real Estate
OPAL,OPAL Fuels Inc. Class A Common Stock,$2.27,-0.07,-2.991%,396697439.00,United States,2021,101179,Utilities,Natural Gas Distribution
OPBK,OP Bancorp Common Stock,$14.45,-0.14,-0.96%,215221754.00,United States,2018,26907,Finance,Major Banks
OPCH,Option Care Health Inc. Common Stock,$20.51,-0.24,-1.157%,3220634107.00,United States,,4304674,Health Care,Medical/Nursing Services
OPEN,Opendoor Technologies Inc Common Stock,$5.01,-0.31,-5.827%,4833169089.00,United States,,53681033,Finance,Real Estate
OPENL,Opendoor Technologies Inc  Series A Warrants each whole warrant exercisable to purchase one share of Common Stock at an exercise price of $13.00 per warrant,$0.364,-0.0414,-10.212%,351152405.00,United States,,352820,Finance,Real Estate
OPENW,Opendoor Technologies Inc  Series K Warrants each whole warrant exercisable to purchase one share of Common Stock at an exercise price of $9.00 per warrant,$0.6851,-0.1249,-15.42%,660918991.00,United States,,665839,Finance,Real Estate
OPENZ,Opendoor Technologies Inc  Series Z Warrants each whole warrant exercisable to purchase one share of Common Stock at an exercise price of $17.00 per warrant,$0.35,-0.0348,-9.044%,337646543.00,United States,,375002,Finance,Real Estate
OPFI,OppFi Inc. Class A Common Stock,$9.33,-0.56,-5.662%,796572635.00,United States,2020,1194772,Finance,Finance: Consumer Services
OPHC,OptimumBank Holdings Inc. Common Stock,$5.59,0.03,0.54%,68010383.00,United States,,28512,Finance,Major Banks
OPK,OPKO Health Inc. Common Stock,$1.14,0.02,1.786%,860805172.00,United States,,1942136,Health Care,Biotechnology: Pharmaceutical Preparations
OPLN,OPENLANE Inc. Common Stock,$37.89,0.22,0.584%,4014297956.00,United States,,1615006,Consumer Discretionary,Retail-Auto Dealers and Gas Stations
OPP,RiverNorth/DoubleLine Strategic Opportunity Fund Inc. Common Stock,$7.84,-0.02,-0.254%,0.00,United States,2016,33454,Finance,Finance/Investors Services
OPP^A,RiverNorth/DoubleLine Strategic Opportunity Fund Inc. 4.375% Series A Cumulative Preferred Stock,$16.6608,0.0208,0.125%,,United States,,1134,,
OPP^B,RiverNorth/DoubleLine Strategic Opportunity Fund Inc. 4.75% Series B Cumulative Preferred Stock,$18.45,0.13,0.71%,,United States,,3953,,
OPP^C,RiverNorth/DoubleLine Strategic Opportunity Fund Inc. 6.00% Series C Term Preferred Stock (Liquidation Preference $10.00 per share),$10.25,0.00,0.00%,,United States,,55,,
OPRA,Opera Limited American Depositary Shares,$18.74,-0.02,-0.107%,1684360814.00,Norway,2018,326500,Technology,Computer Software: Prepackaged Software
OPRT,Oportun Financial Corporation Common Stock,$5.745,-0.005,-0.087%,255654040.00,United States,2019,479747,Finance,Finance: Consumer Services
OPRX,OptimizeRx Corporation Common Stock,$6.44,-0.19,-2.866%,120847083.00,United States,,232331,Real Estate,Real Estate
OPTT,Ocean Power Technologies Inc. Common Stock,$0.3495,-0.0023,-0.654%,79694192.00,United States,2007,2436926,Utilities,Electric Utilities: Central
OPTU,Optimum Communications Inc. Class A common stock,$1.13,-0.05,-4.237%,538409575.00,United States,2017,4992588,Telecommunications,Cable & Other Pay Television Services
OPTX,Syntec Optics Holdings Inc. Class A Common Stock,$7.32,0.27,3.83%,284442097.00,United States,2022,586052,Technology,Electronic Components
OPTXW,Syntec Optics Holdings Inc. Warrant,$1.14,0.00,0.00%,44298359.00,United States,2022,29954,Technology,Electronic Components
OPXS,Optex Systems Holdings Inc. Common Stock,$10.20,-0.51,-4.762%,70761052.00,United States,,24685,Technology,Electronic Components
OPY,Oppenheimer Holdings Inc. Class A Common Stock (DE),$95.60,0.57,0.60%,1023685278.00,United States,,24877,Finance,Investment Bankers/Brokers/Service
OR,OR Royalties Inc. Common Shares,$38.42,0.94,2.508%,7190388869.00,Canada,2016,975333,Basic Materials,Precious Metals
ORA,Ormat Technologies Inc. Common Stock,$121.67,-0.85,-0.694%,7477054037.00,United States,2004,861780,Utilities,Electric Utilities: Central
ORBS,Eightco Holdings Inc. Common Stock,$0.8709,0.0536,6.558%,327262695.00,United States,,13867599,,
ORC,Orchid Island Capital Inc. Common Stock,$7.05,0.10,1.439%,1407886593.00,United States,2013,5875668,Real Estate,Real Estate Investment Trusts
ORCL,Oracle Corporation Common Stock,$195.95,1.36,0.699%,563561213700.00,United States,1986,21101297,Technology,Computer Software: Prepackaged Software
ORCL^D,Oracle Corporation Depositary Shares each representing a 1/2000th interest in a sh of 6.50% Series D Mandatory Convertible Preferred Stock,$57.82,0.54,0.943%,,United States,,277366,,
ORGN,Origin Materials Inc. Common Stock,$1.37,-0.05,-3.521%,7432301.00,United States,2020,163242,Industrials,Major Chemicals
ORGNW,Origin Materials Inc. Warrants,$0.0007,-0.0003,-30.00%,3798.00,United States,2020,44767,Industrials,Major Chemicals
ORGO,Organogenesis Holdings Inc. Class A Common Stock,$2.37,-0.16,-6.324%,304958679.00,United States,2016,2965129,Health Care,Biotechnology: Pharmaceutical Preparations
ORI,Old Republic International Corporation Common Stock,$39.26,-0.22,-0.557%,9533380757.00,United States,,1150452,Finance,Property-Casualty Insurers
ORIC,Oric Pharmaceuticals Inc. Common Stock,$8.85,0.04,0.454%,916130424.00,United States,2020,1258147,Health Care,Biotechnology: Pharmaceutical Preparations
ORIO,Orion Digital Corp. Common Shares,$0.99,-0.04,-3.883%,23704115.00,Canada,,88093,Finance,Finance: Consumer Services
ORIQ,Origin Investment Corp I Ordinary Shares,$10.25,0.01,0.098%,0.00,Singapore,2025,4009,,
ORIQW,Origin Investment Corp I Warrant.,$0.1312,0.0001,0.076%,0.00,Singapore,2025,10000,Finance,Blank Checks
ORIS,Oriental Rise Holdings Limited Ordinary Shares,$0.438,-0.0005,-0.114%,2214885.00,China,2024,37465,Consumer Staples,Farming/Seeds/Milling
ORKA,Oruka Therapeutics Inc. Common Stock,$64.59,0.52,0.812%,3199962412.00,United States,,942551,Health Care,Biotechnology: In Vitro & In Vivo Diagnostic Substances
ORKT,Orangekloud Technology Inc. Class A Ordinary Shares,$1.04,-0.03,-2.804%,6073361.00,Singapore,2024,110242,Technology,Computer Software: Prepackaged Software
ORLA,Orla Mining Ltd. Common Shares,$15.04,0.76,5.322%,5197429922.00,,2020,2983144,Basic Materials,Precious Metals
ORLY,O'Reilly Automotive Inc. Common Stock,$92.96,-1.62,-1.713%,77779582917.00,United States,1993,6340862,Consumer Discretionary,Auto & Home Supply Stores
ORMP,Oramed Pharmaceuticals Inc. Common Stock,$4.09,0.18,4.604%,165424872.00,Israel,,258422,Health Care,Biotechnology: Pharmaceutical Preparations
ORN,Orion Group Holdings Inc. Common,$14.90,0.15,1.017%,603141242.00,United States,,436799,Industrials,Military/Government/Technical
ORRF,Orrstown Financial Services Inc. Common Stock,$37.04,0.12,0.325%,726717318.00,United States,,89934,Finance,Major Banks
OSBC,Old Second Bancorp Inc. Common Stock,$21.28,0.20,0.949%,1101867164.00,United States,,323746,Finance,Major Banks
OSCR,Oscar Health Inc. Class A Common Stock,$21.31,0.44,2.108%,6416901807.00,United States,2021,9224322,Health Care,Medical Specialities
OSG,Octave Specialty Group Inc. Common Stock,$5.37,-0.68,-11.24%,241722989.00,United States,,1645116,Finance,Property-Casualty Insurers
OSIS,OSI Systems Inc. Common Stock (DE),$230.83,-10.28,-4.264%,3804745499.00,United States,1997,321951,Technology,Semiconductors
OSK,Oshkosh Corporation (Holding Company)Common Stock,$137.97,-15.09,-9.859%,8643707503.00,United States,,1937626,Industrials,Auto Manufacturing
OSPN,OneSpan Inc. Common Stock,$12.23,0.08,0.658%,453400956.00,United States,,754025,Technology,EDP Services
OSRH,OSR Holdings Inc. Common Stock,$0.5705,-0.1206,-17.45%,18897673.00,United States,2023,2759189,Health Care,Medical/Dental Instruments
OSRHW,OSR Holdings Inc. Warrant,$0.06,-0.0146,-19.571%,1987485.00,United States,2023,182430,Health Care,Medical/Dental Instruments
OSS,One Stop Systems Inc. Common Stock,$15.68,0.58,3.841%,388378187.00,United States,2018,2641773,Technology,Computer Manufacturing
OSTX,OS Therapies Incorporated Common Stock,$1.66,-0.04,-2.353%,65625157.00,,2024,299782,Health Care,Biotechnology: Pharmaceutical Preparations
OSUR,OraSure Technologies Inc. Common Stock,$3.06,-0.07,-2.236%,220214773.00,United States,,869006,Health Care,Medical/Dental Instruments
OSW,OneSpaWorld Holdings Limited Common Shares,$24.82,0.24,0.976%,2519598478.00,Bahamas,,666196,Consumer Discretionary,Hotels/Resorts
OTEX,Open Text Corporation Common Shares,$24.72,1.03,4.348%,6194900647.00,Canada,1996,5153457,Technology,EDP Services
OTF,Blue Owl Technology Finance Corp. Common Stock,$10.92,-0.11,-0.997%,5052052868.00,United States,2025,2144353,,
OTGA,OTG Acquisition Corp. I Class A Ordinary Share ,$10.12,0.02,0.198%,0.00,United States,2025,13101,Finance,Blank Checks
OTGAU,OTG Acquisition Corp. I Unit,$10.26,0.03,0.293%,0.00,United States,2025,4423,Finance,Blank Checks
OTH,Off The Hook YS Inc. Common Stock,$2.4407,-0.1193,-4.66%,59357824.00,,2025,64981,Industrials,Marine Transportation
OTIS,Otis Worldwide Corporation Common Stock ,$74.82,-2.65,-3.421%,28709636806.00,United States,2020,8748329,Technology,Consumer Electronics/Appliances
OTLK,Outlook Therapeutics Inc. Common Stock,$0.2213,0.0056,2.596%,23151127.00,United States,2016,3214240,Health Care,Biotechnology: Biological Products (No Diagnostic Substances)
OTLY,Oatly Group AB American Depositary Shares,$10.41,-0.36,-3.343%,325052250.00,Sweden,2021,60418,Consumer Staples,Packaged Foods
OTTR,Otter Tail Corporation Common Stock,$88.03,0.19,0.216%,3695864725.00,United States,,192833,Utilities,Electric Utilities: Central
OUST,Ouster Inc. Common Stock,$25.20,0.69,2.815%,1604558315.00,United States,,3832385,Industrials,Industrial Machinery/Components
OUT,OUTFRONT Media Inc. Common Stock,$33.90,1.09,3.322%,5968145206.00,United States,2014,2272291,Real Estate,Real Estate Investment Trusts
OVBC,Ohio Valley Banc Corp. Common Stock,$45.21,0.25,0.556%,212984355.00,United States,,9218,Finance,Major Banks
OVID,Ovid Therapeutics Inc. Common Stock,$2.80,0.07,2.564%,484503967.00,United States,2017,1516139,Health Care,Biotechnology: Pharmaceutical Preparations
OVLY,Oak Valley Bancorp (CA) Common Stock,$33.36,0.16,0.482%,280672959.00,United States,,31809,Finance,Major Banks
OVV,Ovintiv Inc. (DE),$57.83,-0.48,-0.823%,16385289825.00,Canada,,4800494,Energy,Oil & Gas Production
OWL,Blue Owl Capital Inc. Class A Common Stock,$10.56,0.21,2.029%,16463571263.00,United States,2020,20229725,Finance,Investment Managers
OWLS,OBOOK Holdings Inc. Class A Common Shares,$5.97,-0.07,-1.159%,527699142.00,Taiwan,,23217,Technology,Computer Software: Prepackaged Software
OWLT,Owlet Inc. Class A Common Stock,$5.74,0.88,18.107%,161641086.00,United States,2020,387091,Industrials,Industrial Machinery/Components
OXBR,Oxbridge Re Holdings Limited Ordinary Shares,$0.9701,-0.01,-1.02%,7859143.00,Cayman Islands,2014,33058,Finance,Property-Casualty Insurers
OXBRW,Oxbridge Re Holdings Limited Warrant expiring 3/26/2029,$0.1004,-0.0195,-16.264%,813378.00,Cayman Islands,2014,200,Finance,Property-Casualty Insurers
OXLC,Oxford Lane Capital Corp. Common Stock,$10.18,0.00,0.00%,1767248000.00,United States,2011,543356,Finance,Investment Managers
OXLCG,Oxford Lane Capital Corp. 7.95% Notes due 2032,$25.475,0.045,0.177%,0.00,United States,,722,Finance,Investment Managers
OXLCI,Oxford Lane Capital Corp. 8.75% Notes due 2030,$25.5901,0.00,0.00%,0.00,United States,,176,,
OXLCL,Oxford Lane Capital Corp. 6.75% Notes due 2031,$24.47,0.19,0.783%,4247992000.00,United States,,5605,Finance,Finance Companies
OXLCM,Oxford Lane Capital Corp. Preferred Stock Shares 8.25% Series 2031,$25.30,0.02,0.079%,4392080000.00,United States,,5902,Finance,Investment Managers
OXLCN,Oxford Lane Capital Corp. 7.125% Series 2029 Term Preferred Stock,$24.85,0.0666,0.269%,4313960000.00,United States,,4659,Finance,Investment Managers
OXLCO,Oxford Lane Capital Corp. Preferred Stock Shares 6.00% Series 2029,$23.95,0.00,0.00%,4157720000.00,United States,,592,Finance,Investment Managers
OXLCP,Oxford Lane Capital Corp. 6.25% Series 2027 Term Preferred Shares,$25.0501,0.0001,0.00%,4348697360.00,United States,,25532,Finance,Investment Managers
OXLCZ,Oxford Lane Capital Corp. 5.00% Notes due 2027,$24.79,-0.06,-0.241%,4303544000.00,United States,,3532,Finance,Finance Companies
OXM,Oxford Industries Inc. Common Stock,$45.48,0.12,0.265%,677081408.00,United States,,431463,Industrials,Garments and Clothing
OXSQ,Oxford Square Capital Corp. Common Stock,$1.82,-0.04,-2.151%,170219298.00,United States,2003,1999586,Finance,Blank Checks
OXSQG,Oxford Square Capital Corp. 5.50% Notes due 2028,$24.35,0.03,0.123%,1552503891.00,United States,,1132,Consumer Discretionary,Other Consumer Services
OXSQH,Oxford Square Capital Corp. 7.75% Notes due 2030,$25.30,-0.09,-0.354%,0.00,United States,,724,Finance,Blank Checks
OXY,Occidental Petroleum Corporation Common Stock,$53.03,-0.91,-1.687%,52745478194.00,United States,,12936800,Energy,Oil & Gas Production
OYSE,Oyster Enterprises II Acquisition Corp Class A Ordinary Shares,$10.20,-0.03,-0.293%,0.00,United States,2025,75128,Finance,Blank Checks
OYSER,Oyster Enterprises II Acquisition Corp Rights,$0.15,0.00,0.00%,0.00,United States,2025,26732,Finance,Blank Checks
OZ,Belpointe PREP LLC Class A Units,$50.45,-0.46,-0.904%,201607483.00,,,7928,Real Estate,Real Estate Investment Trusts
OZK,Bank OZK Common Stock,$48.50,0.17,0.352%,5487102402.00,United States,,781523,Finance,Major Banks
OZKAP,Bank OZK 4.625% Series A Non-Cumulative Perpetual Preferred Stock,$16.60,0.07,0.423%,1878059791.00,United States,,20799,Finance,Major Banks
P,Everpure Inc. Class A common stock,$78.16,2.11,2.774%,25961047529.00,United States,2015,3415918,Technology,Electronic Components
PAA,Plains All American Pipeline L.P. Common Units representing Limited Partner Interests,$21.72,-0.37,-1.675%,16592854797.00,United States,1998,5929888,Energy,Natural Gas Distribution
PAAC,Proem Acquisition Corp I Ordinary Shares,$9.89,0.00,0.00%,143078630.00,United States,2026,3,,
PAACU,Proem Acquisition Corp I Units,$10.02,0.00,0.00%,0.00,United States,2026,3497,Finance,Blank Checks
PAACW,Proem Acquisition Corp I Warrants,$0.26,0.0089,3.544%,0.00,United States,2026,10894,Finance,Blank Checks
PAAS,Pan American Silver Corp. Common Stock,$59.14,1.33,2.301%,24950201722.00,Canada,,5947510,Basic Materials,Precious Metals
PAC,Grupo Aeroportuario Del Pacifico S.A. B. de C.V. Grupo Aeroportuario Del Pacifico S.A. de C.V. (each representing 10 Series B shares),$245.81,-5.29,-2.107%,12420225244.00,Mexico,2006,89319,Consumer Discretionary,Aerospace
PACB,Pacific Biosciences of California Inc. Common Stock,$1.41,-0.24,-14.545%,437786810.00,United States,2010,9790209,Industrials,Biotechnology: Laboratory Analytical Instruments
PACH,Pioneer Acquisition I Corp Class A Ordinary Shares,$10.18,0.00,0.00%,0.00,United States,2025,35,,
PACHU,Pioneer Acquisition I Corp Units,$10.30,0.00,0.00%,0.00,United States,2025,100,,
PACHW,Pioneer Acquisition I Corp Warrants,$0.22,0.00,0.00%,0.00,United States,2025,10200,,
PACK,Ranpak Holdings Corp Class A Common Stock,$6.51,0.13,2.038%,556897136.00,United States,2018,839537,Consumer Discretionary,Containers/Packaging
PACS,PACS Group Inc. Common Stock,$33.59,-0.04,-0.119%,5279173324.00,United States,2024,542688,Health Care,Hospital/Nursing Management
PAG,Penske Automotive Group Inc. Common Stock,$173.81,2.20,1.282%,11427878012.00,United States,,269780,Consumer Discretionary,Retail-Auto Dealers and Gas Stations
PAGP,Plains GP Holdings L.P. Class A Units representing Limited Partner Interests,$23.19,-0.44,-1.862%,4589396636.00,United States,,2664433,Energy,Natural Gas Distribution
PAGS,PagSeguro Digital Ltd. Class A Common Shares,$10.09,-0.03,-0.296%,2932938084.00,Cayman Islands,2018,2189165,Technology,EDP Services
PAHC,Phibro Animal Health Corporation Class A Common Stock,$40.00,-3.16,-7.322%,1622588640.00,United States,2014,976172,Health Care,Biotechnology: Pharmaceutical Preparations
PAI,Western Asset Investment Grade Income Fund Inc.,$12.23,0.03,0.246%,0.00,United States,,17261,Finance,Trusts Except Educational Religious and Charitable
PAII,Pyrophyte Acquisition Corp. II Class A Ordinary Shares,$10.15,0.00,0.00%,0.00,,2025,400,,
PAL,Proficient Auto Logistics Inc. Common Stock,$5.95,-1.39,-18.937%,165458736.00,United States,2024,1079760,Consumer Discretionary,Transportation Services
PALI,Palisade Bio Inc. Common Stock,$1.80,-0.19,-9.548%,301363564.00,United States,,3019105,Health Care,Biotechnology: Biological Products (No Diagnostic Substances)
PALO,Paloma Acquisition Corp I Class A Ordinary Shares,$9.865,0.005,0.051%,0.00,United States,2026,955,Finance,Blank Checks
PALOU,Paloma Acquisition Corp I Units,$10.10,0.00,0.00%,0.00,United States,2026,3,Finance,Blank Checks
PALOW,Paloma Acquisition Corp I Warrants,$0.34,0.00,0.00%,0.00,United States,2026,800,Finance,Blank Checks
PAM,Pampa Energia S.A.,$78.72,-3.78,-4.582%,4293452957.00,Argentina,,377429,Utilities,Electric Utilities: Central
PAMT,PAMT CORP Common Stock,$10.32,-0.01,-0.097%,216146291.00,United States,,7153,Industrials,Trucking Freight/Courier Services
PANL,Pangaea Logistics Solutions Ltd. Common Shares,$7.84,-0.03,-0.381%,512098192.00,United States,2013,397530,Consumer Discretionary,Marine Transportation
PANW,Palo Alto Networks Inc. Common Stock,$207.88,11.35,5.775%,169630080000.00,United States,,11637861,Technology,Computer peripheral equipment
PAPL,Pineapple Financial Inc. Common Stock,$1.13,0.01,0.893%,29480176.00,,,329335,Finance,Finance: Consumer Services
PAR,PAR Technology Corporation Common Stock,$14.40,-0.59,-3.936%,593945266.00,United States,,2266739,Miscellaneous,Office Equipment/Supplies/Services
PARK,Park Dental Partners Inc. Common Stock,$17.53,0.655,3.881%,79148897.00,United States,2025,8138,Health Care,Misc Health and Biotechnology Services
PARR,Par Pacific Holdings Inc.  Common Stock,$64.37,2.12,3.406%,3227787110.00,United States,,1084307,Energy,Oil & Gas Production
PASG,Passage Bio Inc. Common Stock,$4.21,0.13,3.186%,13504880.00,United States,2020,105833,Health Care,Biotechnology: Biological Products (No Diagnostic Substances)
PASW,Ping An Biomedical Co. Ltd. Ordinary Shares,$0.152,0.002,1.333%,18931600.00,Hong Kong,2025,153767,Consumer Discretionary,Apparel
PATH,UiPath Inc. Class A Common Stock,$10.79,-0.14,-1.281%,5653116999.00,United States,2021,24764882,Technology,Computer Software: Prepackaged Software
PATK,Patrick Industries Inc. Common Stock,$95.17,-0.19,-0.199%,3151192238.00,United States,,393782,Consumer Discretionary,Auto Parts:O.E.M.
PAVM,PAVmed Inc. Common Stock,$7.16,0.02,0.28%,85119025.00,United States,2016,24191,Health Care,Medical/Dental Instruments
PAVS,Paranovus Entertainment Technology Ltd. Class A Ordinary Shares,$1.24,-0.02,-1.587%,681323.00,China,2019,37253,Health Care, Medicinal Chemicals and Botanical Products 
PAX,Patria Investments Limited Class A Common Shares,$12.37,0.33,2.741%,1996441887.00,Cayman Islands,2021,1956123,Finance,Investment Managers
PAXS,PIMCO Access Income Fund Common Shares of Beneficial Interest,$14.58,-0.11,-0.749%,0.00,United States,2022,324502,Finance,Investment Managers
PAY,Paymentus Holdings Inc. Class A Common Stock,$26.64,-1.21,-4.345%,3351027938.00,United States,2021,307974,Real Estate,Real Estate
PAYC,Paycom Software Inc. Common Stock,$136.87,-1.56,-1.127%,6524063076.00,United States,2014,1190224,Technology,Computer Software: Prepackaged Software
PAYO,Payoneer Global Inc. Common Stock,$5.16,0.10,1.976%,1740528599.00,United States,,8387958,Real Estate,Real Estate
PAYP,PayPay Corporation American Depository Shares,$19.61,0.34,1.764%,12502771232.00,Japan,2026,1293174,Real Estate,Real Estate
PAYS,Paysign Inc. Common Stock,$6.22,-0.49,-7.303%,343253151.00,United States,,1033378,Technology,EDP Services
PAYX,Paychex Inc. Common Stock,$93.93,-0.33,-0.35%,33654262452.00,United States,1983,2446542,Industrials,Diversified Commercial Services
PB,Prosperity Bancshares Inc. Common Stock,$69.26,-0.16,-0.23%,6983810560.00,United States,,602972,Finance,Major Banks
PBA,Pembina Pipeline Corp. Ordinary Shares (Canada),$45.72,0.76,1.69%,26577244437.00,Canada,,1033354,Energy,Oil & Gas Production
PBF,PBF Energy Inc. Class A Common Stock,$40.71,0.12,0.296%,4816337814.00,United States,2012,5782716,Energy,Integrated oil Companies
PBFS,Pioneer Bancorp Inc. Common Stock,$14.59,-0.30,-2.015%,365870527.00,United States,2019,5781,Finance,Banks
PBH,Prestige Consumer Healthcare Inc. Common Stock,$52.54,-2.05,-3.755%,2486126074.00,United States,2005,741627,Health Care,Biotechnology: Pharmaceutical Preparations
PBHC,Pathfinder Bancorp Inc. Common Stock (MD),$13.99,0.11,0.793%,68218220.00,United States,,733,Finance,Major Banks
PBI,Pitney Bowes Inc. Common Stock,$15.70,0.12,0.77%,2126430373.00,United States,,3083550,Miscellaneous,Office Equipment/Supplies/Services
PBI^B,Pitney Bowes Inc 6.70% Notes Due 2043,$21.29,0.37,1.769%,,United States,,15046,,
PBM,Psyence Biomedical Ltd. Common Shares,$5.59,-0.43,-7.143%,12120998.00,Canada,,131917,Health Care,Biotechnology: Pharmaceutical Preparations
PBMWW,Psyence Biomedical Ltd. Warrant,$0.0295,0.0018,6.498%,63966.00,Canada,,265,Health Care,Biotechnology: Pharmaceutical Preparations
PBR,Petroleo Brasileiro S.A. Petrobras ADS,$20.33,-0.04,-0.196%,131013968526.00,Brazil,,14619182,Energy,Oil & Gas Production
PBT,Permian Basin Royalty Trust Common Stock,$23.10,0.08,0.348%,1076663188.00,United States,,333854,Energy,Oil & Gas Production
PBYI,Puma Biotechnology Inc Common Stock,$7.49,0.23,3.168%,381178646.00,United States,,755028,Health Care,Biotechnology: Pharmaceutical Preparations
PCAP,ProCap Acquisition Corp Class A Ordinary Shares,$10.23,0.00,0.00%,0.00,United States,2025,97,Finance,Blank Checks
PCAPU,ProCap Acquisition Corp Unit,$10.31,-0.0001,-0.001%,0.00,United States,2025,309,,
PCAPW,ProCap Acquisition Corp Warrant,$0.34,0.00,0.00%,0.00,United States,2025,11,Finance,Blank Checks
PCAR,PACCAR Inc. Common Stock,$114.31,0.26,0.228%,60159778837.00,United States,,2028856,Consumer Discretionary,Motor Vehicles
PCB,PCB Bancorp Common Stock,$24.67,-0.18,-0.724%,351089205.00,United States,2018,24419,Finance,Major Banks
PCF,High Income Securities Fund Common Stock,$5.70,0.01,0.176%,0.00,United States,,46919,Finance,Trusts Except Educational Religious and Charitable
PCG,Pacific Gas & Electric Co. Common Stock,$16.07,-0.12,-0.741%,43067090870.00,United States,,15327505,Utilities,Power Generation
PCG^A,Pacific Gas & Electric Co. 6% Preferred Stock,$22.785,0.105,0.463%,,United States,,1914,,
PCG^B,Pacific Gas & Electric Co. 5 1/2% Preferred Stock,$20.32,0.11,0.544%,,United States,,5634,,
PCG^C,Pacific Gas & Electric Co. 5% 1st Preferred Stock,$19.00,0.22,1.171%,,United States,,217,,
PCG^D,Pacific Gas & Electric Co. 5% 1st  Red. Preferred Stock,$18.30,-0.06,-0.327%,,United States,,694,,
PCG^E,Pacific Gas & Electric Co. 5% 1st A Preferred Stock,$19.15,0.35,1.862%,,United States,,1151,,
PCG^G,Pacific Gas & Electric Co. 4.80% 1st Preferred Stock,$18.01,-0.52,-2.806%,,United States,,106,,
PCG^H,Pacific Gas & Electric Co. 4.50% 1st Preferred Stock,$17.00,-0.10,-0.585%,,United States,,1849,,
PCG^I,Pacific Gas & Electric Co. 4.36% 1st Preferred Stock,$17.06,-0.3683,-2.113%,,United States,,1876,,
PCG^X,PG&E Corp 6.000% Series A Mandatory Convertible Preferred Stock,$40.97,-0.22,-0.534%,,United States,,52999,,
PCLA,PicoCELA Inc. American Depositary Shares,$1.75,-0.05,-2.778%,7269159.00,Japan,2025,1995,Consumer Discretionary,Building Products
PCM,PCM Fund Inc. Common Stock,$5.94,0.00,0.00%,0.00,United States,1993,53526,Finance,Trusts Except Educational Religious and Charitable
PCN,Pimco Corporate & Income Strategy Fund Common Stock,$12.08,0.00,0.00%,0.00,United States,2001,345378,Finance,Investment Managers
PCOR,Procore Technologies Inc. Common Stock,$53.28,-0.23,-0.43%,8039430708.00,United States,2021,2777767,Technology,Computer Software: Prepackaged Software
PCQ,PIMCO California Municipal Income Fund Common Stock,$8.92,0.04,0.45%,0.00,United States,2001,74076,Finance,Investment Managers
PCRX,Pacira BioSciences Inc. Common Stock,$23.15,-0.49,-2.073%,910904441.00,United States,2011,513975,Health Care,Biotechnology: Pharmaceutical Preparations
PCSA,Processa Pharmaceuticals Inc. Common Stock,$2.73,-0.14,-4.878%,7261906.00,United States,,13100,Health Care,Biotechnology: Pharmaceutical Preparations
PCSC,Perceptive Capital Solutions Corp Class A Ordinary Shares,$11.28,0.00,0.00%,0.00,United States,2024,10014,,
PCT,PureCycle Technologies Inc. Common stock,$9.53,0.59,6.60%,1723629632.00,United States,,5056835,Industrials,Major Chemicals
PCTTW,PureCycle Technologies Inc. Warrant,$1.65,0.05,3.125%,298424858.00,United States,,1077,Industrials,Major Chemicals
PCTY,Paylocity Holding Corporation Common Stock,$110.98,1.86,1.705%,5979235278.00,United States,2014,1851967,Technology,Computer Software: Prepackaged Software
PCVX,Vaxcyte Inc. Common Stock,$53.01,1.53,2.972%,7654521123.00,United States,2020,1917280,Health Care,Biotechnology: Pharmaceutical Preparations
PCYO,Pure Cycle Corporation Common Stock,$11.62,-0.06,-0.514%,280087411.00,United States,,42377,Utilities,Water Supply
PD,PagerDuty Inc. Common Stock,$7.29,-0.12,-1.619%,619547175.00,United States,2019,1912982,Technology,Computer Software: Prepackaged Software
PDC,Perpetuals.com Ltd American Depositary Shares,$8.09,0.05,0.622%,24679111.00,Japan,2023,74557,Technology,EDP Services
PDCC,Pearl Diver Credit Company Inc. Common Stock,$11.00,0.0601,0.549%,0.00,,2024,7251,,
PDD,PDD Holdings Inc. American Depositary Shares,$98.78,-2.73,-2.689%,140603102516.00,China,2018,6661892,Technology,EDP Services
PDEX,Pro-Dex Inc. Common Stock,$59.27,1.85,3.222%,189234826.00,United States,,16078,Health Care,Medical/Dental Instruments
PDFS,PDF Solutions Inc. Common Stock,$51.63,3.93,8.239%,2060933968.00,United States,2001,919071,Technology,Computer Software: Prepackaged Software
PDI,PIMCO Dynamic Income Fund Common Stock,$17.71,0.01,0.056%,4305123900.00,United States,2012,2917235,Finance,Trusts Except Educational Religious and Charitable
PDLB,Ponce Financial Group Inc. Common Stock,$17.84,-0.10,-0.557%,430957865.00,United States,2017,35924,Finance,Savings Institutions
PDM,Piedmont Realty Trust Inc. Class A Common Stock,$8.48,-0.01,-0.118%,1060161145.00,United States,,712537,Real Estate,Building operators
PDO,PIMCO Dynamic Income Opportunities Fund Common Shares of Beneficial Interest,$13.29,-0.07,-0.524%,1944792203.00,United States,2021,833760,Finance,Trusts Except Educational Religious and Charitable
PDPA,Pearl Diver Credit Company Inc. 8.00% Series A Preferred Stock Due 2029,$25.18,-0.005,-0.02%,0.00,,,2226,,
PDS,Precision Drilling Corporation Common Stock,$87.79,-2.14,-2.38%,1136111547.00,Canada,,77381,Energy,Oil & Gas Production
PDSB,PDS Biotechnology Corporation Common Stock,$1.25,0.11,9.649%,68005328.00,United States,2015,902348,Health Care,Biotechnology: Pharmaceutical Preparations
PDT,John Hancock Premium Dividend Fund,$13.05,0.08,0.617%,0.00,United States,,109359,Finance,Finance Companies
PDX,PIMCO Dynamic Income Strategy Fund Common Shares of Beneficial Interest,$21.13,0.13,0.619%,944658910.00,,2019,63067,Finance,Finance/Investors Services
PDYN,Palladyne AI Corp. Common Stock,$6.11,-0.04,-0.65%,288662215.00,United States,,1136962,Technology,Computer Software: Prepackaged Software
PDYNW,Palladyne AI Corp Warrants,$0.0426,-0.0085,-16.634%,2012604.00,United States,,116653,Technology,Computer Software: Prepackaged Software
PEB,Pebblebrook Hotel Trust Common Shares of Beneficial Interest,$14.72,0.20,1.377%,1668795139.00,United States,2009,1324867,Real Estate,Real Estate Investment Trusts
PEB^E,Pebblebrook Hotel Trust 6.375% Series E Cumulative Redeemable Preferred Shares of Beneficial Interest,$19.90,-0.10,-0.50%,,United States,,22538,,
PEB^F,Pebblebrook Hotel Trust 6.3% Series F Cumulative Redeemable Preferred Shares of Beneficial Interest,$19.90,-0.09,-0.45%,,United States,,16419,,
PEB^G,Pebblebrook Hotel Trust 6.375% Series G Cumulative Redeemable Preferred Shares of Beneficial Interest,$19.89,-0.14,-0.699%,,United States,,31138,,
PEB^H,Pebblebrook Hotel Trust 5.700% Series H Cumulative Redeemable Preferred Shares of Beneficial Interest,$17.9299,-0.0601,-0.334%,,United States,,23309,,
PEBK,Peoples Bancorp of North Carolina Inc. Common Stock,$41.31,0.13,0.316%,225614152.00,United States,,23357,Finance,Major Banks
PEBO,Peoples Bancorp Inc. Common Stock,$34.32,0.04,0.117%,1232893525.00,United States,,174744,Finance,Major Banks
PECO,Phillips Edison & Company Inc. Common Stock,$39.72,-0.33,-0.824%,5004720000.00,United States,2021,694588,Real Estate,Real Estate Investment Trusts
PED,Pedevco Corp. Common Stock,$13.98,-0.09,-0.64%,185942682.00,United States,,25151,Energy,Oil & Gas Production
PEG,Public Service Enterprise Group Incorporated Common Stock,$77.13,-0.70,-0.899%,38435529736.00,United States,,3510149,Utilities,Power Generation
PEGA,Pegasystems Inc. Common Stock,$35.975,-0.755,-2.056%,6011999935.00,United States,1996,1622799,Technology,EDP Services
PEN,Penumbra Inc. Common Stock,$322.23,-2.42,-0.745%,12673765078.00,United States,2015,350096,Health Care,Medical/Dental Instruments
PENG,Penguin Solutions Inc. Common Stock,$44.23,5.25,13.468%,2244562279.00,United States,2017,4367927,Technology,Semiconductors
PENN,PENN Entertainment Inc. Common Stock,$16.74,-0.03,-0.179%,2240538031.00,United States,1994,2200287,Consumer Discretionary,Hotels/Resorts
PEO,Adams Natural Resources Fund Inc. Common Stock,$25.32,-0.13,-0.511%,0.00,United States,,47282,Finance,Finance/Investors Services
PEP,PepsiCo Inc. Common Stock,$154.62,-1.67,-1.069%,211329716865.00,United States,,4934448,Consumer Staples,Beverages (Production/Distribution)
PEPG,PepGen Inc. Common Stock,$1.76,-0.03,-1.676%,121737818.00,United States,2022,698759,Health Care,Biotechnology: Pharmaceutical Preparations
PERF,Perfect Corp. Class A Ordinary Share,$1.69,0.02,1.198%,172124254.00,Taiwan,2022,59259,Technology,Computer Software: Prepackaged Software
PERI,Perion Network Ltd. Ordinary Shares,$11.06,0.28,2.597%,434993328.00,Israel,2006,315979,Technology,EDP Services
PESI,Perma-Fix Environmental Services Inc. Common Stock,$11.00,-0.17,-1.522%,204022929.00,United States,,179192,Industrials,Environmental Services
PETS,PetMed Express Inc. Common Stock,$2.28,-0.02,-0.87%,48793129.00,United States,,59622,Consumer Staples,Retail-Drug Stores and Proprietary Stores
PETZ,TDH Holdings Inc. Common Shares,$0.97,0.00,0.00%,10013570.00,China,2017,197,Industrials,Steel/Iron Ore
PEW,GrabAGun Digital Holdings Inc. Common Stock,$2.93,-0.05,-1.678%,86142220.00,,2025,142772,Consumer Discretionary,Other Specialty Stores
PFAI,Pinnacle Food Group Limited Class A Common Shares,$4.0499,0.0299,0.744%,47531975.00,Canada,2025,424,Consumer Staples,Farming/Seeds/Milling
PFBC,Preferred Bank Common Stock,$95.04,0.32,0.338%,1364461718.00,United States,,99245,Finance,Major Banks
PFD,Flaherty & Crumrine Preferred and Income Fund Incorporated,$11.56,0.04,0.347%,0.00,United States,1991,6754,Finance,Investment Managers
PFE,Pfizer Inc. Common Stock,$25.68,-0.80,-3.021%,146361726260.00,United States,,38794392,Health Care,Biotechnology: Pharmaceutical Preparations
PFG,Principal Financial Group Inc Common Stock,$100.50,0.47,0.47%,21709244592.00,United States,2001,1022137,Finance,Accident &Health Insurance
PFGC,Performance Food Group Company Common Stock,$93.12,0.41,0.442%,14628206925.00,United States,2015,2458046,Consumer Discretionary,Food Distributors
PFH,Prudential Financial Inc. 4.125% Junior Subordinated Notes due 2060,$16.97,0.17,1.012%,6058290000.00,United States,2020,31308,Finance,Life Insurance
PFIS,Peoples Financial Services Corp. Common Stock,$59.35,0.38,0.644%,593837583.00,United States,,49087,Finance,Major Banks
PFL,PIMCO Income Strategy Fund Shares of Beneficial Interest,$8.057,0.027,0.336%,0.00,United States,2003,266406,Finance,Finance Companies
PFLT,PennantPark Floating Rate Capital Ltd. Common Stock,$8.92,-0.05,-0.557%,885023632.00,United States,2022,1795881,Finance,Finance: Consumer Services
PFN,PIMCO Income Strategy Fund II,$7.09,-0.08,-1.116%,0.00,United States,2004,806704,Finance,Finance/Investors Services
PFO,Flaherty & Crumrine Preferred and Income Opportunity Fund Incorporated,$9.24,0.03,0.326%,0.00,United States,1992,20145,Finance,Finance Companies
PFS,Provident Financial Services Inc Common Stock,$22.40,-0.08,-0.356%,2919026522.00,United States,2003,806549,Finance,Savings Institutions
PFSA,Profusa Inc. Common Stock,$0.5158,0.0258,5.265%,2274816.00,United States,,278754,Health Care,Medical/Dental Instruments
PFSI,PennyMac Financial Services Inc. Common Stock,$90.54,1.88,2.12%,4701278183.00,United States,2013,502025,Finance,Finance: Consumer Services
PFX,PhenixFIN Corporation Common Stock,$40.44,-0.275,-0.675%,78154344.00,United States,,1406,Finance,Finance: Consumer Services
PFXNZ,PhenixFIN Corporation  5.25% Notes due 2028,$23.865,-0.015,-0.063%,47822334.00,United States,,1033,Finance,Finance: Consumer Services
PG,Procter & Gamble Company (The) Common Stock,$146.42,0.36,0.246%,340953462359.00,United States,,5739343,Consumer Discretionary,Package Goods/Cosmetics
PGAC,Pantages Capital Acquisition Corporation Class A Ordinary Shares,$10.52,0.01,0.095%,0.00,United States,2025,9499,,
PGACR,Pantages Capital Acquisition Corporation Right,$0.1811,-0.0189,-9.45%,0.00,United States,2025,24188,,
PGC,Peapack-Gladstone Financial Corporation Common Stock,$42.98,0.36,0.845%,755185463.00,United States,,130113,Finance,Commercial Banks
PGEN,Precigen Inc. Common Stock,$4.21,0.06,1.446%,1498355731.00,United States,,4873575,Health Care,Biotechnology: Pharmaceutical Preparations
PGNY,Progyny Inc. Common Stock,$23.72,4.56,23.80%,1857963809.00,United States,2019,4411148,Health Care,Misc Health and Biotechnology Services
PGP,Pimco Global StocksPlus & Income Fund Common Shares of Beneficial Interest,$9.03,0.00,0.00%,0.00,United States,2005,21733,Finance,Finance Companies
PGR,Progressive Corporation (The) Common Stock,$194.00,-1.75,-0.894%,113361274016.00,United States,,3308934,Finance,Property-Casualty Insurers
PGY,Pagaya Technologies Ltd. Class A Ordinary Shares,$15.19,-0.31,-2.00%,1253576563.00,United States,,6033172,Finance,Finance: Consumer Services
PGYWW,Pagaya Technologies Ltd. Warrants,$0.0675,-0.0004,-0.589%,5570534.00,United States,,41799,Finance,Finance: Consumer Services
PGZ,Principal Real Estate Income Fund Common Shares of Beneficial Interest,$10.10,0.01,0.099%,0.00,,2013,21322,Finance,Investment Managers
PH,Parker-Hannifin Corporation Common Stock,$878.83,-8.02,-0.904%,110808501245.00,United States,,753844,Industrials,Metal Fabrications
PHAR,Pharming Group N.V. ADS each representing 10 ordinary shares,$12.98,0.98,8.167%,916715485.00,Netherlands,,19540,Health Care,Biotechnology: Pharmaceutical Preparations
PHAT,Phathom Pharmaceuticals Inc. Common Stock,$12.16,-0.07,-0.572%,969832388.00,United States,2019,628940,Health Care,Biotechnology: Pharmaceutical Preparations
PHG,Koninklijke Philips N.V. NY Registry Shares,$27.21,0.05,0.184%,25884571894.00,Netherlands,,907847,Health Care,Medical Electronics
PHGE,BiomX Inc. COmmon Stock,$0.627,0.0079,1.276%,4102785.00,,2019,140884,Health Care,Biotechnology: Biological Products (No Diagnostic Substances)
PHI,PLDT Inc. Sponsored ADR,$20.53,0.18,0.885%,4435625061.00,Philippines,,65285,Telecommunications,Telecommunications Equipment
PHIN,PHINIA Inc. Common Stock,$79.87,1.42,1.81%,2956831967.00,United States,2023,247374,Consumer Discretionary,Auto Parts:O.E.M.
PHIO,Phio Pharmaceuticals Corp. Common Stock,$1.07,-0.07,-6.14%,12430458.00,United States,,323580,Health Care,Biotechnology: Pharmaceutical Preparations
PHK,Pimco High Income Fund,$4.64,-0.05,-1.066%,0.00,United States,2003,802134,Finance,Finance/Investors Services
PHM,PulteGroup Inc. Common Stock,$117.55,0.73,0.625%,22391670795.00,United States,,1313651,Consumer Discretionary,Homebuilding
PHOE,Phoenix Asia Holdings Limited Ordinary Shares,$24.06,5.00,26.233%,519696000.00,Hong Kong,2025,1686279,Consumer Discretionary,Engineering & Construction
PHR,Phreesia Inc. Common Stock,$10.17,0.34,3.459%,617960371.00,United States,2019,1274471,Real Estate,Real Estate
PHUN,Phunware Inc. Common Stock,$2.00,-0.02,-0.99%,40381756.00,Greece,2016,222572,Technology,EDP Services
PHVS,Pharvaris N.V. Ordinary Shares,$30.09,0.41,1.381%,1968121364.00,Netherlands,2021,572611,Health Care,Biotechnology: Pharmaceutical Preparations
PHXE^,Phoenix Energy One LLC Series A Cumulative Redeemable Preferred Shares,$23.91,-0.22,-0.912%,,,,15749,,
PI,Impinj Inc. Common Stock,$152.91,1.58,1.044%,4657513978.00,United States,2016,458746,Technology,Industrial Machinery/Components
PICS,PicS N.V. Class A Common Shares,$12.25,-0.38,-3.009%,1587447402.00,Brazil,2026,312392,Finance,Finance: Consumer Services
PII,Polaris Inc. Common Stock,$68.24,1.18,1.76%,3881912036.00,United States,,694487,Consumer Discretionary,Industrial Specialties
PIII,P3 Health Partners Inc. Class A Common Stock,$3.5479,-0.0321,-0.897%,25677621.00,United States,2021,11901,Health Care,Medical/Nursing Services
PIIIW,P3 Health Partners Inc. Warrant,$0.0052,0.0002,4.00%,37635.00,United States,2021,1704,Health Care,Medical/Nursing Services
PIM,Putnam Master Intermediate Income Trust Common Stock,$3.29,0.08,2.492%,165333666.00,United States,1988,154333,Finance,Finance Companies
PINE,Alpine Income Property Trust Inc. Common Stock,$19.36,-0.28,-1.426%,319918366.00,United States,2019,151294,Real Estate,Real Estate Investment Trusts
PINE^A,Alpine Income Property Trust Inc. 8.00% Series A Cumulative Redeemable Preferred Stock,$25.28,0.02,0.079%,,United States,,1236,,
PINS,Pinterest Inc. Class A Common Stock,$21.27,-0.28,-1.299%,11914546345.00,United States,2019,19157926,Technology,Computer Software: Programming Data Processing
PIPR,Piper Sandler Companies Common Stock,$81.03,0.57,0.708%,5775095612.00,United States,2026,680609,Finance,Investment Bankers/Brokers/Service
PJT,PJT Partners Inc. Class A Common Stock,$154.64,1.45,0.947%,6190134973.00,United States,2015,250412,Finance,Investment Managers
PK,Park Hotels & Resorts Inc. Common Stock ,$11.32,0.13,1.162%,2279415972.00,United States,2016,4754870,Consumer Discretionary,Hotels/Resorts
PKBK,Parke Bancorp Inc. Common Stock,$30.66,-0.20,-0.648%,359670927.00,United States,,75727,Finance,Major Banks
PKE,Park Aerospace Corp. Common Stock,$33.58,0.17,0.509%,669108297.00,United States,,163388,Industrials,Military/Government/Technical
PKG,Packaging Corporation of America Common Stock,$224.59,1.16,0.519%,19994788189.00,United States,2000,456356,Consumer Discretionary,Containers/Packaging
PKOH,Park-Ohio Holdings Corp. Common Stock,$30.82,-0.02,-0.065%,443756068.00,United States,,115059,Industrials,Industrial Specialties
PKX,POSCO HOLDINGS INC. American Depositary Shares (Each representing 1/4th of a share of Common Stock),$91.72,2.78,3.126%,29692681430.00,South Korea,1994,336392,Industrials,Steel/Iron Ore
PL,Planet Labs PBC Class A Common Stock,$39.04,3.80,10.783%,13513658014.00,United States,2021,12889583,Technology,Radio And Television Broadcasting And Communications Equipment
PLAB,Photronics Inc. Common Stock,$53.64,3.28,6.513%,3162957374.00,United States,1987,836599,Technology,Semiconductors
PLAG,Planet Green Holdings Corp. Common Stock,$1.82,-0.10,-5.208%,25903539.00,China,,3975,Consumer Staples,Packaged Foods
PLAY,Dave & Buster's Entertainment Inc. Common Stock,$10.31,-0.16,-1.528%,358163266.00,United States,2014,1505872,Consumer Discretionary,Restaurants
PLBC,Plumas Bancorp,$52.03,0.07,0.135%,362552116.00,United States,,36364,Finance,Finance Companies
PLBL,Polibeli Group Ltd Class A Ordinary Shares,$7.40,0.30,4.225%,2711267278.00,Indonesia,,3212,Consumer Discretionary,Consumer Electronics/Appliances
PLBY,Playboy Inc. Common Stock,$1.80,0.13,7.784%,207828227.00,United States,2020,1195894,Consumer Discretionary,Other Specialty Stores
PLCE,Children's Place Inc. (The) Common Stock,$3.25,-0.11,-3.274%,72193898.00,United States,1997,135015,Consumer Discretionary,Clothing/Shoe/Accessory Stores
PLD,Prologis Inc. Common Stock,$144.09,1.80,1.265%,134340582420.00,United States,,3267070,Real Estate,Real Estate Investment Trusts
PLG,Platinum Group Metals Ltd. Ordinary Shares (Canada),$1.78,0.04,2.299%,225750065.00,Canada,,889827,Basic Materials,Precious Metals
PLMK,Plum Acquisition Corp. IV Class A Ordinary Shares,$10.605,-0.015,-0.141%,0.00,United States,2025,2610,,
PLMKW,Plum Acquisition Corp. IV Warrants,$0.51,0.01,2.00%,0.00,United States,2025,50700,,
PLMR,Palomar Holdings Inc. Common stock,$113.36,-0.21,-0.185%,3005526603.00,United States,2019,323893,Finance,Property-Casualty Insurers
PLNT,Planet Fitness Inc. Common Stock,$45.88,1.87,4.249%,3642885397.00,United States,2015,7625401,Consumer Discretionary,Hotels/Resorts
PLOW,Douglas Dynamics Inc. Common Stock,$45.29,0.06,0.133%,1047339946.00,United States,2010,158838,Industrials,Construction/Ag Equipment/Trucks
PLPC,Preformed Line Products Company Common Stock,$346.25,0.97,0.281%,1692474155.00,United States,,78073,Industrials,Water Sewer Pipeline Comm & Power Line Construction
PLRX,Pliant Therapeutics Inc. Common Stock,$1.22,-0.02,-1.613%,75535890.00,United States,2020,208204,Health Care,Biotechnology: Pharmaceutical Preparations
PLRZ,Polyrizon Ltd. Ordinary Shares,$16.34,2.20,15.559%,30585996.00,Israel,2024,153687,Health Care,Biotechnology: Pharmaceutical Preparations
PLSE,Pulse Biosciences Inc Common Stock (DE),$19.08,-0.51,-2.603%,1297231608.00,United States,2016,201696,Health Care,Medical/Dental Instruments
PLSM,Pulsenmore Ltd. Ordinary Shares,$3.75,0.00,0.00%,0.00,Israel,,2099,Health Care,Medical/Dental Instruments
PLTK,Playtika Holding Corp. Common Stock,$3.63,0.03,0.833%,1380777748.00,Israel,2021,2253841,Technology,EDP Services
PLTR,Palantir Technologies Inc. Class A Common Stock,$137.80,0.75,0.547%,330349590431.00,United States,,41619583,Technology,Computer Software: Prepackaged Software
PLUG,Plug Power Inc. Common Stock,$3.12,-0.01,-0.319%,4351855782.00,United States,1999,45662772,Energy,Industrial Machinery/Components
PLUR,Pluri Inc. Common Stock,$3.485,0.145,4.341%,37549711.00,Israel,,4568,Health Care,Biotechnology: Biological Products (No Diagnostic Substances)
PLUS,ePlus inc. Common Stock,$90.31,3.51,4.044%,2383512184.00,United States,1996,174268,Technology,Retail: Computer Software & Peripheral Equipment
PLUT,Plutus Financial Group Limited Ordinary Shares,$2.85,-0.07,-2.397%,40612500.00,Hong Kong,2025,15534,Finance,Investment Bankers/Brokers/Service
PLX,Protalix BioTherapeutics Inc. (DE) Common Stock,$1.94,-0.04,-2.02%,156308985.00,Israel,,621188,Health Care,Biotechnology: Biological Products (No Diagnostic Substances)
PLXS,Plexus Corp. Common Stock,$266.55,5.84,2.24%,7139932512.00,United States,,222479,Technology,Electrical Products
PLYX,Polaryx Therapeutics Inc. Common Stock,$3.66,-0.16,-4.188%,173276467.00,United States,,140767,Health Care,Biotechnology: Pharmaceutical Preparations
PM,Philip Morris International Inc Common Stock,$170.99,-0.12,-0.07%,266497977078.00,United States,,4631671,Health Care, Medicinal Chemicals and Botanical Products 
PMAX,Powell Max Limited Class A Ordinary Shares,$3.98,-0.22,-5.238%,6827025.00,Hong Kong,2024,6750718,Consumer Discretionary,Other Consumer Services
PMCB,PharmaCyte  Biotech Inc. Common Stock,$0.7558,-0.0442,-5.525%,8114004.00,United States,,59452,Health Care,Biotechnology: Biological Products (No Diagnostic Substances)
PMEC,Primech Holdings Ltd. Ordinary Shares,$0.72,-0.0159,-2.161%,27396000.00,Singapore,2023,29543,Consumer Discretionary,Diversified Commercial Services
PMI,Picard Medical Inc. Common Stock,$0.2083,-0.0126,-5.704%,15700712.00,,2025,3795217,Health Care,Medical/Dental Instruments
PML,Pimco Municipal Income Fund II Common Shares of Beneficial Interest,$7.64,0.05,0.659%,0.00,United States,2002,536020,Finance,Investment Managers
PMM,Putnam Managed Municipal Income Trust Common Stock,$6.30,0.00,0.00%,307054497.00,United States,1989,32398,Finance,Investment Managers
PMN,ProMIS Neurosciences Inc. Common Shares (ON),$9.83,0.00,0.00%,88152422.00,Canada,,33281,Health Care,Biotechnology: Pharmaceutical Preparations
PMNT,Perfect Moment Ltd. Common Stock,$0.2522,0.006,2.437%,11820866.00,United Kingdom,2024,368860,Consumer Discretionary,Apparel
PMO,Putnam Municipal Opportunities Trust Common Stock,$10.47,0.05,0.48%,355787006.00,United States,1993,43670,Finance,Finance Companies
PMT,PennyMac Mortgage Investment Trust Common Shares of Beneficial Interest,$11.00,-0.08,-0.722%,959225982.00,United States,2009,1240310,Real Estate,Real Estate Investment Trusts
PMT^A,PennyMac Mortgage Investment Trust 8.125% Series A Fixed-to-Floating Rate Cumulative Redeemable Preferred Shares of Beneficial Interest,$23.23,-0.11,-0.471%,,United States,,3892,,
PMT^B,PennyMac Mortgage Investment Trust 8.00% Series B Fixed-to-Floating Rate Cumulative Redeemable Preferred Shares of Beneficial Interest,$23.05,0.14,0.611%,,United States,,10932,,
PMT^C,PennyMac Mortgage Investment Trust 6.75% Series C Cumulative Redeemable Preferred Shares of Beneficial Interest,$18.35,0.00,0.00%,,United States,,33892,,
PMTR,Perimeter Acquisition Corp. I Class A Ordinary Shares,$10.3073,-0.0027,-0.026%,0.00,United States,2025,2452,Finance,Blank Checks
PMTRU,Perimeter Acquisition Corp. I Unit,$10.50,-0.25,-2.326%,0.00,United States,2025,329,Finance,Blank Checks
PMTRW,Perimeter Acquisition Corp. I Warrant,$0.65,0.09,16.071%,0.00,United States,2025,58676,Finance,Blank Checks
PMTS,CPI Card Group Inc. Common Stock,$15.60,0.07,0.451%,179019485.00,United States,,33797,Consumer Discretionary,Publishing
PMTU,PennyMac Mortgage Investment Trust 8.50% Senior Notes due 2028,$25.47,0.003,0.012%,2221044160.00,United States,2023,1044,Real Estate,Real Estate Investment Trusts
PMTV,PennyMac Mortgage Investment Trust 9.00% Senior Notes due 2030,$25.2301,0.0001,0.00%,0.00,United States,2025,19510,Real Estate,Real Estate Investment Trusts
PMTW,PennyMac Mortgage Investment Trust 9.00% Senior Notes due 2030,$25.6801,0.0601,0.235%,0.00,United States,2025,6953,Real Estate,Real Estate Investment Trusts
PMVP,PMV Pharmaceuticals Inc. Common Stock,$1.41,-0.01,-0.704%,75194443.00,United States,2020,274970,Health Care,Biotechnology: Pharmaceutical Preparations
PN,Skycorp Solar Group Limited Class A Ordinary Shares,$5.81,-1.90,-24.643%,83151268.00,China,2025,522315,Technology,Retail: Computer Software & Peripheral Equipment
PNBK,Patriot National Bancorp Inc. Common Stock,$1.10,-0.09,-7.563%,128794284.00,United States,,364833,Finance,Major Banks
PNC,PNC Financial Services Group Inc. (The) Common Stock,$216.85,-2.44,-1.113%,87079290449.00,United States,,1619329,Finance,Major Banks
PNFP,Pinnacle Financial Partners Inc. Common stock,$97.89,-0.77,-0.78%,14791845827.00,United States,,882547,Finance,Major Banks
PNFP^A,Pinnacle Financial Partners Inc. Fixed-to-Floating Rate Non-Cumulative Perpetual Preferred Stock Series A,$25.72,0.14,0.547%,,United States,,18456,,
PNFP^B,Pinnacle Financial Partners Inc. Fixed-to-Floating Rate Non-Cumulative Perpetual Preferred Stock Series B,$26.34,0.19,0.727%,,United States,,10052,,
PNFP^C,Pinnacle Financial Partners Inc. Fixed-to-Floating Rate Non-Cumulative Perpetual Preferred Stock Series C,$25.37,0.14,0.555%,,United States,,3453,,
PNI,Pimco New York Municipal Income Fund II Common Shares of Beneficial Interest,$7.115,0.075,1.065%,0.00,United States,2002,53809,Finance,Trusts Except Educational Religious and Charitable
PNNT,PennantPark Investment Corporation Common Stock,$4.57,-0.22,-4.593%,298403150.00,United States,2022,1266687,Finance,Finance: Consumer Services
PNR,Pentair plc. Ordinary Share,$76.82,-2.14,-2.71%,12414537660.00,Switzerland,,1436369,Industrials,Industrial Machinery/Components
PNRG,PrimeEnergy Resources Corporation Common Stock,$239.05,11.05,4.846%,386782900.00,United States,,36579,Energy,Oil & Gas Production
PNTG,The Pennant Group Inc. Common Stock ,$35.90,0.17,0.476%,1248155296.00,United States,,384645,Health Care,Medical/Nursing Services
PNW,Pinnacle West Capital Corporation Common Stock,$99.25,-0.28,-0.281%,12027826226.00,United States,,1425793,Utilities,Electric Utilities: Central
POAS,Phaos Technology Holdings (Cayman) Limited Class A Ordinary Shares,$2.39,0.06,2.575%,67940532.00,,2025,973547,Industrials,Industrial Machinery/Components
POCI,Precision Optics Corporation Inc. Common stock,$4.59,-0.16,-3.368%,35498404.00,United States,,9925,Health Care,Biotechnology: Electromedical & Electrotherapeutic Apparatus
PODC,PodcastOne Inc. Common Stock,$3.57,0.04,1.133%,98132031.00,United States,,101576,Technology,Computer Software: Programming Data Processing
PODD,Insulet Corporation Common Stock,$154.16,-6.24,-3.89%,10677842144.00,United States,2007,1738205,Health Care,Medical/Dental Instruments
POET,POET Technologies Inc. Common Shares,$10.95,1.37,14.301%,1674060200.00,Canada,,71688744,Technology,Semiconductors
POLA,Polar Power Inc. Common Stock,$1.89,-0.02,-1.047%,6879901.00,United States,2016,149041,Miscellaneous,Industrial Machinery/Components
POLE,Andretti Acquisition Corp. II Class A Ordinary Shares,$10.695,-0.005,-0.047%,0.00,United States,2024,4682,,
POLEW,Andretti Acquisition Corp. II Warrant,$0.23,0.05,27.778%,0.00,United States,2024,71898,,
POM,POMDOCTOR LIMITED American Depositary Shares,$0.075,-0.4561,-85.878%,8881566.00,China,2025,20469857,Consumer Discretionary,Other Specialty Stores
PONO,Pono Capital Four Inc. Class A Ordinary Shares,$9.86,0.00,0.00%,0.00,Cayman Islands,2026,5973,Finance,Blank Checks
PONOR,Pono Capital Four Inc. Rights,$0.2001,-0.0199,-9.045%,0.00,Cayman Islands,2026,43900,Finance,Blank Checks
PONOU,Pono Capital Four Inc. Units,$10.10,0.02,0.198%,0.00,Cayman Islands,2026,759,Industrials,Aerospace
PONY,Pony AI Inc. American Depositary Shares ,$9.29,-0.34,-3.531%,4027601027.00,China,2024,5469364,Technology,EDP Services
POOL,Pool Corporation Common Stock,$187.77,-2.67,-1.402%,6842902673.00,United States,1995,827336,Consumer Discretionary,Industrial Specialties
POR,Portland General Electric Co Common Stock,$48.51,-0.11,-0.226%,5614062834.00,United States,,1024934,Utilities,Electric Utilities: Central
POST,Post Holdings Inc. Common Stock,$102.05,-0.94,-0.913%,4880461549.00,United States,2012,1632445,Consumer Staples,Packaged Foods
POWI,Power Integrations Inc. Common Stock,$73.28,1.45,2.019%,4081987654.00,United States,1997,1563193,Technology,Semiconductors
POWL,Powell Industries Inc. Common Stock,$309.39,3.46,1.131%,11271587884.00,United States,,495258,Energy,Electrical Products
POWW,Outdoor Holding Company Common Stock,$2.02,0.03,1.508%,236923218.00,United States,,376322,Industrials,Ordnance And Accessories
POWWP,Outdoor Holding Company 8.75% Series A Cumulative Redeemable Perpetual Preferred Stock,$24.90,0.04,0.161%,2920489178.00,United States,,2990,Industrials,Ordnance And Accessories
PPBT,Purple Biotech Ltd. American Depositary Shares,$4.125,0.2149,5.496%,3834006.00,Israel,2015,3350,Health Care,Biotechnology: Pharmaceutical Preparations
PPC,Pilgrim's Pride Corporation Common Stock,$29.10,-1.30,-4.276%,6923528483.00,United States,,1803843,Consumer Staples,Meat/Poultry/Fish
PPCB,Propanc Biopharma Inc. Common Stock,$0.0886,-0.0044,-4.731%,1936732.00,Australia,,989519,Health Care,Biotechnology: Pharmaceutical Preparations
PPG,PPG Industries Inc. Common Stock,$109.61,0.68,0.624%,24432069000.00,United States,,1391590,Consumer Discretionary,Paints/Coatings
PPHC,Public Policy Holding Company Inc. Common Stock,$13.55,0.08,0.594%,340576255.00,United States,2026,77298,,
PPIH,Perma-Pipe International Holdings Inc. Common Stock,$33.78,0.97,2.956%,274404162.00,United States,,63290,Industrials,Pollution Control Equipment
PPL,PPL Corporation Common Stock,$35.91,-0.86,-2.339%,27010248633.00,United States,,12294199,Utilities,Electric Utilities: Central
PPLC,PPL Corporation Corporate Units,$48.27,-0.83,-1.69%,36307009232.00,United States,,161525,Utilities,Electric Utilities: Central
PPSI,Pioneer Power Solutions Inc. Common Stock,$4.19,0.23,5.808%,46493355.00,United States,,226167,Industrials,Electrical Products
PPT,Putnam Premier Income Trust Common Stock,$3.53,0.02,0.57%,351334768.00,United States,1988,73113,Finance,Finance Companies
PPTA,Perpetua Resources Corp. Common Shares,$29.95,1.44,5.051%,3742243245.00,Canada,,1128161,Basic Materials,Precious Metals
PR,Permian Resources Corporation Class A Common Stock,$19.72,-0.36,-1.793%,16611446615.00,United States,2022,14459605,Energy,Oil & Gas Production
PRA,ProAssurance Corporation Common Stock,$24.70,0.10,0.407%,1274710832.00,United States,,864962,Finance,Property-Casualty Insurers
PRAA,PRA Group Inc. Common Stock,$19.18,-1.70,-8.142%,731542232.00,United States,2002,1314453,Finance,Finance: Consumer Services
PRAX,Praxis Precision Medicines Inc. Common Stock,$330.02,-3.26,-0.978%,9198418096.00,United States,2020,339131,Health Care,Biotechnology: Pharmaceutical Preparations
PRCH,Porch Group Inc. Common Stock,$10.97,-0.31,-2.748%,1401038794.00,United States,2020,2139853,Technology,Computer Software: Prepackaged Software
PRCT,PROCEPT BioRobotics Corporation Common Stock,$25.40,-0.04,-0.157%,1445738638.00,United States,2021,1370390,Health Care,Medical/Dental Instruments
PRDO,Perdoceo Education Corporation Common Stock,$36.04,1.60,4.646%,2259758636.00,United States,,708212,Real Estate,Other Consumer Services
PRE,Prenetics Global Limited Class A Ordinary Share,$16.16,0.29,1.827%,277038362.00,Hong Kong,,224901,Finance,Blank Checks
PRENW,Prenetics Global Limited Warrant,$0.0177,0.0047,36.154%,303439.00,Hong Kong,,3102,Finance,Blank Checks
PRFX,PRF Technologies Ltd. Ordinary Shares,$1.94,0.04,2.105%,1638429.00,Israel,2020,23122,Health Care,Biotechnology: Pharmaceutical Preparations
PRG,PROG Holdings Inc. Common Stock,$36.34,0.63,1.764%,1455982596.00,United States,,328864,Consumer Discretionary,Diversified Commercial Services
PRGO,Perrigo Company plc Ordinary Shares,$11.71,-0.01,-0.085%,1620286587.00,United States,,2450554,Health Care,Biotechnology: Pharmaceutical Preparations
PRGS,Progress Software Corporation Common Stock (DE),$29.87,0.50,1.702%,1256888081.00,United States,1991,419918,Technology,Computer Software: Prepackaged Software
PRH,Prudential Financial Inc. 5.950% Junior Subordinated Notes due 2062,$23.86,0.09,0.379%,8398720000.00,United States,2022,45867,Finance,Life Insurance
PRHI,Presurance Holdings Inc. Common Stock,$0.66,-0.0051,-0.767%,17307101.00,United States,2015,5124,Finance,Property-Casualty Insurers
PRHIZ,Presurance Holdings Inc. 9.75% Senior Unsecured Notes due 2028,$17.705,0.00,0.00%,216406108.00,United States,,63,Finance,Property-Casualty Insurers
PRI,Primerica Inc. Common Stock,$274.55,1.29,0.472%,8620068863.00,United States,2010,149503,Finance,Life Insurance
PRIF^D,Priority Income Fund Inc. 7.00% Series D Term Preferred Stock due 2029,$25.04,-0.10,-0.398%,,,,106,,
PRIF^K,Priority Income Fund Inc. 7.000% Series K Cumulative Preferred Stock,$22.41,-0.13,-0.577%,,,,2509,,
PRIF^L,Priority Income Fund Inc. 6.375% Series L Term Preferred Stock Due 2029,$24.65,0.00,0.00%,,,,2276,,
PRIM,Primoris Services Corporation Common Stock,$104.80,-3.18,-2.945%,5685917188.00,United States,,3178334,Industrials,Water Sewer Pipeline Comm & Power Line Construction
PRK,Park National Corporation Common Stock,$173.24,-1.54,-0.881%,3129821923.00,United States,1994,55747,Finance,Major Banks
PRKS,United Parks & Resorts Inc. Common Stock,$39.22,2.16,5.828%,1874948535.00,United States,2013,2195096,Health Care,Biotechnology: Electromedical & Electrotherapeutic Apparatus
PRLB,Proto Labs Inc. Common stock,$69.30,1.13,1.658%,1648927319.00,United States,2012,141655,Industrials,Metal Fabrications
PRLD,Prelude Therapeutics Incorporated Common Stock,$4.86,-0.29,-5.631%,315485782.00,United States,2020,527666,Health Care,Biotechnology: Pharmaceutical Preparations
PRM,Perimeter Solutions SA Common Stock,$31.77,2.41,8.208%,5182546792.00,Luxembourg,,2054648,Industrials,Major Chemicals
PRMB,Primo Brands Corporation Class A Common Stock,$23.23,0.99,4.451%,8436599991.00,United States,2024,9012892,Consumer Staples,Beverages (Production/Distribution)
PRME,Prime Medicine Inc. Common Stock,$3.21,0.095,3.05%,579777004.00,United States,2022,2444099,Health Care,Biotechnology: Biological Products (No Diagnostic Substances)
PROF,Profound Medical Corp. Common Stock,$6.85,-0.31,-4.33%,248912813.00,Canada,,189355,Health Care,Medical/Dental Instruments
PROK,ProKidney Corp. Class A Ordinary Shares,$1.86,-0.02,-1.064%,561657424.00,United States,2021,719143,Health Care,Biotechnology: Biological Products (No Diagnostic Substances)
PROP,Prairie Operating Co. Common Stock,$0.9301,-0.0262,-2.74%,90539978.00,United States,,3244181,Finance,Finance: Consumer Services
PROV,Provident Financial Holdings Inc. Common Stock,$17.13,-0.03,-0.175%,109204093.00,United States,,13822,Finance,Savings Institutions
PRPL,Purple Innovation Inc. Common Stock,$0.5011,-0.0133,-2.586%,54614232.00,United States,2015,245201,Consumer Discretionary,Home Furnishings
PRPO,Precipio Inc.  Common Stock,$29.81,-0.59,-1.941%,53205782.00,United States,,20929,Industrials,Biotechnology: Laboratory Analytical Instruments
PRQR,ProQR Therapeutics N.V. Ordinary Shares,$1.58,0.00,0.00%,166470481.00,Netherlands,2014,663561,Health Care,Biotechnology: Pharmaceutical Preparations
PRS,Prudential Financial Inc. 5.625% Junior Subordinated Notes due 2058,$22.97,0.08,0.349%,8085440000.00,United States,2018,23958,Finance,Life Insurance
PRSO,Peraso Inc. Common Stock,$0.9914,0.0494,5.244%,12505411.00,United States,,1155580,Technology,Semiconductors
PRSU,Pursuit Attractions and Hospitality Inc. Common Stock,$42.32,0.99,2.395%,1156118497.00,United States,,287456,Real Estate,Real Estate
PRT,PermRock Royalty Trust Units of Beneficial Interest,$2.65,-0.03,-1.119%,32239190.00,United States,2018,85233,Energy,Oil & Gas Production
PRTA,Prothena Corporation plc Ordinary Shares,$10.73,0.21,1.996%,577627897.00,United States,,798698,Health Care,Biotechnology: Pharmaceutical Preparations
PRTC,PureTech Health plc American Depositary Shares,$17.14,0.17,1.002%,414246445.00,United States,,35779,Health Care,Biotechnology: Pharmaceutical Preparations
PRTH,Priority Technology Holdings Inc. Common Stock,$5.62,0.11,1.996%,462848712.00,United States,2016,182136,Real Estate,Real Estate
PRTS,CarParts.com Inc. Common Stock,$0.85,0.0023,0.271%,59918311.00,United States,2007,492612,Consumer Discretionary,Auto & Home Supply Stores
PRU,Prudential Financial Inc. Common Stock,$100.81,1.37,1.378%,34981070000.00,United States,2001,1775623,Finance,Life Insurance
PRVA,Privia Health Group Inc. Common Stock,$23.06,-0.93,-3.877%,2896912062.00,United States,2021,1080477,Health Care,Medical/Nursing Services
PRZO,ParaZero Technologies Ltd. Ordinary Shares,$0.6361,-0.0159,-2.439%,14901855.00,Israel,2023,424846,Industrials,Military/Government/Technical
PS,Pershing Square Inc. Common Stock,$41.62,5.68,15.804%,16648000000.00,,2026,935602,Finance,Investment Managers
PSA,Public Storage Common Stock,$311.04,1.71,0.553%,54601749458.00,United States,,808883,Real Estate,Real Estate Investment Trusts
PSA^F,Public Storage Depositary Shares Each Representing 1/1000 of a 5.15% Cumulative Preferred Share of Beneficial Interest Series F par value $0.01 per share,$20.73,0.05,0.242%,,United States,,17808,,
PSA^G,Public Storage Depositary Shares Each Representing 1/1000 of a 5.05% Cumulative Preferred Share of Beneficial Interest Series G,$20.41,0.09,0.443%,,United States,,14750,,
PSA^H,Public Storage Depositary Shares Each Representing 1/1000 of a  5.60% Cumulative Preferred  Share of Beneficial Interest Series H,$22.61,0.18,0.802%,,United States,,21486,,
PSA^I,Public Storage Depositary Shares Each Representing 1/1000 of a 4.875% Cumulative Preferred Share of Beneficial Interest Series I par value $0.01 per share,$19.47,0.06,0.309%,,United States,,12460,,
PSA^J,Public Storage Depositary Shares Each Representing 1/1000 of a 4.700% Cumulative Preferred Share of Beneficial Interest Series J par value $0.01 per share,$18.52,0.0221,0.119%,,United States,,7880,,
PSA^K,Public Storage Depositary Shares Each Representing 1/1000 of a 4.75% Cumulative Preferred Share of Beneficial Interest Series K,$18.93,0.00,0.00%,,United States,,11770,,
PSA^L,Public Storage Depositary Shares Each Representing 1/1000 of a 4.625% Cumulative Preferred Share of Beneficial Interest Series L par value $0.01 per share,$18.36,0.01,0.054%,,United States,,34818,,
PSA^M,Public Storage Depositary Shares Each Representing 1/1000 of a 4.125% Cumulative Preferred Share of Beneficial Interest Series M,$16.21,0.03,0.185%,,United States,,7589,,
PSA^N,Public Storage Depositary Shares Each Representing 1/1000 of a 3.875% Cumulative Preferred Share of Beneficial Interest Series N,$15.33,0.03,0.196%,,United States,,45930,,
PSA^O,Public Storage Depositary Shares Each Representing 1/1000 of a 3.900% Cumulative Preferred Share of Beneficial Interest Series O,$15.44,0.10,0.652%,,United States,,87341,,
PSA^P,Public Storage Depositary Shares Each Representing 1/1000 of a 4.000% Cumulative Preferred Share of Bene cial Interest Series P,$15.86,0.00,0.00%,,United States,,101882,,
PSA^Q,Public Storage Depositary Shares Each Representing 1/1000 of a 3.950% Cumulative Preferred Share of Beneficial Interest Series Q par value $0.01 per share,$15.60,0.10,0.645%,,United States,,6283,,
PSA^R,Public Storage Depositary Shares Each Representing 1/1000 of a 4.00% Cumulative Preferred Share of Bene cial Interest Series R,$15.78,0.00,0.00%,,United States,,30969,,
PSA^S,Public Storage Depositary Shares Each Representing 1/1000 of a 4.100% Cumulative Preferred Share of Beneficial Interest Series S,$16.16,0.03,0.186%,,United States,,16323,,
PSBD,Palmer Square Capital BDC Inc. Common Stock,$10.99,0.01,0.091%,0.00,,2024,215022,,
PSEC,Prospect Capital Corporation Common Stock,$2.47,-0.28,-10.182%,1201617814.00,United States,2004,19246727,Finance,Finance: Consumer Services
PSEC^A,Prospect Capital Corporation 5.35% Series A Fixed Rate Cumulative Perpetual Preferred Stock,$18.17,-0.07,-0.384%,,United States,,15846,,
PSF,Cohen & Steers Select Preferred and Income Fund Inc. Common Stock,$20.01,0.07,0.351%,983263946.00,,2010,28970,Finance,Investment Managers
PSFE,Paysafe Limited Common Shares,$9.28,-0.12,-1.277%,590916834.00,,2021,221459,Real Estate,Real Estate
PSHG,Performance Shipping Inc. Common Shares,$1.73,-0.08,-4.42%,21506422.00,Greece,,215182,Consumer Discretionary,Marine Transportation
PSIG,PS International Group Ltd. Ordinary Shares,$6.70,-0.46,-6.425%,103023032.00,Hong Kong,,232933,Industrials,Integrated Freight & Logistics
PSIX,Power Solutions International Inc. Common Stock,$75.91,3.92,5.445%,1749759660.00,United States,,575575,Industrials,Industrial Machinery/Components
PSKY,Paramount Skydance Corporation Class B Common Stock,$11.09,0.33,3.067%,12411629213.00,United States,,8159221,Industrials,Broadcasting
PSMT,PriceSmart Inc. Common Stock,$158.26,1.72,1.099%,4889581811.00,United States,,172629,Consumer Discretionary,Department/Specialty Retail Stores
PSN,Parsons Corporation Common Stock,$49.18,-2.04,-3.983%,5261203663.00,United States,2019,1134627,Technology,EDP Services
PSNL,Personalis Inc. Common Stock,$5.98,-0.01,-0.167%,625973842.00,United States,2019,2726610,Health Care,Medical Specialities
PSNY,Polestar Automotive Holding UK PLC Class A ADS,$21.48,1.58,7.94%,3129528557.00,Sweden,,174356,Industrials,Auto Manufacturing
PSNYW,Polestar Automotive Holding UK PLC Class C-1 ADS (ADW),$3.01,0.01,0.333%,438541944.00,Sweden,,5147,Industrials,Auto Manufacturing
PSO,Pearson Plc Common Stock,$14.86,-0.21,-1.393%,9447585859.00,United Kingdom,,932458,Consumer Discretionary,Books
PSQH,PSQ Holdings Inc. Class A Common Stock,$0.7079,-0.0275,-3.739%,34486931.00,,2021,532490,Consumer Discretionary,Advertising
PSTL,Postal Realty Trust Inc. Class A Common Stock,$23.27,0.43,1.883%,642807176.00,United States,2019,411313,Real Estate,Real Estate Investment Trusts
PSTV,PLUS THERAPEUTICS Inc. Common Stock ,$6.12,0.17,2.857%,41995611.00,United States,,106621,Health Care,Medical/Dental Instruments
PSUS,Pershing Square USA Ltd. Common Shares,$41.92,-0.41,-0.969%,1096208000.00,,2026,1053753,,
PSX,Phillips 66 Common Stock,$171.56,3.25,1.931%,68784412031.00,United States,,2917246,Energy,Integrated oil Companies
PTA,Cohen & Steers Tax-Advantaged Preferred Securities and Income Fund Common Shares of Beneficial Interest,$19.84,0.06,0.303%,1096625387.00,United States,2020,103015,Finance,Trusts Except Educational Religious and Charitable
PTC,PTC Inc. Common Stock,$146.65,-1.00,-0.677%,17450780411.00,United States,,1225928,Technology,Computer Software: Prepackaged Software
PTCT,PTC Therapeutics Inc. Common Stock,$73.69,9.20,14.266%,6109769289.00,United States,2013,5836527,Health Care,Biotechnology: Pharmaceutical Preparations
PTEN,Patterson-UTI Energy Inc. Common Stock,$11.42,0.01,0.088%,4335233597.00,United States,1993,5327774,Energy,Oil & Gas Production
PTGX,Protagonist Therapeutics Inc. Common Stock,$99.36,0.51,0.516%,6389978021.00,United States,2016,505018,Health Care,Biotechnology: Pharmaceutical Preparations
PTHS,Pelthos Therapeutics Inc. Common Stock,$25.495,0.465,1.858%,85549569.00,,2024,14404,Health Care,Biotechnology: Biological Products (No Diagnostic Substances)
PTLE,PTL LTD Class A Ordinary Shares,$5.50,-0.11,-1.961%,34546171.00,Singapore,2024,11503,Energy,Oil Refining/Marketing
PTLO,Portillo's Inc. Class A Common Stock,$4.30,-0.06,-1.376%,325963667.00,United States,2021,2244361,Consumer Discretionary,Restaurants
PTN,Palatin Technologies Inc. Common Stock,$19.47,0.57,3.016%,34504715.00,United States,,2491,Health Care,Biotechnology: Pharmaceutical Preparations
PTON,Peloton Interactive Inc. Class A Common Stock,$5.69,0.03,0.53%,2421032922.00,United States,2019,16933591,Consumer Discretionary,Recreational Games/Products/Toys
PTOR,Praetorian Acquisition Corp. Class A Ordinary Shares,$9.87,0.01,0.101%,0.00,United States,2026,7945,Finance,Blank Checks
PTORW,Praetorian Acquisition Corp. Warrant,$0.30,-0.0011,-0.365%,0.00,United States,2026,2300,Finance,Blank Checks
PTRN,Pattern Group Inc. Series A Common Stock,$15.92,-1.03,-6.077%,2814121582.00,United States,2025,1779495,Consumer Discretionary,Catalog/Specialty Distribution
PTY,Pimco Corporate & Income Opportunity Fund,$12.30,-0.05,-0.405%,0.00,United States,2002,938698,Finance,Investment Managers
PUBM,PubMatic Inc. Class A Common Stock,$10.74,0.50,4.883%,501282272.00,United States,2020,1625286,Technology,Computer Software: Programming Data Processing
PUK,Prudential Public Limited Company Common Stock,$31.21,-0.42,-1.328%,39874504002.00,United Kingdom,,537549,Finance,Life Insurance
PULM,Pulmatrix Inc. Common Stock,$1.2971,-0.0029,-0.223%,4737379.00,United States,2014,10141,Health Care,Biotechnology: Pharmaceutical Preparations
PUMP,ProPetro Holding Corp. Common Stock,$15.68,0.13,0.836%,1922634184.00,United States,2017,3766755,Energy,Oilfield Services/Equipment
PURR,Hyperliquid Strategies Inc Common Stock,$6.71,0.16,2.443%,831821979.00,United States,,6673813,Finance,Finance: Consumer Services
PVH,PVH Corp. Common Stock,$89.48,0.86,0.97%,4099215525.00,United States,,773420,Industrials,Garments and Clothing
PVL,Permianville Royalty Trust Units of Beneficial Interest,$1.89,0.00,0.00%,62370000.00,United States,2011,62771,Energy,Oil & Gas Production
PVLA,Palvella Therapeutics Inc. Common Stock,$121.29,8.03,7.09%,1737319875.00,United States,,231679,Health Care,Biotechnology: Pharmaceutical Preparations
PW,Power REIT (MD) Common Stock,$0.6334,-0.0486,-7.126%,2326018.00,United States,1998,94318,Real Estate,Real Estate Investment Trusts
PW^A,Power REIT 7.75% Series A Cumulative Perpetual Preferred Stock,$8.75,0.00,0.00%,,United States,,3,,
PWP,Perella Weinberg Partners Class A Common Stock,$18.38,-0.45,-2.39%,1708135614.00,United States,2020,1575237,Finance,Finance: Consumer Services
PWR,Quanta Services Inc. Common Stock,$745.00,-5.73,-0.763%,111794811005.00,United States,,1240960,Industrials,Engineering & Construction
PXED,Phoenix Education Partners Inc. Common Stock,$30.52,-0.10,-0.327%,1092951018.00,,2025,120191,Real Estate,Other Consumer Services
PXLW,Pixelworks Inc.  Common Stock,$5.73,0.12,2.139%,36450008.00,United States,2000,52614,Technology,Semiconductors
PXS,Pyxis Tankers Inc. Common Stock,$4.39,-0.06,-1.348%,45107860.00,Greece,,30887,Consumer Discretionary,Marine Transportation
PYPD,PolyPid Ltd. Ordinary Shares,$4.38,-0.055,-1.24%,83584574.00,Israel,2020,33974,Health Care,Biotechnology: Pharmaceutical Preparations
PYPL,PayPal Holdings Inc. Common Stock,$45.37,-0.85,-1.839%,40021126217.00,United States,,14059706,Industrials,Diversified Commercial Services
PYT,PPlus Tr GSC-2 Tr Ctf Fltg Rate,$23.30,0.00,0.00%,0.00,United States,,1,Finance,Finance: Consumer Services
PYXS,Pyxis Oncology Inc. Common Stock,$2.74,0.48,21.239%,172223971.00,United States,2021,1895808,Health Care,Biotechnology: Pharmaceutical Preparations
PZG,Paramount Gold Nevada Corp. Common Stock,$1.44,-0.02,-1.37%,120691068.00,United States,2015,330358,Basic Materials,Metal Mining
PZZA,Papa John's International Inc. Common Stock,$31.14,-1.71,-5.205%,1024228574.00,United States,1993,1491327,Consumer Discretionary,Restaurants
Q,Qnity Electronics Inc. Common Stock,$147.33,3.74,2.605%,30877778675.00,United States,2025,2002838,Technology,Semiconductors
QADRU,QDRO Acquisition Corp. Units,$9.93,-0.015,-0.151%,0.00,United States,2026,783,Finance,Blank Checks
QBTS,D-Wave Quantum Inc. Common Shares,$22.57,0.58,2.638%,8288839813.00,United States,2022,20121685,Technology,EDP Services
QCLS,Q/C Technologies Inc. Common Stock,$3.77,0.01,0.266%,29607427.00,United States,2014,255131,Health Care,Biotechnology: In Vitro & In Vivo Diagnostic Substances
QCOM,QUALCOMM Incorporated Common Stock,$219.09,16.54,8.166%,230920860000.00,United States,1991,37789933,Technology,Radio And Television Broadcasting And Communications Equipment
QCRH,QCR Holdings Inc. Common Stock,$91.065,-0.395,-0.432%,1524728797.00,United States,,70082,Finance,Major Banks
QDEL,QuidelOrtho Corporation Common Stock,$10.80,0.03,0.279%,736462681.00,United States,,2148268,Health Care,Biotechnology: In Vitro & In Vivo Diagnostic Substances
QETA,Quetta Acquisition Corporation Common Stock,$11.50,0.00,0.00%,0.00,United States,2023,26,Finance,Blank Checks
QETAR,Quetta Acquisition Corporation Right,$0.79,-0.37,-31.897%,0.00,United States,2023,521,Finance,Blank Checks
QETAU,Quetta Acquisition Corporation Unit,$12.00,0.00,0.00%,0.00,United States,2023,1,Finance,Blank Checks
QFIN,Qfin Holdings Inc. American Depositary Shares,$13.15,-0.06,-0.454%,1601037275.00,China,2018,649353,Finance,Finance: Consumer Services
QGEN,Qiagen N.V. Common Shares,$33.04,-0.47,-1.403%,6808709839.00,Netherlands,2026,1657839,Health Care,Biotechnology: Biological Products (No Diagnostic Substances)
QLYS,Qualys Inc. Common Stock,$94.28,-0.69,-0.727%,3327136392.00,United States,2012,1144491,Technology,Computer Software: Prepackaged Software
QMCO,Quantum Corporation Common Stock,$9.62,0.49,5.367%,140817839.00,United States,,500352,Technology,Electronic Components
QNC,Quantum eMotion Corp. Common Shares,$2.72,-0.06,-2.158%,594561182.00,,2026,331782,,
QNCX,Quince Therapeutics Inc. Common Stock,$1.28,-0.02,-1.538%,20865016.00,United States,2019,1243111,Health Care,Biotechnology: Biological Products (No Diagnostic Substances)
QNRX,Quoin Pharmaceuticals Ltd. American Depositary Shares,$5.93,-0.44,-6.907%,10695508.00,Israel,2016,29567,Health Care,Medical/Dental Instruments
QNST,QuinStreet Inc. Common Stock,$13.21,-0.15,-1.123%,752889934.00,United States,2010,1585090,Real Estate,Real Estate
QNTM,Quantum Biopharma Ltd. Class B Subordinate Voting Shares,$4.88,-0.13,-2.595%,28446813.00,Canada,,118024,Health Care,Biotechnology: Pharmaceutical Preparations
QQQX,Nuveen NASDAQ 100 Dynamic Overwrite Fund Shares of Beneficial Interest,$30.76,0.27,0.886%,0.00,United States,,115847,Finance,Finance Companies
QRED,QuasarEdge Acquisition Corporation Ordinary Shares,$9.90,0.01,0.101%,0.00,,2026,784001,Finance,Blank Checks
QRHC,Quest Resource Holding Corporation Common Stock,$1.15,0.07,6.481%,24103714.00,United States,,98812,Utilities,Environmental Services
QRVO,Qorvo Inc. Common Stock,$90.53,1.56,1.753%,8392645120.00,United States,,1091949,Technology,Semiconductors
QS,QuantumScape Corporation Class A Common Stock,$7.54,0.19,2.585%,4638193873.00,United States,,17520613,Miscellaneous,Industrial Machinery/Components
QSEA,Quartzsea Acquisition Corporation Ordinary Shares,$10.42,0.00,0.00%,0.00,United States,2025,53092,Finance,Blank Checks
QSEAU,Quartzsea Acquisition Corporation Units,$11.00,0.00,0.00%,0.00,United States,2025,8,Finance,Blank Checks
QSI,Quantum-Si Incorporated Class A Common Stock,$0.9066,-0.074,-7.546%,196159930.00,United States,2020,13127221,Industrials,Industrial Machinery/Components
QSIAW,Quantum-Si Incorporated Warrant,$0.0551,-0.0129,-18.971%,11921919.00,United States,2020,19999,Industrials,Industrial Machinery/Components
QSR,Restaurant Brands International Inc. Common Shares,$79.71,0.57,0.72%,36374613821.00,Canada,2014,4159360,Consumer Discretionary,Restaurants
QTI,QT Imaging Holdings Inc. Common Stock,$7.02,0.02,0.286%,84538350.00,United States,,78582,Health Care,Biotechnology: Electromedical & Electrotherapeutic Apparatus
QTRX,Quanterix Corporation Common Stock,$2.825,0.075,2.727%,133074396.00,United States,2017,2359156,Industrials,Biotechnology: Laboratory Analytical Instruments
QTTB,Q32 Bio Inc. Common Stock,$5.37,-0.07,-1.287%,91055949.00,United States,2018,115940,Health Care,Biotechnology: Pharmaceutical Preparations
QTWO,Q2 Holdings Inc. Common Stock,$50.13,-0.56,-1.105%,3138159205.00,United States,2014,931475,Technology,Computer Software: Prepackaged Software
QUAD,Quad Graphics Inc Class A Common Stock,$7.46,-0.20,-2.611%,384634042.00,United States,,157077,Consumer Discretionary,Publishing
QUBT,Quantum Computing Inc. Common Stock,$9.60,-0.03,-0.312%,2165012515.00,United States,,12738920,Technology,Computer Software: Prepackaged Software
QUCY,Quantum Cyber N.V. Ordinary Shares,$0.3634,-0.0047,-1.277%,4548073.00,Germany,2021,245479,Health Care,Biotechnology: Pharmaceutical Preparations
QUIK,QuickLogic Corporation Common Stock,$19.89,2.33,13.269%,352459452.00,United States,1999,1026050,Technology,Semiconductors
QUMS,Quantumsphere Acquisition Corp. Ordinary Shares,$10.17,0.00,0.00%,0.00,United States,2025,12,,
QUMSR,Quantumsphere Acquisition Corp. Rights,$0.26,0.00,0.00%,0.00,United States,2025,410,,
QUMSU,Quantumsphere Acquisition Corp. Units,$10.35,0.00,0.00%,0.00,United States,2025,121,,
QURE,uniQure N.V. Ordinary Shares,$27.66,3.51,14.534%,1744446635.00,Netherlands,2014,6685453,Health Care,Biotechnology: Pharmaceutical Preparations
QXL,Quantum X Labs Inc. Common Stock,$3.28,-0.01,-0.304%,43743366.00,Israel,,2363,Technology,Computer Software: Prepackaged Software
QXO,QXO Inc. Common Stock,$18.76,0.00,0.00%,13601938038.00,United States,,14319280,Consumer Discretionary,RETAIL: Building Materials
QXO^B,QXO Inc.  Depositary Shares each representing a 1/20th interest in a share of 5.50% Series B Mandatory Convertible Preferred Stock,$52.59,-0.28,-0.53%,,United States,,444985,,
R,Ryder System Inc. Common Stock,$239.14,-2.68,-1.108%,9252570045.00,United States,,225521,Consumer Discretionary,Rental/Leasing Companies
RA,Brookfield Real Assets Income Fund Inc. Common Stock,$12.80,-0.04,-0.312%,0.00,United States,2016,257934,Finance,Investment Managers
RAAQ,Real Asset Acquisition Corp. Class A Ordinary Share,$11.29,0.27,2.45%,0.00,United States,2025,604677,Finance,Blank Checks
RAAQU,Real Asset Acquisition Corp. Unit,$12.75,0.15,1.19%,0.00,United States,2025,1957,Finance,Blank Checks
RAAQW,Real Asset Acquisition Corp. Warrants,$2.57,0.13,5.328%,0.00,United States,2025,244395,Finance,Blank Checks
RAC,Rithm Acquisition Corp. Class A Ordinary Shares,$10.43,0.00,0.00%,0.00,,2025,35,,
RACE,Ferrari N.V. Common Shares,$339.69,2.23,0.661%,79468618754.00,Italy,2015,699157,Industrials,Auto Manufacturing
RADX,Radiopharm Theranostics Limited American Depositary Shares,$4.00,-0.15,-3.614%,51016216.00,Australia,,80670,Health Care,Biotechnology: Pharmaceutical Preparations
RAIL,FreightCar America Inc. Common Stock,$7.97,-0.01,-0.125%,152523548.00,United States,2005,121825,Industrials,Railroads
RAIN,Rain Enhancement Technologies Holdco Inc. Class A Common Stock,$1.27,-0.19,-13.014%,11426648.00,United States,,47281,Technology,Industrial Machinery/Components
RAINW,Rain Enhancement Technologies Holdco Inc. Warrants,$0.16,-0.02,-11.111%,1439578.00,United States,,2559,Technology,Industrial Machinery/Components
RAL,Ralliant Corporation Common Stock,$47.23,1.35,2.942%,5286435244.00,United States,2025,1690417,Industrials,Industrial Machinery/Components
RAMP,LiveRamp Holdings Inc. Common Stock,$30.38,0.21,0.696%,1917734280.00,United States,2018,516295,Technology,EDP Services
RAND,Rand Capital Corporation Common Stock,$10.945,0.215,2.004%,32504614.00,United States,,1527,Finance,Finance: Consumer Services
RANG,Range Capital Acquisition Corp. Ordinary Shares,$10.58,-0.03,-0.283%,0.00,United States,2025,5031,Finance,Blank Checks
RANGR,Range Capital Acquisition Corp. Rights,$0.299,0.00,0.00%,0.00,United States,2025,159,Finance,Blank Checks
RANI,Rani Therapeutics Holdings Inc. Class A Common Stock,$0.9655,0.0345,3.706%,119424902.00,United States,2021,400421,Health Care,Biotechnology: Pharmaceutical Preparations
RAPP,Rapport Therapeutics Inc. Common Stock,$38.04,-1.89,-4.733%,1818601979.00,United States,2024,373464,Health Care,Biotechnology: Pharmaceutical Preparations
RARE,Ultragenyx Pharmaceutical Inc. Common Stock,$26.12,-0.01,-0.038%,2572538531.00,United States,2014,1557101,Health Care,Biotechnology: Pharmaceutical Preparations
RAVE,Rave Restaurant Group Inc. Common Stock,$2.80,-0.11,-3.78%,39792385.00,United States,,37090,Consumer Discretionary,Food Distributors
RAY,Raytech Holding Limited Ordinary Shares,$3.35,0.08,2.446%,9128348.00,Hong Kong,2024,7364,Consumer Discretionary,Consumer Electronics/Appliances
RAYA,Erayak Power Solution Group Inc. Class A Ordinary Shares,$3.96,-0.52,-11.607%,3890973.00,China,2022,56721,Consumer Discretionary,Metal Fabrications
RBA,RB Global Inc. Common Stock,$103.28,-0.15,-0.145%,19178269967.00,Canada,,854023,Real Estate,Real Estate
RBB,RBB Bancorp Common Stock,$24.05,-0.14,-0.579%,410633524.00,United States,2017,46970,Finance,Major Banks
RBBN,Ribbon Communications Inc. Common Stock,$2.78,0.09,3.346%,489666606.00,United States,,673552,Technology,EDP Services
RBC,RBC Bearings Incorporated Common Stock,$605.99,-5.55,-0.908%,19160774176.00,United States,2022,174812,Industrials,Metal Fabrications
RBCAA,Republic Bancorp Inc. Class A Common Stock,$77.39,0.57,0.742%,1517567210.00,United States,1998,88749,Finance,Major Banks
RBKB,Rhinebeck Bancorp Inc. Common Stock,$16.05,0.02,0.125%,179005217.00,United States,2019,8194,Finance,Banks
RBLX,Roblox Corporation Class A Common Stock,$41.91,-2.87,-6.409%,30006669203.00,United States,2021,17066430,Technology,Computer Software: Prepackaged Software
RBNE,Robin Energy Ltd. Common Stock,$1.31,-0.10,-7.092%,3635073.00,Cyprus,,342644,Consumer Discretionary,Marine Transportation
RBRK,Rubrik Inc. Class A Common Stock,$62.34,0.85,1.382%,12830185176.00,United States,2024,3620757,Technology,Computer Software: Prepackaged Software
RC,Ready Capital Corporation Common Stock,$1.89,-0.27,-12.50%,307840892.00,United States,2013,2180595,Real Estate,Real Estate Investment Trusts
RC^C,Ready Capital Corporation 6.25% Series C Cumulative Convertible Preferred Stock,$13.15,0.45,3.543%,,United States,,2210,,
RC^E,Ready Capital Corporation 6.50% Series E Cumulative Redeemable Preferred Stock,$13.60,0.54,4.135%,,United States,,28265,,
RCAT,Red Cat Holdings Inc. Common Stock,$10.37,0.01,0.097%,1265670685.00,United States,,8705414,Technology,Computer Software: Prepackaged Software
RCD,Ready Capital Corporation 9.00% Senior Notes due 2029,$22.45,0.0393,0.175%,0.00,United States,2024,47573,Real Estate,Real Estate Investment Trusts
RCEL,Avita Medical Inc. Common Stock,$4.11,-0.07,-1.675%,126492192.00,United States,,214927,Health Care,Medical/Dental Instruments
RCG,RENN Fund Inc Common Stock,$2.7306,-0.0694,-2.479%,0.00,United States,,11099,Finance,Investment Managers
RCI,Rogers Communication Inc. Common Stock,$36.90,0.33,0.902%,19934275858.00,Canada,,673072,Telecommunications,Cable & Other Pay Television Services
RCKT,Rocket Pharmaceuticals Inc. Common Stock,$3.63,-0.04,-1.09%,396115898.00,United States,2015,3685878,Health Care,Biotechnology: Pharmaceutical Preparations
RCKTW,Rocket Pharmaceuticals Inc. Warrant,$0.009,-0.001,-10.00%,982106.00,United States,,4000,Health Care,Biotechnology: Pharmaceutical Preparations
RCKY,Rocky Brands Inc. Common Stock,$37.38,1.09,3.004%,281896149.00,United States,1993,57042,Consumer Discretionary,Shoe Manufacturing
RCL,Royal Caribbean Cruises Ltd. Common Stock,$275.24,-5.63,-2.004%,73817985745.00,United States,1993,2293686,Consumer Discretionary,Marine Transportation
RCMT,RCM Technologies Inc. Common Stock,$28.82,0.23,0.804%,202442545.00,United States,,63526,Consumer Discretionary,Professional Services
RCON,Recon Technology Ltd. Class A Ordinary Shares,$0.8301,-0.0099,-1.179%,25423826.00,China,2009,41001,Energy,Oilfield Services/Equipment
RCS,PIMCO Strategic Income Fund Inc.,$5.64,0.09,1.622%,0.00,United States,1994,103657,Finance,Investment Managers
RCT,RedCloud Holdings plc Ordinary Shares,$0.6662,-0.027,-3.895%,36853086.00,United Kingdom,2025,214391,Technology,Computer Software: Programming Data Processing
RCUS,Arcus Biosciences Inc. Common Stock,$25.36,0.58,2.341%,3189607388.00,United States,2018,967756,Health Care,Biotechnology: Pharmaceutical Preparations
RDAC,Rising Dragon Acquisition Corp. Ordinary Shares,$7.98,0.35,4.587%,0.00,China,2024,226022,,
RDACR,Rising Dragon Acquisition Corp. Rights,$0.17,0.00,0.00%,0.00,China,2024,88,Finance,Blank Checks
RDACU,Rising Dragon Acquisition Corp. Unit,$9.85,0.19,1.967%,0.00,China,2024,655,Finance,Blank Checks
RDAG,Republic Digital Acquisition Company Class A Ordinary Shares,$10.255,0.00,0.00%,0.00,United States,2025,21016,Finance,Blank Checks
RDAGW,Republic Digital Acquisition Company Warrants,$0.48,0.0043,0.904%,0.00,United States,2025,887,Finance,Blank Checks
RDCM,Radcom Ltd. Ordinary Shares,$16.14,0.29,1.83%,269383976.00,Israel,1997,467704,Technology,Computer peripheral equipment
RDDT,Reddit Inc. Class A Common Stock,$155.80,-8.15,-4.971%,29981396214.00,United States,2024,5751587,Technology,EDP Services
RDGT,Ridgetech Inc. Ordinary Shares,$1.56,0.09,6.122%,1402293.00,China,,137308,Consumer Staples,Retail-Drug Stores and Proprietary Stores
RDHL,Redhill Biopharma Ltd. American Depositary Shares,$1.01,0.00,0.00%,5243173.00,Israel,,19089,Health Care,Biotechnology: Pharmaceutical Preparations
RDI,Reading International Inc Class A Common Stock,$1.06,-0.02,-1.852%,24080296.00,United States,,31157,Consumer Discretionary,Movies/Entertainment
RDIB,Reading International Inc Class B Common Stock,$9.99,0.10,1.011%,226945427.00,United States,,2647,Consumer Discretionary,Movies/Entertainment
RDN,Radian Group Inc. Common Stock,$38.06,0.44,1.17%,5131503022.00,United States,,1472902,Finance,Property-Casualty Insurers
RDNT,RadNet Inc. Common Stock,$58.19,0.69,1.20%,4569995176.00,United States,,1460299,Health Care,Medical Specialities
RDNW,RideNow Group Inc. Class B Common Stock,$8.06,0.83,11.48%,310709647.00,United States,,76783,Technology,EDP Services
RDVT,Red Violet Inc. Common Stock ,$49.70,0.61,1.243%,701213374.00,United States,,163585,Technology,Computer Software: Prepackaged Software
RDW,Redwire Corporation Common Stock,$11.07,1.87,20.326%,2202030319.00,United States,2021,55745271,Industrials,Military/Government/Technical
RDWR,Radware Ltd. Ordinary Shares,$27.48,-0.88,-3.103%,1162595536.00,Israel,1999,471667,Real Estate,Real Estate
RDY,Dr. Reddy's Laboratories Ltd Common Stock,$13.23,-0.20,-1.489%,11039844479.00,India,,2537104,Health Care,Biotechnology: Pharmaceutical Preparations
RDZN,Roadzen Inc. Ordinary Shares,$1.80,-0.07,-3.743%,143452210.00,United States,2022,1009488,Finance,Specialty Insurers
RDZNW,Roadzen Inc. Warrants,$0.245,0.0244,11.061%,19525440.00,United States,2022,3498,Finance,Specialty Insurers
REA,Rare Earths Americas Inc. Common Stock,$23.43,0.74,3.261%,454337198.00,,2026,1132629,Basic Materials,Metal Mining
REAL,The RealReal Inc. Common Stock,$10.26,-2.14,-17.258%,1235948831.00,United States,2019,14366664,Consumer Discretionary,Other Specialty Stores
REAX,The Real Brokerage Inc. Common Shares,$2.04,-0.19,-8.52%,435536326.00,Canada,,5726073,Finance,Real Estate
REBN,Reborn Coffee Inc. Common Stock,$2.44,-0.01,-0.408%,20040830.00,United States,2022,17623,Consumer Discretionary,Restaurants
RECT,Rectitude Holdings Ltd Ordinary Shares,$1.37,-0.03,-2.143%,19865000.00,Singapore,2024,19241,Consumer Discretionary,Industrial Machinery/Components
REE,REE Automotive Ltd. Class A Ordinary Shares,$0.4675,0.0345,7.968%,14502286.00,Israel,,41307,Industrials,Auto Manufacturing
REED,Reed's Inc. Common Stock,$2.99,-0.30,-9.119%,0.00,,2025,18269,,
REFI,Chicago Atlantic Real Estate Finance Inc. Common Stock,$11.96,0.34,2.926%,253638447.00,United States,2021,304582,Real Estate,Real Estate Investment Trusts
REFR,Research Frontiers Incorporated Common Stock,$0.7542,-0.079,-9.482%,26207108.00,United States,,75450,Miscellaneous,Multi-Sector Companies
REG,Regency Centers Corporation Common Stock,$77.59,-0.27,-0.347%,14206479936.00,United States,1993,1689319,Real Estate,Real Estate Investment Trusts
REGCO,Regency Centers Corporation 5.875% Series B Cumulative Redeemable Preferred Stock,$22.09,-0.275,-1.23%,4044608091.00,United States,,3402,Real Estate,Real Estate Investment Trusts
REGCP,Regency Centers Corporation 6.25% Series A Cumulative Redeemable Preferred Stock,$23.275,0.00,0.00%,4261577787.00,United States,,254,Real Estate,Real Estate Investment Trusts
REGN,Regeneron Pharmaceuticals Inc. Common Stock,$714.89,5.79,0.817%,74948375586.00,United States,1991,589040,Health Care,Biotechnology: Pharmaceutical Preparations
REI,Ring Energy Inc. Common Stock,$1.61,-0.04,-2.424%,337148780.00,United States,,2898211,Energy,Oil & Gas Production
REKR,Rekor Systems Inc. Common Stock,$0.873,0.014,1.63%,119232749.00,United States,,2378682,Telecommunications,Telecommunications Equipment
RELL,Richardson Electronics Ltd. Common Stock,$15.38,0.58,3.919%,223885460.00,United States,1983,140171,Technology,Electronic Components
RELX,RELX PLC PLC American Depositary Shares (Each representing One Ordinary Share),$33.58,-0.58,-1.698%,61249164282.00,United Kingdom,2015,2007601,Real Estate,Real Estate
RELY,Remitly Global Inc. Common Stock,$24.03,1.24,5.441%,5059782728.00,United States,2021,12433900,Real Estate,Real Estate
RENT,Rent the Runway Inc. Class A Common Stock,$4.74,0.00,0.00%,158408018.00,United States,2021,42434,Consumer Discretionary,Other Specialty Stores
RENX,RenX Enterprises Corp. Common Stock,$2.03,-0.17,-7.727%,5073565.00,United States,,116381,Finance,Real Estate
REPL,Replimune Group Inc. Common Stock,$4.07,0.73,21.856%,336070559.00,United States,2018,14987265,Health Care,Biotechnology: Biological Products (No Diagnostic Substances)
REPX,Riley Exploration Permian Inc. Common Stock,$33.24,-0.99,-2.892%,721173278.00,United States,1999,369612,Energy,Oil & Gas Production
RERE,ATRenew Inc. American Depositary Shares (every three of which representing two Class A ordinary shares),$4.77,0.27,6.00%,1045894031.00,Cayman Islands,2021,881455,Consumer Discretionary,Other Specialty Stores
RES,RPC Inc. Common Stock,$6.80,-0.33,-4.628%,1507147036.00,United States,,5082212,Energy,Oilfield Services/Equipment
RETO,ReTo Eco-Solutions Inc. Class A Shares,$0.62,-0.028,-4.321%,8729105.00,China,2017,21547,Industrials,Industrial Machinery/Components
REVB,Revelation Biosciences Inc. Common Stock,$0.96,-0.06,-5.882%,3571603.00,United States,2020,224270,Health Care,Biotechnology: Pharmaceutical Preparations
REVBW,Revelation Biosciences Inc. Warrant,$0.0089,0.00,0.00%,33112.00,United States,2020,3000,Health Care,Biotechnology: Pharmaceutical Preparations
REX,REX American Resources Corporation,$49.68,1.00,2.054%,1636345830.00,United States,,127628,Industrials,Major Chemicals
REXR,Rexford Industrial Realty Inc. Common Stock,$36.27,0.18,0.499%,8186796176.00,United States,2013,999565,Real Estate,Real Estate Investment Trusts
REXR^B,Rexford Industrial Realty Inc. 5.875% Series B Cumulative Redeemable Preferred Stock,$21.84,0.075,0.345%,,United States,,1264,,
REXR^C,Rexford Industrial Realty Inc. 5.625% Series C Cumulative Redeemable Preferred Stock par value $0.01 per share,$20.92,-0.04,-0.191%,,United States,,2656,,
REYN,Reynolds Consumer Products Inc. Common Stock,$21.88,-0.04,-0.182%,4611590209.00,United States,2020,1117122,Consumer Discretionary,Containers/Packaging
REZI,Resideo Technologies Inc. Common Stock ,$39.75,-0.55,-1.365%,6018993614.00,United States,2018,1021735,Industrials,Wholesale Distributors
RF,Regions Financial Corporation Common Stock,$27.63,-0.32,-1.145%,23955675759.00,United States,,16008866,Finance,Major Banks
RF^C,Regions Financial Corporation Depositary Shares each Representing a 1/40th Interest in a  Share of 5.700% Fixed-to-Floating Rate Non-Cumulative  Perpetual Preferred Stock Series C,$24.52,0.08,0.327%,,United States,,17303,,
RF^E,Regions Financial Corporation Depositary Shares Each Representing a 1/40th Interest in a Share of 4.45% Non-Cumulative Perpetual Preferred Stock Series E,$16.65,0.03,0.181%,,United States,,27368,,
RF^F,Regions Financial Corporation Depositary Shares Each Representing a 1/40th Interest in a Share of Non-Cumulative Perpetual Preferred Stock Series F,$25.88,0.23,0.897%,,United States,,25205,,
RFAI,RF Acquisition Corp II Ordinary Shares,$10.9301,0.00,0.00%,0.00,Singapore,2024,21,,
RFAIR,RF Acquisition Corp II Right,$0.10,0.00,0.00%,0.00,Singapore,2024,50500,Technology,Computer Software: Prepackaged Software
RFAM,RF Acquisition Corp III Ordinary Shares,$9.84,0.00,0.00%,0.00,Singapore,2026,1200,,
RFAMU,RF Acquisition Corp III Units,$9.93,-0.02,-0.201%,0.00,Singapore,2026,117,Finance,Blank Checks
RFI,Cohen & Steers Total Return Realty Fund Inc. Common Stock,$11.68,0.06,0.516%,573939175.00,United States,1993,117103,Finance,Investment Managers
RFIL,RF Industries Ltd. Common Stock,$15.28,0.37,2.482%,165242000.00,United States,,182967,Technology,Electrical Products
RFL,Rafael Holdings Inc. Class B Common Stock,$1.28,0.01,0.787%,66575539.00,United States,2018,58356,Finance,Real Estate
RFM,RiverNorth Flexible Municipal Income Fund Inc. Common Stock,$14.64,0.06,0.412%,89519193.00,,2020,14567,Finance,Finance/Investors Services
RFMZ,RiverNorth Flexible Municipal Income Fund II Inc. Common Stock,$13.20,0.072,0.548%,321443179.00,,2021,37539,Finance,Trusts Except Educational Religious and Charitable
RGA,Reinsurance Group of America Incorporated Common Stock,$210.60,-2.21,-1.038%,13796244680.00,United States,,641949,Finance,Life Insurance
RGC,Regencell Bioscience Holdings Limited Ordinary Shares,$29.28,-2.19,-6.959%,14478635226.00,Hong Kong,2021,95503,Health Care, Medicinal Chemicals and Botanical Products 
RGCO,RGC Resources Inc. Common Stock,$23.20,-0.45,-1.903%,241152098.00,United States,,13497,Utilities,Oil & Gas Production
RGEN,Repligen Corporation Common Stock,$123.46,-2.97,-2.349%,6964099580.00,United States,1986,995262,Health Care,Biotechnology: Biological Products (No Diagnostic Substances)
RGLD,Royal Gold Inc. Common Stock,$238.91,6.23,2.677%,20268909859.00,United States,,856401,Industrials,Precious Metals
RGNT,Regentis Biomaterials Ltd. Ordinary Shares,$2.22,-0.06,-2.632%,11498219.00,,2025,12568,Health Care,Biotechnology: Pharmaceutical Preparations
RGNX,REGENXBIO Inc. Common Stock,$10.55,0.13,1.248%,544561808.00,United States,2015,1378967,Health Care,Biotechnology: Biological Products (No Diagnostic Substances)
RGP,Resources Connection Inc. Common Stock,$4.45,-0.01,-0.224%,152765581.00,United States,,423836,Real Estate,Real Estate
RGR,Sturm Ruger & Company Inc. Common Stock,$39.04,-0.10,-0.255%,622463637.00,United States,,147455,Industrials,Ordnance And Accessories
RGS,Regis Corporation Common Stock,$27.98,-0.01,-0.036%,69915808.00,United States,1991,8572,Consumer Discretionary,Other Consumer Services
RGT,Royce Global Trust Inc. Common Stock,$14.55,0.12,0.832%,91184021.00,,2013,15241,Finance,Trusts Except Educational Religious and Charitable
RGTI,Rigetti Computing Inc. Common Stock,$18.94,0.60,3.272%,6294624679.00,United States,,18162132,Technology,EDP Services
RGTIW,Rigetti Computing Inc. Warrants,$8.52,0.25,3.023%,2831584069.00,United States,,89100,Technology,EDP Services
RH,RH Common Stock,$133.89,0.24,0.18%,2530623961.00,United States,2012,582149,Consumer Discretionary,Other Specialty Stores
RHI,Robert Half Inc. Common Stock,$27.03,-0.37,-1.35%,2764995711.00,United States,,1812752,Consumer Discretionary,Professional Services
RHLD,Resolute Holdings Management Common Stock ,$110.94,3.02,2.798%,916080615.00,United States,,341657,Finance,Finance: Consumer Services
RHP,Ryman Hospitality Properties Inc. (REIT),$110.55,0.13,0.118%,6976730020.00,United States,,468166,Real Estate,Real Estate Investment Trusts
RIBB,Ribbon Acquisition Corp Class A Ordinary Shares,$10.63,0.00,0.00%,0.00,Japan,2025,29,,
RIBBR,Ribbon Acquisition Corp Rights,$0.23,0.01,4.545%,0.00,Japan,2025,400,,
RICK,RCI Hospitality Holdings Inc. Common Stock,$25.35,-1.05,-3.977%,195448500.00,United States,1995,32138,Consumer Discretionary,Restaurants
RIG,Transocean Ltd (Switzerland) Common Stock,$6.40,0.23,3.728%,7145223526.00,Switzerland,,31206779,Energy,Oil & Gas Production
RIGL,Rigel Pharmaceuticals Inc. Common Stock,$26.04,-0.20,-0.762%,481794163.00,United States,2000,299381,Health Care,Biotechnology: Pharmaceutical Preparations
RILY,BRC Group Holdings Inc. Common Stock,$8.18,-0.51,-5.869%,287534624.00,United States,,1215300,Finance,Investment Managers
RILYG,BRC Group Holdings Inc. 5.00% Senior Notes due 2026,$24.00,0.0501,0.209%,731929584.00,United States,,54110,Finance,Investment Managers
RILYL,BRC Group Holdings Inc. Depositary Shares each representing 1/1000th in a share of 7.375% Series B Cumulative Perpetual Preferred Stock par value $0.0001,$15.2599,0.0199,0.131%,536399707.00,United States,,10913,Finance,Investment Managers
RILYN,BRC Group Holdings Inc. 6.50% Senior Notes Due 2026,$24.80,0.00,0.00%,756327237.00,United States,,16786,Finance,Investment Managers
RILYP,BRC Group Holdings Inc. Depositary Shares each representing a 1/1000th fractional interest in a share of Series A Cumulative Perpetual Preferred Stock,$14.68,0.01,0.068%,516015682.00,United States,,27553,Finance,Investment Managers
RILYT,BRC Group Holdings Inc. 6.00% Senior Notes Due 2028,$20.30,0.28,1.399%,619090440.00,United States,,42555,Finance,Investment Managers
RILYZ,BRC Group Holdings Inc. 5.25% Senior Notes due 2028,$18.94,0.0201,0.106%,577614430.00,United States,,91187,Finance,Investment Managers
RIME,Algorhythm Holdings Inc. Common Stock,$0.6127,-0.1473,-19.382%,8977075.00,United States,,1696008,Consumer Staples,Diversified Electronic Products
RIO,Rio Tinto Plc Common Stock,$105.38,2.27,2.202%,132358366889.00,Australia,2002,2210521,Basic Materials,Metal Mining
RIOT,Riot Platforms Inc. Common Stock ,$24.08,-0.03,-0.124%,9097766105.00,United States,,17784358,Finance,Finance: Consumer Services
RITM,Rithm Capital Corp. Common Stock,$9.84,0.05,0.511%,5493736914.00,United States,,3594242,Real Estate,Real Estate Investment Trusts
RITM^A,Rithm Capital Corp. 7.50% Series A Fixed-to-Floating Rate Cumulative Redeemable Preferred Stock,$25.25,0.07,0.278%,,United States,,48207,,
RITM^B,Rithm Capital Corp. 7.125% Series B Fixed-to-Floating Rate Cumulative Redeemable Preferred Stock,$25.24,0.02,0.079%,,United States,,33895,,
RITM^C,Rithm Capital Corp. 6.375% Series C Fixed-to-Floating Rate Cumulative Redeemable Preferred Stock,$24.59,-0.01,-0.041%,,United States,,20410,,
RITM^D,Rithm Capital Corp. 7.00% Fixed-Rate Reset Series D Cumulative Redeemable Preferred Stock,$24.88,-0.05,-0.201%,,United States,,39158,,
RITM^E,Rithm Capital Corp. 8.75% Series E Fixed-Rate Cumulative Redeemable Preferred Stock,$24.39,0.00,0.00%,,United States,,20300,,
RITM^F,Rithm Capital Corp. 8.750% Series F Fixed-Rate Reset Cumulative Redeemable Preferred Stock,$24.515,0.115,0.471%,,United States,,23606,,
RITR,Reitar Logtech Holdings Limited Ordinary shares,$0.4759,-0.0023,-0.481%,29716981.00,Hong Kong,2024,48134,Finance,Real Estate
RIV,RiverNorth Opportunities Fund Inc. Common Stock,$11.70,0.04,0.343%,0.00,United States,2015,118316,Finance,Finance Companies
RIV^A,RiverNorth Opportunities Fund Inc. 6.00% Series A Perpetual Preferred Stock,$22.65,0.05,0.221%,,United States,,3190,,
RIVN,Rivian Automotive Inc. Class A Common Stock,$14.22,0.04,0.282%,17923141031.00,United States,2021,31539475,Industrials,Auto Manufacturing
RJET,Republic Airways Holdings Inc. Common Stock,$22.97,0.58,2.59%,1075673064.00,United States,2018,184802,Consumer Discretionary,Air Freight/Delivery Services
RJF,Raymond James Financial Inc. Common Stock,$154.33,0.80,0.521%,30076298637.00,United States,,1351511,Finance,Investment Bankers/Brokers/Service
RKDA,Arcadia Biosciences Inc. Common Stock,$1.07,-0.03,-2.727%,2200866.00,United States,2015,25459,Consumer Staples,Farming/Seeds/Milling
RKLB,Rocket Lab Corporation Common Stock,$105.47,26.89,34.22%,60726177131.00,United States,2020,79582430,Industrials,Military/Government/Technical
RKT,Rocket Companies Inc. Class A Common Stock,$15.69,1.54,10.883%,44387882693.00,United States,2020,37242825,Finance,Finance: Consumer Services
RL,Ralph Lauren Corporation Common Stock,$358.45,4.90,1.386%,21699277240.00,United States,1997,578543,Industrials,Garments and Clothing
RLAY,Relay Therapeutics Inc. Common Stock,$12.76,0.25,1.998%,2444639465.00,United States,2020,1830691,Health Care,Biotechnology: Biological Products (No Diagnostic Substances)
RLGT,Radiant Logistics Inc. Common Stock,$8.27,-0.04,-0.481%,387255519.00,United States,,105192,Industrials,Integrated Freight & Logistics
RLI,RLI Corp. Common Stock (DE),$49.05,-0.57,-1.149%,4509575136.00,United States,,637057,Finance,Property-Casualty Insurers
RLJ,RLJ Lodging Trust Common Shares of Beneficial Interest $0.01 par value,$8.95,0.10,1.13%,1359771048.00,United States,2011,4438997,Real Estate,Real Estate Investment Trusts
RLJ^A,RLJ Lodging Trust $1.95 Series A Cumulative Convertible  Preferred Shares,$25.27,0.02,0.079%,,United States,,14838,,
RLMD,Relmada Therapeutics Inc. Common Stock,$7.32,-0.11,-1.48%,767781792.00,United States,,830513,Health Care,Biotechnology: Pharmaceutical Preparations
RLTY,Cohen & Steers Real Estate Opportunities and Income Fund Common Shares of Beneficial Interest,$15.88,0.07,0.443%,0.00,,2022,46436,Finance,Investment Managers
RLX,RLX Technology Inc. American Depositary Shares each representing the right to receive one (1) Class A ordinary share,$2.10,-0.04,-1.869%,3252774645.00,Cayman Islands,2021,1142725,Health Care, Medicinal Chemicals and Botanical Products 
RLYB,Rallybio Corporation Common Stock,$14.38,-0.28,-1.91%,76065527.00,United States,2021,89308,Health Care,Biotechnology: Pharmaceutical Preparations
RM,Regional Management Corp. Common Stock,$35.34,0.37,1.058%,325415844.00,United States,2012,41255,Finance,Finance: Consumer Services
RMAX,RE/MAX Holdings Inc. Class A Common Stock,$10.38,-0.68,-6.148%,209078673.00,United States,2013,825442,Finance,Real Estate
RMBI,Richmond Mutual Bancorporation Inc. Common Stock,$15.16,-0.07,-0.46%,159199102.00,United States,2019,24950,Finance,Major Banks
RMBS,Rambus Inc. Common Stock,$129.245,2.645,2.089%,13976162300.00,United States,1997,2252862,Technology,Semiconductors
RMCF,Rocky Mountain Chocolate Factory Inc. Common Stock,$2.54,0.00,0.00%,23705368.00,United States,,89798,Consumer Staples,Specialty Foods
RMCO,Royalty Management Holding Corporation Class A Common Stock,$2.80,-0.15,-5.085%,42419174.00,United States,2023,5835,Miscellaneous,Multi-Sector Companies
RMCOW,Royalty Management Holding Corporation Warrant,$0.22,0.00,0.00%,3332935.00,United States,2023,3594,Miscellaneous,Multi-Sector Companies
RMD,ResMed Inc. Common Stock,$206.76,-0.13,-0.063%,29991857956.00,United States,,993562,Health Care,Medical/Dental Instruments
RMI,RiverNorth Opportunistic Municipal Income Fund Inc. Common Stock,$15.65,0.29,1.888%,99741644.00,,2018,12451,Finance,Finance/Investors Services
RMIX,Suncrete Inc. Class A Common Stock,$16.58,1.18,7.662%,1419540886.00,United States,,144240,Industrials,Building Materials
RMM,RiverNorth Managed Duration Municipal Income Fund Inc. Common Stock,$14.42,0.00,0.00%,284645436.00,,2019,58787,Finance,Trusts Except Educational Religious and Charitable
RMMZ,RiverNorth Managed Duration Municipal Income Fund II Inc. Common Stock,$14.97,0.02,0.134%,295502231.00,,2022,8536,Finance,Investment Managers
RMNI,Rimini Street Inc. (DE) Common Stock,$4.02,0.08,2.03%,372091200.00,United States,2015,594817,Real Estate,Real Estate
RMR,The RMR Group Inc. Class A Common Stock,$20.23,0.85,4.386%,629019098.00,United States,,235529,Consumer Discretionary,Professional Services
RMSG,Real Messenger Corporation Ordinary Shares,$1.38,-0.41,-22.905%,13208368.00,United States,,1240828,Technology,Computer Software: Programming Data Processing
RMSGW,Real Messenger Corporation Warrants,$0.0486,-0.0212,-30.372%,465164.00,United States,,12537,Technology,Computer Software: Programming Data Processing
RMT,Royce Micro-Cap Trust Inc. Common Stock,$13.70,0.13,0.958%,633886766.00,United States,,114592,Finance,Investment Managers
RMTI,Rockwell Medical Inc. Common Stock,$0.8338,0.0528,6.761%,32856141.00,United States,1998,290198,Health Care,Biotechnology: Pharmaceutical Preparations
RNA,Atrium Therapeutics Inc. Common Stock,$13.07,0.11,0.849%,2027805873.00,United States,,109783,Health Care,Biotechnology: Pharmaceutical Preparations
RNAC,Cartesian Therapeutics Inc. Common Stock,$8.65,0.49,6.005%,254150096.00,United States,2016,172230,Health Care,Biotechnology: Pharmaceutical Preparations
RNAZ,TransCode Therapeutics Inc. Common Stock,$7.32,-0.33,-4.314%,6712206.00,United States,2021,6962,Health Care,Biotechnology: Pharmaceutical Preparations
RNG,RingCentral Inc. Class A Common Stock,$45.63,0.24,0.529%,3836231415.00,United States,2013,4777322,Technology,EDP Services
RNGR,Ranger Energy Services Inc. Class A Common Stock,$15.82,-0.03,-0.189%,375908876.00,United States,2017,295285,Energy,Oilfield Services/Equipment
RNGT,Range Capital Acquisition Corp II Class A Ordinary Shares,$10.04,-0.02,-0.199%,0.00,United States,2025,228,Finance,Blank Checks
RNGTU,Range Capital Acquisition Corp II Units,$10.13,0.00,0.00%,0.00,United States,2025,623,Finance,Blank Checks
RNP,Cohen & Steers REIT and Preferred and Income Fund Inc. Common Shares,$21.32,0.10,0.471%,1047635549.00,United States,2003,41963,Finance,Investment Managers
RNR,RenaissanceRe Holdings Ltd. Common Stock,$300.16,-0.68,-0.226%,12796733587.00,Bermuda,,187735,Finance,Property-Casualty Insurers
RNR^F,RenaissanceRe Holdings Ltd. Depositary Shares each Representing a 1/1000th Interest in a 5.750% Series F Preference Share,$21.55,-0.0185,-0.086%,,Bermuda,,9201,,
RNR^G,RenaissanceRe Holdings Ltd. Depositary Shares each representing a 1/1000th interest in a share of 4.20% Series G Preference Shares,$15.55,0.00,0.00%,,Bermuda,,14636,,
RNST,Renasant Corporation Common Stock,$40.19,0.01,0.025%,3783579318.00,United States,2023,604612,Finance,Major Banks
RNTX,Rein Therapeutics Inc. Common Stock,$1.22,0.05,4.274%,34207619.00,United States,2017,2321392,Health Care,Biotechnology: Pharmaceutical Preparations
RNW,ReNew Energy Global plc Class A Ordinary Shares,$5.62,0.22,4.074%,2038762589.00,United Kingdom,,983206,Utilities,Electric Utilities: Central
RNWWW,ReNew Energy Global plc Warrant,$0.0073,0.00,0.00%,2648215.00,United Kingdom,,25121,Utilities,Electric Utilities: Central
RNXT,RenovoRx Inc. Common Stock,$0.8636,-0.0165,-1.875%,38907517.00,United States,2021,311910,Health Care,Biotechnology: Pharmaceutical Preparations
ROAD,Construction Partners Inc. Class A Common Stock,$140.48,9.12,6.943%,7939280020.00,United States,2018,1647010,Industrials,Military/Government/Technical
ROC,Rank One Computing Corporation Common stock,$5.80,0.09,1.576%,110664737.00,United States,2026,22414,Technology,Computer Software: Prepackaged Software
ROCK,Gibraltar Industries Inc. Common Stock,$40.81,3.22,8.566%,1210462512.00,United States,1993,617359,Industrials,Steel/Iron Ore
ROG,Rogers Corporation Common Stock,$140.66,3.40,2.477%,2510574933.00,United States,1960,137389,Industrials,Major Chemicals
ROIV,Roivant Sciences Ltd. Common Shares,$28.56,0.28,0.99%,20440424473.00,United Kingdom,,5604935,Health Care,Biotechnology: Pharmaceutical Preparations
ROK,Rockwell Automation Inc. Common Stock,$453.89,5.34,1.191%,50506134527.00,United States,,1062891,Industrials,Industrial Machinery/Components
ROKU,Roku Inc. Class A Common Stock,$129.53,2.86,2.258%,19116501765.00,United States,2017,2049326,Telecommunications,Cable & Other Pay Television Services
ROL,Rollins Inc. Common Stock,$53.83,-0.56,-1.03%,25917188979.00,United States,,2406271,Consumer Discretionary,Diversified Commercial Services
ROLR,High Roller Technologies Inc. Common Stock,$7.15,-0.49,-6.414%,77864201.00,,2024,248766,Consumer Discretionary,Services-Misc. Amusement & Recreation
ROMA,Roma Green Finance Limited Class A Ordinary Shares,$6.89,0.42,6.491%,410399894.00,Hong Kong,2024,21862,Consumer Discretionary,Professional Services
ROOT,Root Inc. Class A Common Stock,$56.41,-0.50,-0.879%,892761357.00,United States,2020,442470,Finance,Property-Casualty Insurers
ROP,Roper Technologies Inc. Common Stock,$343.32,-9.12,-2.588%,34646947692.00,United States,1992,1178466,Technology,Computer Software: Programming Data Processing
ROST,Ross Stores Inc. Common Stock,$225.81,1.33,0.592%,72744273300.00,United States,1985,3666287,Consumer Discretionary,Clothing/Shoe/Accessory Stores
RPAY,Repay Holdings Corporation Class A Common Stock,$3.54,0.05,1.433%,317442696.00,United States,2018,579033,Real Estate,Real Estate
RPC,Ridgepost Capital Inc. Class A Common Stock,$8.75,0.29,3.428%,957920145.00,United States,2021,332478,Finance,Investment Managers
RPD,Rapid7 Inc. Common Stock,$6.90,0.19,2.832%,461131264.00,United States,2015,2316128,Technology,Computer Software: Prepackaged Software
RPGL,Republic Power Group Limited Class A Ordinary Shares,$0.8348,-1.4652,-63.704%,2593121.00,Singapore,2025,18962164,Technology,Computer Software: Prepackaged Software
RPID,Rapid Micro Biosystems Inc. Class A Common Stock,$2.63,0.07,2.734%,120367315.00,United States,2021,74482,Industrials,Biotechnology: Laboratory Analytical Instruments
RPM,RPM International Inc. Common Stock,$100.81,-0.58,-0.572%,12866030187.00,United States,,628242,Consumer Discretionary,Paints/Coatings
RPRX,Royalty Pharma plc Class A Ordinary Shares ,$50.79,0.59,1.175%,29246517641.00,United States,2020,3764691,Health Care,Biotechnology: Pharmaceutical Preparations
RPT,Rithm Property Trust Inc. Common stock,$14.96,-0.16,-1.058%,116277557.00,United States,2015,28397,Real Estate,Real Estate Investment Trusts
RPT^C,Rithm Property Trust Inc. 9.875% Series C Fixed-to-Floating Rate Cumulative Redeemable Preferred Stock,$25.00,0.10,0.402%,,United States,,2506,,
RQI,Cohen & Steers Quality Income Realty Fund Inc Common Shares,$13.43,0.04,0.299%,1803654479.00,United States,2002,415124,Finance,Trusts Except Educational Religious and Charitable
RR,Richtech Robotics Inc. Class B Common Stock,$2.64,-0.04,-1.493%,969730751.00,United States,2023,11577586,Industrials,Industrial Machinery/Components
RRBI,Red River Bancshares Inc. Common Stock,$91.20,-0.92,-0.999%,599839363.00,United States,2019,63334,Consumer Discretionary,Hotels/Resorts
RRC,Range Resources Corporation Common Stock,$40.52,-0.34,-0.832%,9547413570.00,United States,,2061547,Energy,Oil & Gas Production
RREVU,RRE Ventures Acquisition Corp. Units,$9.98,0.01,0.10%,0.00,United States,2026,469327,,
RRGB,Red Robin Gourmet Burgers Inc. Common Stock,$3.73,0.06,1.635%,67644781.00,United States,2002,163699,Consumer Discretionary,Restaurants
RRR,Red Rock Resorts Inc. Class A Common Stock,$54.48,0.74,1.377%,5685066342.00,United States,2016,727030,Consumer Discretionary,Hotels/Resorts
RRX,Regal Rexnord Corporation Common Stock,$214.36,8.10,3.927%,14268976078.00,United States,1976,1536175,Consumer Discretionary,Metal Fabrications
RS,Reliance Inc. Common Stock,$369.29,0.19,0.051%,18851708689.00,United States,1994,245041,Industrials,Metal Fabrications
RSF,RiverNorth Capital and Income Fund Common Stock,$14.60,-0.025,-0.171%,48787024.00,,2019,15196,Finance,Investment Managers
RSG,Republic Services Inc. Common Stock,$200.02,-1.53,-0.759%,61797417524.00,United States,1998,2272871,Utilities,Environmental Services
RSI,Rush Street Interactive Inc. Class A Common Stock,$27.74,-0.16,-0.573%,6455877439.00,United States,2020,1503884,Consumer Discretionary,Services-Misc. Amusement & Recreation
RSKD,Riskified Ltd. Class A Ordinary Shares,$4.79,-0.04,-0.828%,709902506.00,,2021,679659,Real Estate,Real Estate
RSSS,Research Solutions Inc Common Stock,$2.60,0.02,0.775%,85554238.00,United States,,62056,Technology,EDP Services
RSVR,Reservoir Media Inc. Common Stock,$10.19,0.01,0.098%,668466232.00,United States,2021,23657,Consumer Discretionary,Services-Misc. Amusement & Recreation
RSVRW,Reservoir Media Inc. Warrant,$0.14,-0.0304,-17.84%,9184031.00,United States,2021,2221,Consumer Discretionary,Services-Misc. Amusement & Recreation
RTAC,Renatus Tactical Acquisition Corp I Class A Ordinary Shares,$10.40,0.02,0.193%,0.00,United States,2025,64128,Finance,Blank Checks
RTACU,Renatus Tactical Acquisition Corp I Unit,$10.69,-0.305,-2.774%,0.00,United States,2025,3483,Finance,Blank Checks
RTACW,Renatus Tactical Acquisition Corp I Warrant,$0.84,0.0012,0.143%,0.00,United States,2025,23382,Finance,Blank Checks
RTO,Rentokil Initial plc American Depositary Shares (each representing five (5) Ordinary Shares),$33.40,-0.25,-0.743%,8423480000.00,United States,2022,1149593,Consumer Discretionary,Other Consumer Services
RTX,RTX Corporation Common Stock,$176.09,-0.69,-0.39%,237137484837.00,United States,,6275026,Industrials,Aerospace
RUBI,Rubico Inc. Common Stock,$2.83,-0.16,-5.351%,2172834.00,Greece,,47231,Consumer Discretionary,Marine Transportation
RUM,Rumble Inc. Class A Common Stock,$8.32,0.85,11.379%,3621118642.00,United States,2021,6605857,Technology,Computer Software: Programming Data Processing
RUMBW,Rumble Inc. Warrant,$1.70,0.25,17.241%,739892030.00,United States,2021,82531,Technology,Computer Software: Programming Data Processing
RUN,Sunrun Inc. Common Stock,$14.61,0.81,5.87%,3485205083.00,United States,2015,9997034,Miscellaneous,Industrial Machinery/Components
RUSHA,Rush Enterprises Inc. Common Stock Cl A,$72.31,1.01,1.417%,5661340075.00,United States,,475760,Consumer Discretionary,Retail-Auto Dealers and Gas Stations
RUSHB,Rush Enterprises Inc. Class B,$68.58,0.25,0.366%,5369308565.00,United States,,64575,Consumer Discretionary,Retail-Auto Dealers and Gas Stations
RVI,Robinhood Ventures Fund I Common Shares of Beneficial Interest,$39.13,4.88,14.248%,0.00,,2026,1047062,,
RVLV,Revolve Group Inc. Class A Common Stock,$20.86,0.62,3.063%,1492648627.00,United States,2019,1903677,Consumer Discretionary,Catalog/Specialty Distribution
RVMD,Revolution Medicines Inc. Common Stock,$141.81,-0.70,-0.491%,30148304276.00,United States,2020,2514534,Health Care,Biotechnology: Biological Products (No Diagnostic Substances)
RVMDW,Revolution Medicines Inc. Warrant,$4.91,-0.06,-1.207%,1043848628.00,United States,,201591,Health Care,Biotechnology: Biological Products (No Diagnostic Substances)
RVP,Retractable Technologies Inc. Common Stock,$0.6969,-0.008,-1.135%,20863206.00,United States,2001,40835,Health Care,Medical/Dental Instruments
RVPH,Reviva Pharmaceuticals Holdings Inc. Common Stock ,$0.856,-0.0064,-0.742%,10965683.00,United States,2020,330637,Health Care,Biotechnology: Pharmaceutical Preparations
RVSB,Riverview Bancorp Inc Common Stock,$5.51,0.06,1.101%,114117065.00,United States,,40851,Finance,Savings Institutions
RVSN,Rail Vision Ltd. Ordinary Share,$7.15,0.20,2.878%,15674130.00,Israel,2022,14093,Industrials,Railroads
RVSNW,Rail Vision Ltd. Warrant,$0.0276,0.00,0.00%,60504.00,Israel,2022,34,Industrials,Railroads
RVT,Royce Small-Cap Trust Inc. Common Stock,$18.68,0.11,0.592%,2016631436.00,United States,1986,177063,Finance,Trusts Except Educational Religious and Charitable
RVTY,Revvity Inc. Common Stock,$101.00,2.15,2.175%,11292136027.00,United States,,2442039,Industrials,Biotechnology: Laboratory Analytical Instruments
RVYL,Ryvyl Inc. Common Stock,$6.61,-0.14,-2.074%,8459247.00,United States,,8290,Consumer Discretionary,Professional Services
RWAY,Runway Growth Finance Corp. Common Stock,$6.54,-0.29,-4.246%,277718131.00,United States,2021,1622700,Finance,Finance: Consumer Services
RWAYI,Runway Growth Finance Corp. 7.25% Notes due 2031,$25.07,-0.05,-0.199%,0.00,United States,,29429,Finance,Finance: Consumer Services
RWAYL,Runway Growth Finance Corp. 7.50% Notes due 2027,$25.49,0.00,0.00%,923161950.00,United States,,341,Finance,Finance: Consumer Services
RWT,Redwood Trust Inc. Common Stock,$5.57,-0.01,-0.179%,696221766.00,United States,1995,864764,Real Estate,Real Estate Investment Trusts
RWT^A,Redwood Trust Inc. 10.00% Series A Fixed-Rate Reset Cumulative Redeemable Preferred Stock,$25.075,-0.025,-0.10%,,United States,,8084,,
RWTN,Redwood Trust Inc. 9.125% Senior Notes Due 2029,$25.43,0.05,0.197%,3286152690.00,United States,2024,1514,Real Estate,Real Estate Investment Trusts
RWTO,Redwood Trust Inc. 9.00% Senior Notes Due 2029,$25.22,0.04,0.159%,3259015762.00,United States,2024,2740,Real Estate,Real Estate Investment Trusts
RWTP,Redwood Trust Inc. 9.125% Senior Notes Due 2030,$25.30,-0.07,-0.276%,0.00,United States,2025,1852,Real Estate,Real Estate Investment Trusts
RWTQ,Redwood Trust Inc. 9.500% Senior Notes Due 2030,$25.51,-0.03,-0.117%,0.00,United States,2025,18945,Real Estate,Real Estate Investment Trusts
RXO,RXO Inc. Common Stock,$21.75,-1.36,-5.885%,3582469079.00,United States,2022,3504986,Consumer Discretionary,Transportation Services
RXRX,Recursion Pharmaceuticals Inc. Class A Common Stock,$3.32,0.05,1.529%,1759285261.00,United States,2021,13573037,Health Care,Biotechnology: Biological Products (No Diagnostic Substances)
RXST,RxSight Inc. Common Stock,$5.85,0.05,0.862%,242170163.00,United States,2021,923397,Health Care,Ophthalmic Goods
RXT,Rackspace Technology Inc. Common Stock,$5.49,1.97,55.966%,1368231520.00,United States,2020,152258803,Technology,Computer Software: Programming Data Processing
RY,Royal Bank Of Canada Common Stock,$181.68,0.33,0.182%,253720618397.00,Canada,,2303996,Finance,Commercial Banks
RYAAY,Ryanair Holdings plc American Depositary Shares,$58.07,-1.25,-2.107%,30558396127.00,Ireland,1997,1160604,Consumer Discretionary,Air Freight/Delivery Services
RYAM,Rayonier Advanced Materials Inc. Common Stock,$9.16,0.01,0.109%,617737109.00,United States,2014,1076493,Basic Materials,Paper
RYAN,Ryan Specialty Holdings Inc. Class A Common Stock,$31.31,-0.40,-1.261%,8255176284.00,United States,2021,2644301,Finance,Specialty Insurers
RYDE,Ryde Group Ltd. Class A Ordinary Shares,$1.03,-0.10,-8.85%,171132755.00,,2024,304551,Real Estate,Real Estate
RYET,Ruanyun Edai Technology Inc. Ordinary shares,$1.07,-0.0499,-4.456%,36754504.00,China,2025,6655,Technology,Computer Software: Prepackaged Software
RYM,RYTHM Inc. Common Stock,$26.19,0.13,0.499%,56285662.00,United States,2021,18067,Consumer Staples,Farming/Seeds/Milling
RYN,Rayonier Inc. REIT Common Stock,$20.42,0.01,0.049%,6169629985.00,United States,,2963365,Real Estate,Real Estate Investment Trusts
RYOJ,rYojbaba Co. Ltd. Common Shares,$2.02,-0.02,-0.98%,23331000.00,Japan,2025,8832,Consumer Discretionary,Professional Services
RYTM,Rhythm Pharmaceuticals Inc. Common Stock,$94.17,-2.06,-2.141%,6453715601.00,United States,2017,882580,Health Care,Biotechnology: Pharmaceutical Preparations
RYZ,Ryerson Holding Corporation Common Stock,$27.22,0.79,2.989%,1412411067.00,United States,2014,515571,Industrials,Metal Fabrications
RZB,Reinsurance Group of America Incorporated 5.75% Fixed-To-Floating Rate Subordinated Debentures due 2056,$25.24,0.01,0.04%,1653453066.00,United States,2016,155390,Finance,Life Insurance
RZC,Reinsurance Group of America Incorporated 7.125% Fixed-Rate Reset Subordinated Debentures due 2052,$25.52,0.15,0.591%,1671795652.00,United States,2022,34031,Finance,Life Insurance
RZLT,Rezolute Inc. Common Stock (NV),$3.21,0.12,3.883%,307189569.00,United States,,710363,Health Care,Biotechnology: Pharmaceutical Preparations
RZLV,Rezolve AI PLC Ordinary Shares,$2.40,0.01,0.418%,960940238.00,United Kingdom,,16013973,Technology,Computer Software: Programming Data Processing
RZLVW,Rezolve AI PLC Warrants,$0.9547,-0.0103,-1.067%,382254019.00,United Kingdom,,23877,Technology,Computer Software: Programming Data Processing
S,SentinelOne Inc. Class A Common Stock,$16.59,0.67,4.209%,5645187069.00,United States,2021,8208835,Technology,Computer Software: Prepackaged Software
SA,Seabridge Gold Inc. Ordinary Shares (Canada),$31.21,1.50,5.049%,3351117041.00,Canada,,530937,Basic Materials,Precious Metals
SAAQ,Space Asset Acquisition Corp. Class A Ordinary Shares,$10.18,-0.02,-0.196%,0.00,United States,2026,122828,Finance,Blank Checks
SAAQU,Space Asset Acquisition Corp. Units,$10.32,-0.13,-1.244%,0.00,United States,2026,765,Finance,Blank Checks
SAAQW,Space Asset Acquisition Corp. Warrants,$0.76,0.00,0.00%,0.00,United States,2026,1,,
SABA,Saba Capital Income & Opportunities Fund II Shares of Beneficial Interest,$8.515,0.025,0.294%,0.00,United States,,43109,,
SABR,Sabre Corporation Common Stock,$2.06,-0.01,-0.483%,814056673.00,United States,2014,10927107,Technology,Computer Software: Programming Data Processing
SABS,SAB Biotherapeutics Inc. Common Stock,$4.11,0.02,0.489%,209408762.00,United States,2021,6014654,Health Care,Biotechnology: Biological Products (No Diagnostic Substances)
SABSW,SAB Biotherapeutics Inc. Warrant,$0.0275,-0.0032,-10.423%,1401154.00,United States,2021,65759,Health Care,Biotechnology: Biological Products (No Diagnostic Substances)
SAC,Safeguard Acquisition Corp. Class A Ordinary Shares,$10.24,0.11,1.086%,0.00,,2026,251,Finance,Blank Checks
SACH,Sachem Capital Corp. Common Shares,$1.10,0.00,0.00%,52763889.00,United States,2017,148665,Real Estate,Real Estate Investment Trusts
SACH^A,Sachem Capital Corp. 7.75% Series A Cumulative Redeemable Preferred Stock,$18.005,0.025,0.139%,,United States,,5633,,
SAFE,Safehold Inc. New Common Stock ,$15.13,-0.28,-1.817%,1083459330.00,United States,2023,380579,Real Estate,Real Estate Investment Trusts
SAFT,Safety Insurance Group Inc. Common Stock,$71.43,-1.44,-1.976%,1048870477.00,United States,2002,86288,Finance,Property-Casualty Insurers
SAFX,XCF Global Inc. Class A Common Stock,$0.422,0.0112,2.726%,116239346.00,United States,,3937882,Industrials,Major Chemicals
SAGT,SAGTEC GLOBAL LIMITED Class A Ordinary shares,$1.55,-0.09,-5.488%,19452500.00,Malaysia,2025,134048,Technology,Computer Software: Prepackaged Software
SAH,Sonic Automotive Inc. Common Stock,$81.20,1.07,1.335%,2566253164.00,United States,1997,271304,Consumer Discretionary,Retail-Auto Dealers and Gas Stations
SAIA,Saia Inc. Common Stock,$449.80,0.86,0.192%,11996712057.00,United States,,212121,Industrials,Trucking Freight/Courier Services
SAIC,Science Applications International Corporation Common Stock,$93.93,-0.19,-0.202%,4048607211.00,United States,,477293,Technology,EDP Services
SAIH,SAIHEAT Limited Class A Ordinary Shares,$11.30,0.15,1.345%,20705668.00,Singapore,2021,956,Technology,EDP Services
SAIHW,SAIHEAT Limited Warrant,$0.0308,0.00,0.00%,56437.00,Singapore,2021,12,Technology,EDP Services
SAIL,SailPoint Inc. Common Stock,$12.23,0.04,0.328%,6937132239.00,United States,2025,3478097,Technology,Computer Software: Prepackaged Software
SAJ,Saratoga Investment Corp 8.00% Notes due 2027,$25.70,0.05,0.195%,402670967.00,United States,2022,107,Finance,Investment Managers
SAM,Boston Beer Company Inc. (The) Common Stock,$197.34,-5.67,-2.793%,2054988644.00,United States,,277301,Consumer Staples,Beverages (Production/Distribution)
SAMG,Silvercrest Asset Management Group Inc. Class A Common Stock,$13.33,-0.37,-2.701%,157073828.00,United States,2013,23586,Finance,Investment Managers
SAN,Banco Santander S.A. Sponsored ADR (Spain),$12.28,0.10,0.821%,180752063794.00,Spain,,5987587,Finance,Commercial Banks
SANA,Sana Biotechnology Inc. Common Stock,$3.51,0.01,0.286%,947671053.00,United States,2021,1633449,Health Care,Biotechnology: Biological Products (No Diagnostic Substances)
SANG,Sangoma Technologies Corporation Common Shares,$4.20,-0.06,-1.408%,139511320.00,Canada,,1578,Technology,Computer Software: Programming Data Processing
SANM,Sanmina Corporation Common Stock,$248.35,11.26,4.749%,13310997487.00,United States,1993,1138917,Technology,Electrical Products
SAP,SAP  SE ADS,$173.70,-1.01,-0.578%,213391185098.00,Germany,,3705534,Technology,Computer Software: Prepackaged Software
SAR,Saratoga Investment Corp New,$22.15,-0.19,-0.85%,360330618.00,United States,,99952,Finance,Investment Managers
SARO,StandardAero Inc. Common Stock,$25.14,-0.89,-3.419%,8357088376.00,United States,2024,8306425,Industrials,Aerospace
SAT,Saratoga Investment Corp 6.00% Notes due 2027,$25.11,0.03,0.12%,393426769.00,United States,2022,3865,Finance,Investment Managers
SATA,Strive Inc. Variable Rate Series A Perpetual Preferred Stock,$99.52,0.25,0.252%,6882682283.00,United States,,93114,,
SATL,Satellogic Inc. Class A Common Stock,$7.57,0.95,14.35%,1084353272.00,Uruguay,,11150349,Technology,Radio And Television Broadcasting And Communications Equipment
SATLW,Satellogic Inc. Warrant,$1.89,0.4001,26.854%,270730209.00,Uruguay,,95026,Technology,Radio And Television Broadcasting And Communications Equipment
SATS,EchoStar  Corporation Common Stock,$127.15,4.53,3.694%,36730565472.00,United States,,3047520,Consumer Discretionary,Telecommunications Equipment
SAV,Saratoga Investment Corp 7.50% Notes due 2031,$25.40,-0.02,-0.079%,0.00,United States,2026,7365,Finance,Investment Managers
SAY,Saratoga Investment Corp 8.125% Notes due 2027,$25.521,-0.029,-0.114%,399866371.00,United States,2022,1400,Finance,Investment Managers
SAZ,Saratoga Investment Corp 8.50% Notes due 2028,$25.69,0.03,0.117%,402514285.00,United States,2023,3827,Finance,Investment Managers
SB,Safe Bulkers Inc Common Stock ($0.001 par value),$7.03,0.09,1.297%,718780817.00,Monaco,2008,341485,Consumer Discretionary,Marine Transportation
SB^C,Safe Bulkers Inc Cumulative Redeemable Perpetual Preferred Series C (Marshall Islands),$26.30,0.36,1.388%,,Monaco,,1158,,
SB^D,Safe Bulkers Inc Perpetual Preferred Series D (Marshall Islands),$26.305,0.055,0.21%,,Monaco,,337,,
SBAC,SBA Communications Corporation Class A Common Stock,$218.17,-0.45,-0.206%,23139768419.00,United States,1999,459990,Real Estate,Real Estate Investment Trusts
SBC,SBC Medical Group Holdings Incorporated Common Stock,$3.18,-0.03,-0.935%,326194679.00,United States,2022,67937,Health Care,Medical/Nursing Services
SBCF,Seacoast Banking Corporation of Florida Common Stock,$31.09,0.05,0.161%,3023402141.00,United States,,639862,Finance,Major Banks
SBCWW,SBC Medical Group Holdings Incorporated Warrants,$0.2025,-0.0075,-3.571%,20771831.00,United States,2022,8200,Health Care,Medical/Nursing Services
SBET,Sharplink Inc. Common Stock,$7.44,-0.01,-0.134%,1466882475.00,United States,,6079617,Technology,Computer Software: Prepackaged Software
SBEV,Splash Beverage Group Inc. (NV) Common Stock,$0.2501,0.014,5.93%,2489380.00,,2021,1013077,Consumer Staples,Beverages (Production/Distribution)
SBFG,SB Financial Group Inc. Common Stock,$22.28,-0.52,-2.281%,140418697.00,United States,,6239,Finance,Major Banks
SBFM,Sunshine Biopharma Inc. Common Stock,$1.05,-0.0299,-2.769%,5151242.00,Canada,,28134,Health Care,Biotechnology: Pharmaceutical Preparations
SBGI,Sinclair Inc. Class A Common Stock,$14.28,0.10,0.705%,1030524497.00,United States,1995,324919,Industrials,Broadcasting
SBH,Sally Beauty Holdings Inc. (Name to be changed from Sally Holdings Inc.) Common Stock,$14.03,0.17,1.227%,1361033660.00,United States,,1484852,Consumer Discretionary,Other Specialty Stores
SBI,Western Asset Intermediate Muni Fund Inc Common Stock,$7.78,0.00,0.00%,0.00,United States,1992,19091,Finance,Finance/Investors Services
SBLK,Star Bulk Carriers Corp. Common Shares,$26.83,0.02,0.075%,2992353925.00,Greece,,1004024,Consumer Discretionary,Marine Transportation
SBMT,Silver Bow Mining Corp. Common Shares,$10.48,0.12,1.158%,309353880.00,,2026,225802,Basic Materials,Precious Metals
SBR,Sabine Royalty Trust Common Stock,$75.99,0.60,0.796%,1107884427.00,United States,,44177,Energy,Oil & Gas Production
SBRA,Sabra Health Care REIT Inc. Common Stock,$20.75,0.17,0.826%,5232944471.00,United States,,1589639,Real Estate,Real Estate Investment Trusts
SBS,Companhia de saneamento Basico Do Estado De Sao Paulo - Sabesp American Depositary Shares (Each repstg 250 Common Shares),$6.35,-0.02,-0.314%,22380791059.00,Brazil,2002,3223229,Utilities,Water Supply
SBSI,Southside Bancshares Inc. Common Stock,$33.37,-0.28,-0.832%,992814596.00,United States,,58802,Finance,Major Banks
SBSW,D/B/A Sibanye-Stillwater Limited ADS,$13.32,0.13,0.986%,9425788989.00,South Africa,,4345364,Basic Materials,Precious Metals
SBUX,Starbucks Corporation Common Stock,$104.93,0.67,0.643%,119588721000.00,United States,1992,4538283,Consumer Discretionary,Restaurants
SBXD,SilverBox Corp IV Class A Ordinary Shares,$10.79,0.04,0.372%,0.00,,2024,101,,
SCAG,Scage Future American Depositary Shares,$0.81,-0.0242,-2.901%,58813829.00,China,,15122,Consumer Discretionary,Construction/Ag Equipment/Trucks
SCAGW,Scage Future Warrants,$0.0415,-0.0038,-8.389%,3013301.00,China,,3483,Consumer Discretionary,Construction/Ag Equipment/Trucks
SCCD,Sachem Capital Corp. 6.00% Notes due 2026,$24.66,-0.14,-0.565%,1167460822.00,United States,,11226,Real Estate,Real Estate Investment Trusts
SCCE,Sachem Capital Corp. 6.00% Notes due 2027,$23.90,-0.03,-0.125%,1131480683.00,United States,2022,8905,Real Estate,Real Estate Investment Trusts
SCCF,Sachem Capital Corp. 7.125% Notes due 2027,$23.9699,-0.0281,-0.117%,1134789909.00,United States,2022,443,Real Estate,Real Estate Investment Trusts
SCCG,Sachem Capital Corp. 8.00% Notes due 2027,$23.795,-0.075,-0.314%,1126509743.00,United States,2022,4888,Real Estate,Real Estate Investment Trusts
SCCO,Southern Copper Corporation Common Stock,$185.29,5.75,3.203%,153061591447.00,United States,,1082600,Basic Materials,Metal Mining
SCD,LMP Capital and Income Fund Inc. Common Stock,$15.22,0.06,0.396%,0.00,United States,2004,63542,Finance,Trusts Except Educational Religious and Charitable
SCE^G,SCE Trust II Trust Preferred Securities,$18.73,0.03,0.16%,,United States,,3469,,
SCE^L,SCE TRUST VI,$18.00,0.02,0.111%,,United States,,14645,,
SCE^M,SCE Trust VII 7.50% Trust Preference Securities,$24.81,-0.09,-0.361%,,United States,,48639,,
SCE^N,SCE Trust VIII 6.95% Trust Preference Securities,$23.92,0.01,0.042%,,United States,,23926,,
SCHL,Scholastic Corporation Common Stock,$40.10,0.11,0.275%,871869278.00,United States,1992,222983,Consumer Discretionary,Books
SCHW,Charles Schwab Corporation (The) Common Stock,$88.61,-0.89,-0.994%,154012991467.00,United States,,9950307,Finance,Investment Bankers/Brokers/Service
SCHW^D,The Charles Schwab Corporation Depositary Shares each representing 1/40th interest in a share of 5.95% Non-Cumulative Perpetual Preferred Stock Series D,$25.00,0.03,0.12%,,United States,,40246,,
SCHW^J,The Charles Schwab Corporation Depositary Shares Each Representing a 1/40th Interest in a Share of 4.450% Non-Cumulative Perpetual Preferred Stock Series J,$18.31,0.01,0.055%,,United States,,63180,,
SCI,Service Corporation International Common Stock,$77.72,-0.76,-0.968%,10723105965.00,United States,,1092622,Consumer Discretionary,Other Consumer Services
SCII,SC II Acquisition Corp. Class A ordinary share,$10.00,0.00,0.00%,0.00,United States,2026,104,,
SCKT,Socket Mobile Inc. Common Stock,$0.8501,-0.0199,-2.287%,6990337.00,United States,,5545,Technology,Computer Manufacturing
SCL,Stepan Company Common Stock,$52.93,1.03,1.985%,1202216186.00,United States,,103435,Consumer Discretionary,Package Goods/Cosmetics
SCLX,Scilex Holding Company Common Stock,$7.82,-0.22,-2.736%,66401708.00,United States,2021,112666,Health Care,Biotechnology: Biological Products (No Diagnostic Substances)
SCLXW,Scilex Holding Company Warrant,$0.1506,-0.0294,-16.333%,1278785.00,United States,2021,6910,Health Care,Biotechnology: Biological Products (No Diagnostic Substances)
SCM,Stellus Capital Investment Corporation Common Stock,$9.75,0.05,0.515%,282235736.00,United States,2012,92805,Finance,Finance/Investors Services
SCNI,Scinai Immunotherapeutics Ltd. American Depositary Shares,$0.5678,0.0244,4.49%,2007451.00,Israel,2015,201453,Health Care,Biotechnology: Biological Products (No Diagnostic Substances)
SCNX,Scienture Holdings Inc. Common Stock,$0.40,-0.0249,-5.86%,16252326.00,United States,,435366,Health Care,Other Pharmaceuticals
SCOR,comScore Inc. Common Stock,$7.36,0.38,5.444%,110813875.00,United States,2018,10588,Real Estate,Real Estate
SCPQU,Social Commerce Partners Corporation Unit,$10.03,0.00,0.00%,0.00,United States,2025,963,,
SCPQW,Social Commerce Partners Corporation Warrant,$0.2699,0.0498,22.626%,0.00,United States,2026,100,,
SCSC,ScanSource Inc. Common Stock,$45.90,2.61,6.029%,985949672.00,United States,,395908,Technology,Retail: Computer Software & Peripheral Equipment
SCVL,Shoe Carnival Inc. Common Stock,$17.94,0.14,0.787%,493066207.00,United States,1993,196824,Consumer Discretionary,Clothing/Shoe/Accessory Stores
SCWO,374Water Inc. Common Stock,$2.37,0.15,6.757%,41336042.00,United States,,86861,Consumer Discretionary,Metal Fabrications
SCYX,SCYNEXIS Inc. Common Stock,$0.9157,-0.0416,-4.346%,72745619.00,United States,2014,119451,Health Care,Biotechnology: Pharmaceutical Preparations
SCZM,Santacruz Silver Mining Ltd. Common Shares,$9.03,0.20,2.265%,834382068.00,Canada,,397938,,
SD,SandRidge Energy Inc. Common Stock,$14.42,-0.57,-3.803%,532361295.00,United States,2016,370323,Energy,Oil & Gas Production
SDA,SunCar Technology Group Inc. Class A Ordinary Shares,$1.06,-0.01,-0.935%,111986791.00,Hong Kong,2021,95445,Consumer Discretionary,Automotive Aftermarket
SDAWW,SunCar Technology Group Inc. Warrant,$0.11,-0.04,-26.667%,11621271.00,Hong Kong,2021,4295,Consumer Discretionary,Automotive Aftermarket
SDEV,Stablecoin Development Corporation Common Stock,$1.63,0.10,6.536%,43398797.00,United States,,111853,Health Care,Biotechnology: Pharmaceutical Preparations
SDGR,Schrodinger Inc. Common Stock,$13.13,-0.15,-1.13%,981083106.00,United States,2020,1777913,Health Care,Biotechnology: Pharmaceutical Preparations
SDHC,Smith Douglas Homes Corp. Class A Common Stock,$13.00,0.11,0.853%,660181002.00,United States,2024,75552,Consumer Discretionary,Homebuilding
SDHI,Siddhi Acquisition Corp Class A Common stock,$10.37,0.00,0.00%,0.00,United States,2025,30,Finance,Blank Checks
SDHIR,Siddhi Acquisition Corp Right,$0.21,0.03,16.667%,0.00,United States,2025,100,,
SDHY,PGIM Short Duration High Yield Opportunities Fund Common Shares,$16.08,0.04,0.249%,396742740.00,,2020,76313,Finance,Finance/Investors Services
SDOT,Sadot Group Inc. Common Stock,$0.334,-0.0051,-1.504%,613113.00,United States,2020,3521318,Consumer Discretionary,Restaurants
SDRL,Seadrill Limited Common Shares,$48.32,0.61,1.279%,3017557279.00,Bermuda,2022,668087,Energy,Oil & Gas Production
SDST,Stardust Power Inc. Common Stock,$2.40,0.02,0.84%,23919535.00,United States,2021,184212,Industrials,Major Chemicals
SDSTW,Stardust Power Inc. Warrant,$0.1369,-0.0188,-12.075%,1364410.00,United States,2021,7028,Industrials,Major Chemicals
SE,Sea Limited American Depositary Shares each representing one Class A Ordinary Share,$86.73,-1.91,-2.155%,53120782593.00,United States,2017,4002042,Consumer Discretionary,Other Consumer Services
SEAL^A,Seapeak LLC 9.00% Series A Cumulative Redeemable Perpetual Preferred Units,$25.655,-0.045,-0.175%,,Bermuda,,5339,,
SEAL^B,Seapeak LLC 8.50% Series B Fixed-to-Floating Rate Cumulative Redeemable Perpetual Preferred Units,$25.58,-0.12,-0.467%,,Bermuda,,7132,,
SEAT,Vivid Seats Inc. Class A Common Stock,$9.01,0.04,0.446%,98996573.00,United States,,149259,Consumer Discretionary,Services-Misc. Amusement & Recreation
SEB,Seaboard Corporation Common Stock,$4540.14,12.95,0.286%,4348518851.00,United States,1996,6993,Industrials,Farming/Seeds/Milling
SEDG,SolarEdge Technologies Inc. Common Stock,$41.30,2.69,6.967%,2511780468.00,Israel,2015,3826264,Technology,Semiconductors
SEED,Origin Agritech Limited Common Stock,$1.13,-0.01,-0.877%,13474514.00,China,,16370,Consumer Staples,Farming/Seeds/Milling
SEER,Seer Inc. Class A Common Stock,$1.87,-0.01,-0.532%,113036531.00,United States,2020,213541,Industrials,Biotechnology: Laboratory Analytical Instruments
SEG,Seaport Entertainment Group Inc. Common Stock,$22.22,-0.02,-0.09%,284458440.00,United States,2024,47263,Consumer Discretionary,Services-Misc. Amusement & Recreation
SEGG,Sports Entertainment Gaming Global Corporation Common Stock,$1.43,0.04,2.878%,18080129.00,United States,2023,1703671,Technology,Computer Software: Prepackaged Software
SEI,Solaris Energy Infrastructure Inc. Class A Common Stock,$72.96,-0.11,-0.151%,5365623517.00,United States,2017,1660001,Consumer Discretionary,Oil and Gas Field Machinery
SEIC,SEI Investments Company Common Stock,$91.18,1.29,1.435%,10966489952.00,United States,1981,481427,Finance,Investment Bankers/Brokers/Service
SELF,Global Self Storage Inc. Common Stock,$5.29,-0.12,-2.218%,60473862.00,United States,,17493,Real Estate,Real Estate Investment Trusts
SELX,Semilux International Ltd. Ordinary Shares,$0.24,-0.125,-34.247%,8982805.00,Taiwan,,898718,Technology,Semiconductors
SEM,Select Medical Holdings Corporation Common Stock,$16.41,-0.03,-0.182%,2035115688.00,United States,2009,2018269,Health Care,Hospital/Nursing Management
SENEA,Seneca Foods Corp. Class A Common Stock,$138.40,-1.68,-1.199%,936528442.00,United States,,73466,Consumer Staples,Packaged Foods
SENEB,Seneca Foods Corp. Class B Common Stock,$138.51,0.96,0.698%,937272792.00,United States,,390,Consumer Staples,Packaged Foods
SENS,Senseonics Holdings Inc. Common Stock,$5.03,-0.33,-6.157%,210231194.00,United States,,4738686,Health Care,Medical/Dental Instruments
SEPN,Septerna Inc. Common Stock,$23.87,-0.11,-0.459%,1072937141.00,United States,2024,208376,Health Care,Biotechnology: Pharmaceutical Preparations
SER,Serina Therapeutics Inc. Common Stock,$1.75,-0.06,-3.315%,26072580.00,,2018,39749,Health Care,Biotechnology: Pharmaceutical Preparations
SERA,Sera Prognostics Inc. Class A Common Stock,$1.88,-0.04,-2.083%,73618403.00,United States,2021,21697,Health Care,Medical Specialities
SERV,Serve Robotics Inc. Common Stock,$8.77,-0.32,-3.52%,678138101.00,United States,,5547586,Consumer Discretionary,Industrial Specialties
SES,SES AI Corporation Class A Common Stock,$0.9292,0.0082,0.89%,343138102.00,United States,2021,7804934,Miscellaneous,Industrial Machinery/Components
SEV,Aptera Motors Corp. Class B Common Stock,$2.56,-0.03,-1.158%,93688604.00,United States,,136218,Industrials,Auto Manufacturing
SEVN,Seven Hills Realty Trust Common Stock,$8.40,-0.02,-0.238%,189807047.00,United States,,35219,Real Estate,Real Estate Investment Trusts
SEZL,Sezzle Inc. Common Stock,$96.34,-3.48,-3.486%,3256453370.00,United States,,822479,Finance,Finance: Consumer Services
SF,Stifel Financial Corporation Common Stock,$76.50,0.34,0.446%,11735235329.00,United States,,1402738,Finance,Investment Bankers/Brokers/Service
SF^B,Stifel Financial Corporation Depositary Shares Each Representing 1/1000th  Interest in a Share of 6.25% Non-Cumulative  Preferred Stock Series B,$23.805,0.125,0.528%,,United States,,8430,,
SF^C,Stifel Financial Corporation Depositary Shares Each Representing 1/1000th Interest in a Share of 6.125% Non Cumulative Preferred Stock Series C,$23.20,0.09,0.389%,,United States,,6793,,
SF^D,Stifel Financial Corporation Depositary Shares Each Representing 1/1000th Interest in a Share of 4.50% Non-Cumulative Preferred Stock Series D,$17.02,0.00,0.00%,,United States,,10224,,
SFB,Stifel Financial Corporation 5.20% Senior Notes due 2047,$20.29,-0.035,-0.172%,2073098408.00,United States,2017,4179,Finance,Investment Bankers/Brokers/Service
SFBC,Sound Financial Bancorp Inc. Common Stock,$42.16,-0.08,-0.189%,108268693.00,United States,,6356,Finance,Savings Institutions
SFBS,ServisFirst Bancshares Inc. Common Stock,$79.48,0.09,0.113%,4344601172.00,United States,,204964,Finance,Major Banks
SFD,Smithfield Foods Inc. Common Stock,$25.95,-0.13,-0.498%,10210734975.00,United States,2025,1167957,Consumer Staples,Meat/Poultry/Fish
SFHG,Samfine Creation Holdings Group Limited Class A Ordinary Share,$2.55,0.05,2.00%,10353000.00,Hong Kong,2024,7634,Consumer Discretionary,Publishing
SFIX,Stitch Fix Inc. Class A Common Stock,$3.57,-0.03,-0.833%,487385396.00,United States,2017,926107,Consumer Discretionary,Catalog/Specialty Distribution
SFL,SFL Corporation Ltd,$12.00,0.09,0.756%,1734995124.00,Bermuda,,980407,Consumer Discretionary,Marine Transportation
SFM,Sprouts Farmers Market Inc. Common Stock,$82.83,1.82,2.247%,7789689452.00,United States,2013,2917034,Consumer Staples,Food Chains
SFNC,Simmons First National Corporation Class A Common Stock,$21.27,-0.09,-0.421%,3085515725.00,United States,,819412,Finance,Major Banks
SFST,Southern First Bancshares Inc. Common Stock,$56.30,-0.55,-0.967%,532325790.00,United States,,57295,Finance,Major Banks
SFWL,Shengfeng Development Limited Class A Ordinary Shares,$0.8799,-0.0016,-0.182%,72589562.00,China,2023,2249,Industrials,Trucking Freight/Courier Services
SG,Sweetgreen Inc. Class A Common Stock,$7.00,0.13,1.892%,831752201.00,United States,2021,9353878,Consumer Discretionary,Restaurants
SGA,Saga Communications Inc. Class A Common Stock (FL),$10.86,-0.12,-1.093%,69112692.00,United States,,9394,Consumer Discretionary,Broadcasting
SGC,Superior Group of Companies Inc. Common Stock,$11.57,-0.43,-3.583%,180885947.00,United States,,35818,Consumer Discretionary,Apparel
SGHC,Super Group (SGHC) Limited Ordinary Shares,$13.08,0.11,0.848%,6645644387.00,,2022,2935079,Consumer Discretionary,Services-Misc. Amusement & Recreation
SGHT,Sight Sciences Inc. Common Stock,$5.38,0.09,1.701%,292725488.00,United States,2021,356053,Health Care,Medical/Dental Instruments
SGI,Somnigroup International Inc. Common Stock,$69.31,-1.36,-1.924%,14578708649.00,United States,,2794780,Consumer Discretionary,Home Furnishings
SGLY,Singularity Future Technology Ltd. Common Stock,$0.458,0.0133,2.991%,3340419.00,United States,2008,112461,Industrials,Integrated Freight & Logistics
SGML,Sigma Lithium Corporation Common Shares,$21.71,-1.94,-8.203%,2418558674.00,Canada,,4519326,Basic Materials,Metal Mining
SGMT,Sagimet Biosciences Inc. Series A Common Stock,$7.71,0.07,0.916%,246366150.00,United States,2023,962369,Health Care,Biotechnology: Pharmaceutical Preparations
SGP,SpyGlass Pharma Inc. Common Stock,$23.41,-1.98,-7.798%,782515699.00,United States,2026,31489,Health Care,Medical/Dental Instruments
SGRP,SPAR Group Inc. Common Stock,$0.6673,-0.0154,-2.256%,16769243.00,United States,,26075,Real Estate,Real Estate
SGRY,Surgery Partners Inc. Common Stock,$14.44,0.13,0.908%,1888724593.00,United States,2015,1262459,Health Care,Hospital/Nursing Management
SGU,Star Group L.P. Common Stock,$12.94,-0.51,-3.792%,424871093.00,United States,,71037,Consumer Discretionary,Other Specialty Stores
SHAK,Shake Shack Inc. Class A Common Stock,$70.14,0.90,1.30%,3000655412.00,United States,2015,4996382,Consumer Discretionary,Restaurants
SHAZ,SharonAI Holdings Inc. Class A Common Stock,$52.75,-0.95,-1.769%,851130270.00,United States,,215035,Technology,EDP Services
SHBI,Shore Bancshares Inc Common Stock,$19.72,-0.04,-0.202%,659750959.00,United States,,125668,Finance,Major Banks
SHC,Sotera Health Company Common Stock,$15.78,0.11,0.702%,4499935165.00,United States,2020,2427905,Health Care,Misc Health and Biotechnology Services
SHEL,Shell PLC American Depositary Shares (each representing two (2) Ordinary Shares) ,$83.97,-0.27,-0.321%,243992991329.00,Netherlands,2022,5726873,Energy,Oil & Gas Production
SHEN,Shenandoah Telecommunications Co Common Stock,$16.16,-0.07,-0.431%,894003536.00,United States,,264921,Telecommunications,Telecommunications Equipment
SHFS,SHF Holdings Inc. Class A Common Stock,$0.4594,-0.0055,-1.183%,2364265.00,United States,2021,277881,Finance,Finance: Consumer Services
SHFSW,SHF Holdings Inc. Warrants,$0.027,-0.001,-3.571%,138953.00,United States,2021,4527,Finance,Finance: Consumer Services
SHG,Shinhan Financial Group Co Ltd American Depositary Shares,$68.54,0.77,1.136%,32704368127.00,South Korea,,207003,Finance,Major Banks
SHIM,Shimmick Corporation Common Stock,$5.76,0.09,1.587%,209093345.00,United States,2023,183282,Industrials,Military/Government/Technical
SHIP,Seanergy Maritime Holdings Corp. Common Stock,$16.61,0.40,2.468%,359908769.00,Greece,,214685,Consumer Discretionary,Marine Transportation
SHLS,Shoals Technologies Group Inc. Class A Common Stock,$8.84,1.00,12.755%,1483102862.00,United States,2021,8526215,Technology,Semiconductors
SHMD,SCHMID Group N.V. Class A Ordinary Shares,$6.00,0.33,5.82%,333617796.00,Germany,,2049091,Technology,Industrial Machinery/Components
SHMDW,SCHMID Group N.V. Warrants,$1.83,0.29,18.831%,101753428.00,Germany,,156052,Technology,Industrial Machinery/Components
SHO,Sunstone Hotel Investors Inc. Sunstone Hotel Investors Inc. Common Shares,$10.49,0.14,1.353%,1954195422.00,United States,2004,1472585,Consumer Discretionary,Hotels/Resorts
SHO^H,Sunstone Hotel Investors Inc. 6.125% Series H Cumulative Redeemable Preferred Stock,$21.67,0.27,1.262%,,United States,,8631,,
SHO^I,Sunstone Hotel Investors Inc. 5.70% Series I Cumulative Redeemable Preferred Stock,$20.71,0.165,0.803%,,United States,,252376,,
SHOO,Steven Madden Ltd. Common Stock,$40.61,0.97,2.447%,2966168207.00,United States,1993,1227916,Consumer Discretionary,Shoe Manufacturing
SHOP,Shopify Inc. Class A Subordinate Voting Shares,$110.41,-1.33,-1.19%,143986936693.00,Canada,,14495298,Technology,Computer Software: Prepackaged Software
SHPH,Shuttle Pharmaceuticals Holdings Inc. Common Stock,$0.6892,-0.0167,-2.366%,3853517.00,United States,2022,394631,Health Care,Biotechnology: Pharmaceutical Preparations
SHW,Sherwin-Williams Company (The) Common Stock,$316.82,-3.39,-1.059%,78139097445.00,United States,,1249731,Consumer Discretionary,RETAIL: Building Materials
SI,Shoulder Innovations Inc. Common Stock,$13.20,0.43,3.367%,273608927.00,United States,2025,71201,Health Care,Medical/Dental Instruments
SIBN,SI-BONE Inc. Common Stock,$12.27,-0.68,-5.251%,542352074.00,United States,2018,725851,Health Care,Medical/Dental Instruments
SID,Companhia Siderurgica Nacional S.A. Common Stock,$1.38,0.04,2.985%,1830009647.00,Brazil,,2514868,Industrials,Steel/Iron Ore
SIDU,Sidus Space Inc. Class A Common Stock,$3.41,0.46,15.593%,275749152.00,United States,2021,22941187,Telecommunications,Telecommunications Equipment
SIEB,Siebert Financial Corp. Common Stock,$1.77,-0.02,-1.117%,72465457.00,United States,,17366,Finance,Investment Bankers/Brokers/Service
SIF,SIFCO Industries Inc. Common Stock,$19.86,4.31,27.717%,123432442.00,United States,1969,342180,Industrials,Aerospace
SIFY,Sify Technologies Limited American Depositary Shares,$16.34,0.46,2.897%,1182205536.00,India,,84349,Technology,Computer Software: Programming Data Processing
SIG,Signet Jewelers Limited Common Shares,$87.30,-0.69,-0.784%,3497916670.00,Bermuda,,486519,Consumer Discretionary,Consumer Specialties
SIGA,SIGA Technologies Inc. Common Stock,$4.80,0.07,1.48%,344275666.00,United States,,1079807,Health Care,Biotechnology: Pharmaceutical Preparations
SIGI,Selective Insurance Group Inc. Common Stock,$84.78,0.09,0.106%,5075737906.00,United States,,400132,Finance,Property-Casualty Insurers
SIGIP,Selective Insurance Group Inc. Depositary Shares each representing a 1/1000th interest in a share of 4.60% Non-Cumulative Preferred Stock Series B,$16.81,0.07,0.418%,1006406631.00,United States,,1520,Finance,Property-Casualty Insurers
SII,Sprott Inc. Common Shares,$140.81,-1.55,-1.089%,3630962989.00,,2020,124016,Finance,Finance: Consumer Services
SILA,Sila Realty Trust Inc. Common Stock,$30.58,0.00,0.00%,1689434606.00,United States,2024,270681,Real Estate,Real Estate Investment Trusts
SILC,Silicom Ltd Ordinary Shares,$44.87,0.62,1.401%,256034592.00,Israel,,115618,Telecommunications,Computer Communications Equipment
SILO,Silo Pharma Inc. Common Stock,$0.405,-0.015,-3.571%,6587970.00,United States,,379288,Consumer Discretionary,Apparel
SIM,Grupo Simec S.A.B. de C.V. American Depositary Shares,$30.015,0.00,0.00%,4612353724.00,Mexico,1998,211,Industrials,Steel/Iron Ore
SIMA,SIM Acquisition Corp. I Class A Ordinary Shares,$10.90,0.04,0.368%,0.00,United States,2024,3463,Miscellaneous,Industrial Machinery/Components
SIMAW,SIM Acquisition Corp. I Warrant,$0.1471,-0.0729,-33.136%,0.00,United States,2024,50140,Finance,Blank Checks
SIMO,Silicon Motion Technology Corporation American Depositary Shares,$253.59,10.88,4.483%,8598687878.00,Taiwan,2005,1006513,Technology,Semiconductors
SINT,SiNtx Technologies Inc. Common Stock,$2.35,-0.04,-1.674%,9686058.00,United States,2014,7635,Health Care,Medical/Dental Instruments
SION,Sionna Therapeutics Inc. Common Stock,$44.23,0.92,2.124%,1996645256.00,United States,2025,405353,Health Care,Biotechnology: Pharmaceutical Preparations
SIRI,SiriusXM Holdings Inc. Common Stock,$27.10,0.35,1.308%,9122400266.00,United States,,2822132,Consumer Discretionary,Broadcasting
SITC,SITE Centers Corp. Common Stock,$5.55,-0.05,-0.893%,291235551.00,United States,,603665,Real Estate,Real Estate Investment Trusts
SITE,SiteOne Landscape Supply Inc. Common Stock,$121.00,-3.99,-3.192%,5361295709.00,United States,2016,820159,Consumer Discretionary,Professional and commerical equipment
SITM,SiTime Corporation Common Stock,$833.08,35.77,4.486%,21990669470.00,United States,2019,640641,Technology,Semiconductors
SJ,Scienjoy Holding Corporation Class A Ordinary Shares ,$1.10,0.00,0.00%,46709045.00,China,2019,9904,Technology,EDP Services
SJM,The J.M. Smucker Company Common Stock,$99.25,-0.19,-0.191%,10584845661.00,United States,,1704013,Consumer Staples,Packaged Foods
SJT,San Juan Basin Royalty Trust Common Stock,$4.14,-0.05,-1.193%,192960415.00,United States,,84615,Energy,Oil & Gas Production
SKBL,Skyline Builders Group Holding Limited Class A Ordinary Shares,$3.31,-0.04,-1.194%,460770569.00,Hong Kong,2025,346005,Consumer Discretionary,Engineering & Construction
SKE,Skeena Resources Limited Common Shares,$31.81,1.47,4.845%,3872558784.00,,2021,563194,Basic Materials,Precious Metals
SKIL,Skillsoft Corp. Class A Common Stock,$8.57,0.30,3.628%,75521522.00,United States,2019,82996,Technology,Computer Software: Prepackaged Software
SKIN,SkinHealth Systems Inc. Class A Common Stock,$0.58,-0.33,-36.264%,75158827.00,United States,2020,4791561,Health Care,Medical/Dental Instruments
SKK,SKK Holdings Limited Class A Ordinary Shares,$5.38,-0.17,-3.063%,13173893.00,Singapore,2024,432377,Industrials,Water Sewer Pipeline Comm & Power Line Construction
SKLZ,Skillz Inc. Class A Common Stock,$6.67,-0.25,-3.613%,105823038.00,United States,2020,418160,Technology,EDP Services
SKM,SK Telecom Co. Ltd. Common Stock,$37.87,1.57,4.325%,14526174600.00,South Korea,,2548008,Telecommunications,Telecommunications Equipment
SKT,Tanger Inc. Common Stock,$36.37,0.04,0.11%,4178034701.00,United States,1993,567989,Real Estate,Real Estate Investment Trusts
SKWD,Skyward Specialty Insurance Group Inc. Common Stock,$46.69,1.18,2.593%,2079715705.00,United States,2023,576566,Finance,Property-Casualty Insurers
SKY,Champion Homes Inc. Common Stock,$72.84,-0.44,-0.60%,4028199210.00,United States,,541896,Consumer Discretionary,Homebuilding
SKYE,Skye Bioscience Inc. Common Stock,$0.8627,-0.0356,-3.963%,30303964.00,United States,,106480,Health Care,Biotechnology: Pharmaceutical Preparations
SKYH,Sky Harbour Group Corporation Class A Common Stock,$9.93,-0.03,-0.301%,759544111.00,United States,2022,79205,Finance,Real Estate
SKYQ,Sky Quarry Inc. Common Stock,$3.91,-0.06,-1.511%,14691626.00,United States,2024,1543707,Industrials,Environmental Services
SKYT,SkyWater Technology Inc. Common Stock,$33.72,0.66,1.996%,1657589147.00,United States,2021,711512,Technology,Semiconductors
SKYW,SkyWest Inc. Common Stock,$88.23,0.56,0.639%,3499226593.00,United States,1986,242635,Consumer Discretionary,Air Freight/Delivery Services
SKYX,SKYX Platforms Corp. Common Stock,$1.36,-0.10,-6.849%,181262322.00,United States,2022,2665113,Consumer Discretionary,Building Products
SLAB,Silicon Laboratories Inc. Common Stock,$217.45,-0.19,-0.087%,7171897411.00,United States,2000,231997,Technology,Semiconductors
SLAI,SOLAI Limited American Depositary Shares (each representing one hundred (100) Class A Ordinary Shares),$0.77,-0.04,-4.938%,15233192.00,,2013,119587,Technology,EDP Services
SLB,SLB Limited Common Shares,$53.27,0.27,0.509%,79641721601.00,France,,10533478,Energy,Oilfield Services/Equipment
SLDB,Solid Biosciences Inc. Common Stock,$7.27,0.20,2.829%,715464524.00,United States,2018,924661,Health Care,Biotechnology: Biological Products (No Diagnostic Substances)
SLDE,Slide Insurance Holdings Inc. Common Stock,$18.46,-0.41,-2.173%,2114763681.00,United States,2025,860357,Finance,Property-Casualty Insurers
SLDP,Solid Power Inc. Class A Common Stock,$3.075,0.155,5.308%,691824853.00,United States,2021,7591361,Miscellaneous,Industrial Machinery/Components
SLDPW,Solid Power Inc. Warrant,$0.26,0.00,0.00%,58495760.00,United States,2021,22542,Miscellaneous,Industrial Machinery/Components
SLE,Super League Enterprise Inc. Common Stock,$4.23,0.04,0.955%,6177699.00,United States,2019,13751,Consumer Discretionary,Services-Misc. Amusement & Recreation
SLF,Sun Life Financial Inc. Common Stock,$70.06,0.55,0.791%,38814152812.00,Canada,,872066,Finance,Life Insurance
SLG,SL Green Realty Corp Common Stock,$45.75,0.47,1.038%,3253945097.00,United States,1997,1760890,Real Estate,Real Estate Investment Trusts
SLG^I,SL Green Realty Corporation Preferred Series I,$21.97,0.00,0.00%,,United States,,6006,,
SLGB,Smart Logistics Global Limited Ordinary Shares,$0.55,-0.038,-6.463%,23650000.00,Hong Kong,2025,78372,Industrials,Integrated Freight & Logistics
SLGL,Sol-Gel Technologies Ltd. Ordinary Shares,$70.86,1.32,1.898%,199108026.00,Israel,2018,11297,Health Care,Biotechnology: Pharmaceutical Preparations
SLGN,Silgan Holdings Inc. Common Stock,$40.26,0.00,0.00%,4254667057.00,United States,2022,696066,Industrials,Containers/Packaging
SLI,Standard Lithium Ltd. Common Shares,$3.93,0.02,0.512%,955069964.00,Canada,2021,1245166,Industrials,Major Chemicals
SLM,SLM Corporation Common Stock,$22.47,-0.19,-0.838%,4237684598.00,United States,,1885247,Finance,Finance: Consumer Services
SLMBP,SLM Corporation Floating Rate Non-Cumulative Preferred Stock Series B,$74.90,0.345,0.463%,14125615326.00,United States,,6474,Finance,Finance: Consumer Services
SLMT,Brera Holdings PLC Class B Ordinary Shares,$0.6454,-0.0146,-2.212%,52919421.00,Ireland,2023,740963,Consumer Discretionary,Services-Misc. Amusement & Recreation
SLN,Silence Therapeutics Plc American Depository Share,$6.97,0.02,0.288%,326196000.00,United Kingdom,,326801,Health Care,Biotechnology: Pharmaceutical Preparations
SLND,Southland Holdings Inc. Common Stock,$1.03,-0.07,-6.364%,55845448.00,United States,,55347,Industrials,Military/Government/Technical
SLNG,Stabilis Solutions Inc. Common Stock,$4.01,-0.15,-3.606%,74571167.00,United States,,10411,Utilities,Oil/Gas Transmission
SLNH,Soluna Holdings Inc. Common Stock,$1.83,0.31,20.395%,258665111.00,United States,,54168950,Technology,EDP Services
SLNHP,Soluna Holdings Inc 9.0% Series A Cumulative Perpetual Preferred Stock ,$9.5001,0.0002,0.002%,1342811157.00,United States,,14911,Technology,EDP Services
SLNO,Soleno Therapeutics Inc. Common Stock,$52.95,0.00,0.00%,2733511133.00,United States,2014,1209928,Health Care,Biotechnology: Electromedical & Electrotherapeutic Apparatus
SLP,Simulations Plus Inc. Common Stock,$16.68,0.62,3.861%,337027440.00,United States,,243747,Technology,EDP Services
SLQT,SelectQuote Inc. Common Stock,$1.12,-0.02,-1.754%,197509507.00,United States,2020,1520109,Finance,Specialty Insurers
SLRC,SLR Investment Corp. Common Stock,$13.49,-0.17,-1.245%,735942013.00,United States,2010,912967,Finance,Finance/Investors Services
SLS,SELLAS Life Sciences Group Inc. Common Stock,$5.01,0.08,1.623%,924508196.00,United States,,3405052,Health Care,Biotechnology: Pharmaceutical Preparations
SLSN,Solesence Inc. Common Stock,$1.35,0.05,3.846%,95353801.00,United States,,21830,Consumer Discretionary,Package Goods/Cosmetics
SLSR,Solaris Resources Inc. Common Shares,$10.19,0.10,0.991%,1702089992.00,,2024,122067,,
SLVM,Sylvamo Corporation Common Stock,$41.10,-2.60,-5.95%,1633123995.00,United States,2021,622425,Basic Materials,Paper
SLXN,Silexion Therapeutics Corp Ordinary Shares,$0.525,0.006,1.156%,2139223.00,Israel,,129548,Health Care,Biotechnology: Biological Products (No Diagnostic Substances)
SLXNW,Silexion Therapeutics Corp Warrant,$0.015,-0.0001,-0.662%,61121.00,Israel,,500,Health Care,Biotechnology: Biological Products (No Diagnostic Substances)
SM,SM Energy Company Common Stock,$29.44,0.34,1.168%,7058001212.00,United States,,4480965,Energy,Oil & Gas Production
SMA,SmartStop Self Storage REIT Inc. Common Stock,$32.56,-0.92,-2.748%,1798835059.00,United States,2025,774535,Real Estate,Real Estate Investment Trusts
SMBC,Southern Missouri Bancorp Inc. Common Stock,$69.22,-0.36,-0.517%,768915072.00,United States,,60734,Finance,Banks
SMBK,SmartFinancial Inc. Common Stock,$42.28,-0.04,-0.095%,722923438.00,United States,,56871,Finance,Major Banks
SMC,Summit Midstream Corporation Common Stock,$29.78,-0.66,-2.168%,605839525.00,United States,2012,33797,Utilities,Natural Gas Distribution
SMCI,Super Micro Computer Inc. Common Stock,$35.37,1.75,5.205%,21186256068.00,United States,2020,50364748,Technology,Computer Manufacturing
SMFG,Sumitomo Mitsui Financial Group Inc Unsponsored American Depositary Shares (Japan),$21.43,-0.05,-0.233%,138739443601.00,Japan,,1390685,Finance,Commercial Banks
SMG,Scotts Miracle-Gro Company (The) Common Stock,$61.08,-1.26,-2.021%,3553752712.00,United States,1992,824529,Industrials,Agricultural Chemicals
SMHI,SEACOR Marine Holdings Inc. Common Stock ,$7.44,-0.11,-1.457%,201343341.00,United States,2017,50207,Consumer Discretionary,Marine Transportation
SMID,Smith-Midland Corporation Common Stock,$34.80,-0.22,-0.628%,184668079.00,United States,,6991,Industrials,Building Materials
SMJF,SMJ International Holdings Inc. Class A Ordinary Shares,$3.39,-0.01,-0.294%,84750000.00,,2025,1898575,Consumer Discretionary,RETAIL: Building Materials
SMMT,Summit Therapeutics Inc. Common Stock ,$18.08,0.93,5.423%,14033020622.00,United States,2015,3872920,Health Care,Biotechnology: Pharmaceutical Preparations
SMP,Standard Motor Products Inc. Common Stock,$40.40,1.06,2.694%,899436472.00,United States,,81502,Consumer Discretionary,Auto Parts:O.E.M.
SMPL,The Simply Good Foods Company Common Stock,$12.26,-0.18,-1.447%,1109395434.00,United States,,1918148,Consumer Staples,Packaged Foods
SMR,NuScale Power Corporation Class A Common Stock,$12.55,-0.03,-0.238%,4306024112.00,United States,2022,37945795,Industrials,Metal Fabrications
SMRT,SmartRent Inc. Class A Common Stock,$1.12,-0.02,-1.754%,215978637.00,United States,,1132687,Technology,EDP Services
SMSI,Smith Micro Software Inc. Common Stock,$0.8474,0.0048,0.57%,21657348.00,United States,1995,65795,Technology,Computer Software: Prepackaged Software
SMTC,Semtech Corporation Common Stock,$121.81,0.31,0.255%,11342277367.00,United States,,1443206,Technology,Semiconductors
SMTI,Sanara MedTech Inc. Common Stock,$18.40,-0.68,-3.564%,168631529.00,United States,,17662,Health Care,Industrial Specialties
SMTK,SmartKem Inc. Common Stock,$0.3222,-0.0068,-2.067%,6909970.00,United States,,404425,Technology,Semiconductors
SMWB,Similarweb Ltd. Ordinary Shares,$3.43,0.15,4.573%,298294930.00,,2021,595158,Technology,Computer Software: Programming Data Processing
SMX,SMX (Security Matters) Public Limited Company Ordinary Shares,$1.11,-0.13,-10.484%,3401521.00,Ireland,,3719740,Technology,Industrial Machinery/Components
SMXT,Solarmax Technology Inc. Common Stock,$0.593,-0.0025,-0.42%,33745597.00,United States,2024,36924,Consumer Discretionary,Engineering & Construction
SMXWW,SMX (Security Matters) Public Limited Company Warrant,$0.0525,-0.0024,-4.372%,160883.00,Ireland,,19692,Technology,Industrial Machinery/Components
SN,SharkNinja Inc. Ordinary Shares,$111.67,-1.45,-1.282%,15803580723.00,United States,2023,1784017,Consumer Discretionary,Consumer Electronics/Appliances
SNA,Snap-On Incorporated Common Stock,$374.00,3.33,0.898%,19373916584.00,United States,,329713,Consumer Discretionary,Industrial Machinery/Components
SNAL,Snail Inc. Class A Common Stock,$0.4797,-0.0323,-6.309%,20445774.00,United States,2022,459578,Technology,Computer Software: Prepackaged Software
SNAP,Snap Inc. Class A Common Stock,$6.08,0.10,1.672%,10268828099.00,United States,2017,39960382,Technology,Computer Software: Programming Data Processing
SNBR,Sleep Number Corporation Common Stock,$2.85,-0.18,-5.941%,65672188.00,United States,,621501,Consumer Discretionary,Home Furnishings
SNCY,Sun Country Airlines Holdings Inc. Common Stock,$17.02,0.16,0.949%,922423715.00,United States,2021,344958,Consumer Discretionary,Air Freight/Delivery Services
SND,Smart Sand Inc. Common Stock,$4.81,-0.09,-1.837%,206761126.00,United States,2016,270580,Industrials,Mining & Quarrying of Nonmetallic Minerals (No Fuels)
SNDA,Sonida Senior Living Inc. Common Stock,$38.27,1.72,4.706%,1811827019.00,United States,,808943,Health Care,Hospital/Nursing Management
SNDK,Sandisk Corporation Common Stock,$1562.34,222.38,16.596%,231366552514.00,United States,,20416064,Technology,Electronic Components
SNDL,SNDL Inc. Common Shares,$1.435,-0.015,-1.034%,373530500.00,Canada,2019,2492978,Health Care, Medicinal Chemicals and Botanical Products 
SNDR,Schneider National Inc. Common Stock,$30.75,0.10,0.326%,5385072471.00,United States,2017,679325,Industrials,Trucking Freight/Courier Services
SNDX,Syndax Pharmaceuticals Inc. Common Stock,$21.49,0.95,4.625%,1903926923.00,United States,2016,2177583,Health Care,Biotechnology: Pharmaceutical Preparations
SNES,SenesTech Inc. Common Stock,$1.73,-0.24,-12.183%,9109737.00,United States,2016,514071,Industrials,Agricultural Chemicals
SNEX,StoneX Group Inc. Common Stock,$121.92,1.02,0.844%,9662342392.00,United States,,741107,Finance,Investment Bankers/Brokers/Service
SNFCA,Security National Financial Corporation Class A Common Stock,$9.87,-0.03,-0.303%,256817400.00,United States,,22122,Finance,Finance: Consumer Services
SNGX,Soligenix Inc. Common Stock,$0.293,-0.0152,-4.932%,3019681.00,United States,,1002725,Health Care,Biotechnology: Pharmaceutical Preparations
SNN,Smith & Nephew SNATS Inc. Common Stock,$29.95,-0.10,-0.333%,12724617200.00,United Kingdom,,1070823,Health Care,Industrial Specialties
SNOA,Sonoma Pharmaceuticals Inc. Common Stock,$1.20,0.02,1.695%,2187406.00,United States,2007,86150,Health Care,Biotechnology: Pharmaceutical Preparations
SNOW,Snowflake Inc. Common Stock,$152.45,-1.27,-0.826%,52701965000.00,United States,2020,7270755,Technology,Computer Software: Prepackaged Software
SNPS,Synopsys Inc. Common Stock,$516.48,11.29,2.235%,98937955705.00,United States,1992,1733169,Technology,Computer Software: Prepackaged Software
SNSE,Sensei Biotherapeutics Inc. Common Stock,$23.40,-0.36,-1.515%,31363792.00,United States,2021,16235,Health Care,Biotechnology: Pharmaceutical Preparations
SNT,Senstar Technologies Corporation Common Shares,$2.64,-0.06,-2.222%,61595564.00,Canada,,10120,Telecommunications,Telecommunications Equipment
SNTG,Sentage Holdings Inc. Class A Ordinary Shares,$2.1609,-0.0491,-2.222%,6062027.00,China,2021,3482,Finance,Finance: Consumer Services
SNTI,Senti Biosciences Holdings Inc. Common Stock,$0.9858,0.0007,0.071%,30702245.00,United States,2021,58325,Health Care,Biotechnology: Biological Products (No Diagnostic Substances)
SNWV,SANUWAVE Health Inc. Common Stock,$15.57,-1.08,-6.486%,133874114.00,United States,,96388,Health Care,Medical/Dental Instruments
SNX,TD SYNNEX Corporation Common Stock,$239.07,6.62,2.848%,19219098604.00,United States,2003,608581,Technology,Retail: Computer Software & Peripheral Equipment
SNY,Sanofi ADS,$43.31,0.13,0.301%,105626775056.00,France,,2515852,Health Care,Biotechnology: Pharmaceutical Preparations
SNYR,Synergy CHC Corp. Common Stock,$0.3905,-0.0051,-1.289%,5818404.00,United States,2024,3036412,Health Care,Other Pharmaceuticals
SO,Southern Company (The) Common Stock,$91.80,-0.63,-0.682%,103579759935.00,United States,,4466355,Utilities,Electric Utilities: Central
SOAR,Volato Group Inc. Class A Common Stock,$0.188,-0.02,-9.615%,3781667.00,,2022,4098511,Consumer Discretionary,Transportation Services
SOBO,South Bow Corporation Common Shares,$34.71,-0.40,-1.139%,7239086326.00,Canada,2024,986308,Energy,Natural Gas Distribution
SOBR,SOBR Safe Inc. Common Stock,$1.62,-0.18,-10.00%,4546658.00,United States,,3657975,Consumer Discretionary,Newspapers/Magazines
SOC,Sable Offshore Corp. Common Stock,$12.85,0.02,0.156%,1983563394.00,United States,2021,2184565,Energy,Oil & Gas Production
SOCA,Solarius Capital Acquisition Corp. Class A Ordinary Share,$10.20,0.00,0.00%,0.00,United States,2025,77,,
SOFI,SoFi Technologies Inc. Common Stock  ,$15.75,-0.25,-1.563%,20203078739.00,United States,,55314756,Finance,Finance: Consumer Services
SOGP,Sound Group Inc. American Depositary Shares,$15.10,-0.13,-0.854%,63029605.00,China,2020,11690,Technology,Computer Software: Programming Data Processing
SOHU,Sohu.com Limited American Depositary Shares,$15.69,-0.11,-0.696%,409022955.00,China,,43734,Technology,EDP Services
SOJC,Southern Company (The) Series 2017B 5.25% Junior Subordinated Notes due December 1 2077,$21.87,0.13,0.598%,24058036791.00,United States,2017,16194,Utilities,Electric Utilities: Central
SOJD,Southern Company (The) Series 2020A 4.95% Junior Subordinated Notes due January 30 2080,$20.16,0.13,0.649%,22176955725.00,United States,2020,66219,Utilities,Electric Utilities: Central
SOJE,Southern Company (The) Series 2020C 4.20% Junior Subordinated Notes due October 15 2060,$17.37,0.12,0.696%,19012606852.00,United States,2020,52165,Basic Materials,Metal Mining
SOJF,Southern Company (The) Series 2025A 6.50% Junior Subordinated Notes due March 15 2085,$25.57,0.07,0.275%,0.00,United States,2025,25787,Basic Materials,Metal Mining
SOLS,Solstice Advanced Materials Inc. Common Stock ,$78.25,0.49,0.63%,12426434362.00,United States,,2073658,Industrials,Aerospace
SOLV,Solventum Corporation Common Stock,$73.38,1.73,2.415%,12707560367.00,United States,2024,1681828,Health Care,Medical/Dental Instruments
SOMN,Southern Company (The) 2025 Series A Corporate Units,$50.51,0.11,0.218%,56991434361.00,United States,,76516,Basic Materials,Metal Mining
SON,Sonoco Products Company Common Stock,$51.56,-0.15,-0.29%,5097669605.00,United States,,1444224,Consumer Discretionary,Containers/Packaging
SONM,DNA X Inc. Common Stock,$5.09,0.06,1.193%,7575284.00,United States,2019,5832,Utilities,Telecommunications Equipment
SONO,Sonos Inc. Common Stock,$15.06,0.17,1.142%,1794077785.00,United States,2018,1587823,Consumer Staples,Consumer Electronics/Appliances
SONY,Sony Group Corporation American Depositary Shares ,$20.15,0.26,1.307%,121403796244.00,Japan,,13244789,Consumer Staples,Consumer Electronics/Appliances
SOPA,Society Pass Incorporated Common Stock,$0.374,-0.004,-1.058%,4857267.00,United States,2021,246392,Real Estate,Real Estate
SOPH,SOPHiA GENETICS SA Ordinary Shares,$5.15,-0.25,-4.63%,369093815.00,Switzerland,2021,205148,Health Care,Biotechnology: Biological Products (No Diagnostic Substances)
SOR,Source Capital Inc. Cmn Shs of BI,$46.50,0.05,0.108%,388018460.00,United States,,11750,Finance,Investment Managers
SORA,AsiaStrategy Ordinary Shares,$2.54,-0.19,-6.96%,63154560.00,Hong Kong,2025,695,Industrials,Other Specialty Stores
SORN,Soren Acquisition Corp. Class A Ordinary Shares,$9.90,0.00,0.00%,0.00,United States,2026,23,Finance,Blank Checks
SORNU,Soren Acquisition Corp. Unit,$9.97,0.00,0.00%,0.00,United States,2026,4,Finance,Blank Checks
SOS,SOS Limited Class A Ordinary Shares,$1.14,0.03,2.703%,7745016.00,China,,27191,Finance,Finance: Consumer Services
SOTK,Sono-Tek Corporation Common Stock,$4.82,-0.04,-0.823%,75724075.00,United States,,12596,Technology,Industrial Machinery/Components
SOUL,Soulpower Acquisition Corporation Class A Ordinary Shares,$10.32,0.00,0.00%,0.00,,2025,9051,Consumer Discretionary,Publishing
SOUN,SoundHound AI Inc Class A Common Stock,$8.88,-0.75,-7.788%,3784745288.00,United States,,49135656,Technology,Computer Software: Prepackaged Software
SOUNW,SoundHound AI Inc. Warrant,$2.90,-0.205,-6.602%,1236009160.00,United States,2021,78323,Technology,Computer Software: Prepackaged Software
SOWG,Sow Good Inc. Common Stock,$1.45,0.24,19.835%,29077465.00,United States,,344170,Consumer Staples,Packaged Foods
SPAI,Safe Pro Group Inc. Common Stock,$4.14,-0.16,-3.721%,86482886.00,United States,2024,229691,Health Care,Industrial Specialties
SPB,Spectrum Brands Holdings Inc. Common Stock,$81.47,2.84,3.612%,1890005258.00,United States,,402190,Miscellaneous,Industrial Machinery/Components
SPCB,SuperCom Ltd. Ordinary Shares (Israel),$11.42,0.67,6.233%,63136818.00,Israel,,68168,Technology,Semiconductors
SPCE,Virgin Galactic Holdings Inc. Common Stock,$2.94,0.43,17.131%,239341622.00,United States,2017,16230713,Consumer Discretionary,Transportation Services
SPE,Special Opportunities Fund Inc Common Stock,$14.50,0.08,0.555%,0.00,United States,,29545,Finance,Finance/Investors Services
SPE^C,Special Opportunities Fund Inc. 2.75% Convertible Preferred Stock Series C,$25.015,0.00,0.00%,,United States,,1503,,
SPEG,Silver Pegasus Acquisition Corp Class A Ordinary Shares,$10.21,0.00,0.00%,0.00,United States,2025,24232,,
SPEGR,Silver Pegasus Acquisition Corp Rights.,$0.245,0.00,0.00%,0.00,United States,2025,80,,
SPEGU,Silver Pegasus Acquisition Corp Unit,$10.35,0.00,0.00%,0.00,United States,2025,2,,
SPFI,South Plains Financial Inc. Common Stock,$40.63,-0.47,-1.144%,777891985.00,United States,2019,127611,Finance,Major Banks
SPG,Simon Property Group Inc. Common Stock,$202.12,0.72,0.357%,65658315354.00,United States,,1081634,Real Estate,Real Estate Investment Trusts
SPG^J,Simon Property Group Inc. Simon Property Group 8 3/8% Series J Cumulative Redeemable Preferred Stock,$54.35,0.13,0.24%,,United States,,1809,,
SPGI,S&P Global Inc. Common Stock,$420.12,-8.56,-1.997%,124355520000.00,United States,,1974950,Finance,Finance: Consumer Services
SPH,Suburban Propane Partners L.P. Common Stock,$19.66,0.06,0.306%,1304076916.00,United States,1996,162044,Consumer Discretionary,Other Specialty Stores
SPHL,Springview Holdings Ltd Class A Ordinary Shares,$2.85,0.17,6.343%,34946643.00,Singapore,2024,13886,Consumer Discretionary,Homebuilding
SPHR,Sphere Entertainment Co. Class A Common Stock,$133.33,-3.40,-2.487%,4772174426.00,United States,2020,550307,Consumer Discretionary,Services-Misc. Amusement & Recreation
SPIR,Spire Global Inc. Class A Common Stock,$18.49,2.35,14.56%,647360509.00,United States,2020,1450199,Consumer Discretionary,Telecommunications Equipment
SPKL,Spark I Acquisition Corp. Class A Ordinary Share,$11.79,0.39,3.421%,0.00,United States,2023,189059,,
SPKLW,Spark I Acquisition Corp. Warrant,$0.41,0.2375,137.681%,0.00,United States,2023,487286,,
SPMA,Sound Point Meridian Capital Inc. 8.00% Series A Preferred Shares Due 2029,$25.16,0.03,0.119%,0.00,,,4109,,
SPMC,Sound Point Meridian Capital Inc. Common Stock,$11.19,0.16,1.451%,0.00,,2024,33307,,
SPME,Sound Point Meridian Capital Inc. 7.875% Series B Preferred Shares due 2030,$25.2101,0.1101,0.439%,0.00,,,598,,
SPNT,SiriusPoint Ltd. Common Shares,$23.45,-0.04,-0.17%,2743404830.00,Bermuda,2013,772634,Finance,Property-Casualty Insurers
SPOK,Spok Holdings Inc. Common Stock,$10.89,0.06,0.554%,227459539.00,United States,,113718,Telecommunications,Telecommunications Equipment
SPOT,Spotify Technology S.A. Ordinary Shares,$417.83,-9.60,-2.246%,86003004756.00,Luxembourg,2018,1803297,Consumer Discretionary,Broadcasting
SPPL,SIMPPLE LTD. Ordinary Shares,$2.74,0.06,2.239%,26814144.00,Singapore,2023,1333630,Consumer Discretionary,Diversified Commercial Services
SPRB,Spruce Biosciences Inc. Common Stock,$56.50,-0.07,-0.124%,77520430.00,United States,2020,25164,Health Care,Biotechnology: Pharmaceutical Preparations
SPRC,SciSparc Ltd. Ordinary Shares,$6.25,-0.47,-6.994%,3582769.00,Israel,,26701,Health Care,Biotechnology: Pharmaceutical Preparations
SPRO,Spero Therapeutics Inc. Common Stock,$2.56,0.05,1.992%,148227822.00,United States,2017,355481,Health Care,Biotechnology: Pharmaceutical Preparations
SPRU,Spruce Power Holding Corporation Class A Common Stock,$3.30,-0.18,-5.172%,59957248.00,United States,2019,35256,Consumer Discretionary,Auto Parts:O.E.M.
SPRY,ARS Pharmaceuticals Inc. Common Stock,$8.74,-0.26,-2.889%,867887751.00,United States,2020,1272307,Health Care,Biotechnology: Pharmaceutical Preparations
SPSC,SPS Commerce Inc. Common Stock,$56.47,-0.69,-1.207%,2073166282.00,United States,2010,433678,Technology,Computer Software: Prepackaged Software
SPT,Sprout Social Inc Class A Common Stock,$7.40,0.60,8.824%,440746198.00,United States,2019,4669891,Technology,Computer Software: Prepackaged Software
SPTX,Seaport Therapeutics Inc. Common Stock,$16.05,0.55,3.548%,813218463.00,United States,2026,304106,Health Care,Biotechnology: Pharmaceutical Preparations
SPWH,Sportsman's Warehouse Holdings Inc. Common Stock,$1.48,0.06,4.225%,57650958.00,United States,2014,411069,Consumer Discretionary,Other Specialty Stores
SPWR,SunPower Inc. Common Stock,$1.09,0.07,6.863%,138051518.00,United States,,1719837,Technology,Semiconductors
SPWRW,SunPower Inc. Warrants,$0.21,0.01,5.00%,26597081.00,United States,,23811,Technology,Semiconductors
SPXC,SPX Technologies Inc. Common Stock,$202.84,-2.43,-1.184%,10155151943.00,United States,,377231,Industrials,Industrial Machinery/Components
SPXX,Nuveen S&P 500 Dynamic Overwrite Fund,$17.80,0.10,0.565%,0.00,United States,,201585,Finance,Trusts Except Educational Religious and Charitable
SQFT,Presidio Property Trust Inc. Class A Common Stock,$3.60,0.08,2.273%,5190041.00,United States,2020,3782,Real Estate,Real Estate Investment Trusts
SQFTP,Presidio Property Trust Inc. 9.375% Series D Cumulative Redeemable Perpetual Preferred Stock $0.01 par value per share,$6.60,0.14,2.167%,9515075.00,United States,,6892,Real Estate,Real Estate Investment Trusts
SQFTW,Presidio Property Trust Inc. Series A Common Stock Purchase Warrants,$0.0188,0.0066,54.098%,27104.00,United States,,12373,Real Estate,Real Estate Investment Trusts
SQM,Sociedad Quimica y Minera S.A. Common Stock,$91.39,-0.21,-0.229%,26104439273.00,Chile,1993,989429,Industrials,Mining & Quarrying of Nonmetallic Minerals (No Fuels)
SQNS,Sequans Communications S.A. American Depositary Shares (each representing one hundred (100) Ordinary Shares),$3.46,0.12,3.593%,49590249.00,France,,127268,Technology,Semiconductors
SR,Spire Inc. Common Stock,$85.70,0.18,0.21%,5066309074.00,United States,,506067,Utilities,Oil/Gas Transmission
SRAD,Sportradar Group AG Class A Ordinary Shares,$13.04,-0.60,-4.399%,4065316027.00,Switzerland,2021,2748980,Technology,Computer Software: Programming Data Processing
SRBK,SR Bancorp Inc. Common stock,$18.39,-0.07,-0.379%,153289257.00,United States,2023,46897,Finance,Banks
SRCE,1st Source Corporation Common Stock,$73.795,0.135,0.183%,1776163811.00,United States,,73157,Finance,Major Banks
SRE,DBA Sempra Common Stock,$91.53,-0.04,-0.044%,59799528851.00,United States,,4296591,Utilities,Natural Gas Distribution
SREA,DBA Sempra 5.750% Junior Subordinated Notes due 2079,$21.62,0.15,0.699%,13688613818.00,United States,2019,43045,Utilities,Natural Gas Distribution
SRFM,Surf Air Mobility Inc. Common Stock,$1.35,-0.07,-4.93%,113826568.00,United States,2023,3704280,Consumer Discretionary,Transportation Services
SRG,Seritage Growth Properties Class A Common Stock,$2.70,0.02,0.746%,152076439.00,United States,2015,189885,Finance,Real Estate
SRG^A,Seritage Growth Properties 7.00% Series A Cumulative Redeemable Preferred Shares of Beneficial Interest,$20.31,0.01,0.049%,,United States,,5650,,
SRI,Stoneridge Inc. Common Stock,$7.64,0.01,0.131%,215717272.00,United States,1997,253932,Consumer Discretionary,Auto Parts:O.E.M.
SRJN,Spire Inc. 6.375% Junior Subordinated Notes due 2086,$24.92,0.06,0.241%,0.00,United States,,7566,Utilities,Oil/Gas Transmission
SRL,Scully Royalty Ltd.,$6.34,-0.37,-5.514%,96535065.00,Canada,,41228,Finance,Commercial Banks
SRPT,Sarepta Therapeutics Inc. Common Stock (DE),$19.955,-0.845,-4.063%,2106773510.00,United States,,4068978,Health Care,Biotechnology: Pharmaceutical Preparations
SRRK,Scholar Rock Holding Corporation Common Stock,$48.39,1.94,4.177%,5773018264.00,United States,2018,1049069,Health Care,Biotechnology: Biological Products (No Diagnostic Substances)
SRTA,Strata Critical Medical Inc. Class A Common Stock,$5.57,0.23,4.307%,481952995.00,United States,2019,823239,Consumer Discretionary,Transportation Services
SRTS,Sensus Healthcare Inc. Common Stock,$3.08,-1.03,-25.061%,50703142.00,United States,2016,665217,Health Care,Medical/Dental Instruments
SRV,NXG Cushing Midstream Energy Fund Common Shares of Beneficial Interest,$47.57,-0.35,-0.73%,0.00,United States,,35700,Finance,Finance Companies
SRXH,SRX Health Solutions Inc. Common Stock,$0.1155,0.0035,3.125%,34442988.00,,2021,27994710,Consumer Staples,Beverages (Production/Distribution)
SRZN,Surrozen Inc. Common Stock,$28.96,-1.79,-5.821%,336236344.00,United States,,69197,Health Care,Biotechnology: Biological Products (No Diagnostic Substances)
SSAC,SPACSphere Acquisition Corp. Class A Ordinary Shares,$9.94,0.005,0.05%,0.00,United States,2026,2100,Finance,Blank Checks
SSACR,SPACSphere Acquisition Corp. Rights,$0.17,0.00,0.00%,0.00,United States,2026,5800,Finance,Blank Checks
SSACU,SPACSphere Acquisition Corp. Unit,$10.07,0.00,0.00%,0.00,United States,2026,118,Finance,Blank Checks
SSACW,SPACSphere Acquisition Corp. Warrant,$0.07,0.0001,0.143%,0.00,United States,2026,27053,Finance,Blank Checks
SSB,SouthState Bank Corporation Common Stock,$96.28,-1.08,-1.109%,9403479180.00,United States,,723086,Finance,Major Banks
SSBI,Summit State Bank Common Stock,$13.69,0.06,0.44%,91355150.00,United States,2006,3418,Finance,Major Banks
SSD,Simpson Manufacturing Company Inc. Common Stock,$188.61,-4.00,-2.077%,7769603735.00,United States,,391575,Consumer Discretionary,Industrial Machinery/Components
SSEA,Starry Sea Acquisition Corp	Ordinary Shares,$10.20,0.01,0.098%,0.00,United States,2025,14011,,
SSEAR,Starry Sea Acquisition Corp Rights,$0.1801,-0.0001,-0.055%,0.00,United States,2025,11200,,
SSII,SS Innovations International Inc. Common Stock,$3.87,-0.06,-1.527%,774509040.00,India,,24629,Health Care,Medical/Dental Instruments
SSL,Sasol Ltd. American Depositary Shares,$12.96,0.12,0.935%,8415901348.00,South Africa,,1038068,Energy,Oil & Gas Production
SSM,Sono Group N.V. Ordinary Shares,$4.42,-0.43,-8.866%,,Germany,,21636,,
SSNC,SS&C Technologies Holdings Inc. Common Stock,$68.76,-1.34,-1.912%,16559748522.00,United States,2010,2280910,Technology,Computer Software: Prepackaged Software
SSP,E.W. Scripps Company (The) Class A Common Stock,$4.535,-0.145,-3.098%,403745794.00,United States,,966467,Industrials,Broadcasting
SSRM,SSR Mining Inc. Common Stock,$34.20,1.49,4.555%,7003562560.00,Canada,,2726931,Industrials,Precious Metals
SSSS,SuRo Capital Corp. Common Stock,$13.22,-0.23,-1.71%,344648150.00,United States,2011,561579,Finance,Finance: Consumer Services
SSSSL,SuRo Capital Corp. 6.00% Notes due 2026,$25.08,0.00,0.00%,599113724.00,United States,,14,Finance,Finance: Consumer Services
SST,System1 Inc. Class A Common Stock,$3.92,0.00,0.00%,38797573.00,United States,2020,520860,Technology,Computer Software: Programming Data Processing
SSTI,SoundThinking Inc. Common Stock,$7.00,-0.04,-0.568%,90677559.00,United States,2017,112801,Technology,Computer Software: Prepackaged Software
SSTK,Shutterstock Inc. Common Stock,$17.06,0.07,0.412%,626750519.00,United States,2012,136768,Technology,EDP Services
SSYS,Stratasys Ltd. Ordinary Shares (Israel),$8.52,0.32,3.902%,734190032.00,United States,1994,1718485,Technology,Computer peripheral equipment
ST,Sensata Technologies Holding plc Ordinary Shares,$44.93,0.59,1.331%,6534261827.00,Netherlands,2010,1316469,Industrials,Industrial Machinery/Components
STAA,STAAR Surgical Company Common Stock,$26.69,-0.59,-2.163%,1328849594.00,United States,,446024,Health Care,Ophthalmic Goods
STAG,Stag Industrial Inc. Common Stock,$38.95,0.28,0.724%,7447436892.00,United States,2011,973920,Real Estate,Real Estate Investment Trusts
STAK,STAK Inc. Class A Ordinary Shares,$1.08,0.01,0.935%,14267177.00,China,2025,19896,Consumer Discretionary,Oil and Gas Field Machinery
STBA,S&T Bancorp Inc. Common Stock,$44.52,-0.01,-0.022%,1631435934.00,United States,,262461,Finance,Major Banks
STC,Stewart Information Services Corporation Common Stock,$69.73,-0.09,-0.129%,2121680498.00,United States,,133182,Finance,Specialty Insurers
STE,STERIS plc (Ireland) Ordinary Shares,$207.45,-6.25,-2.925%,20345663936.00,United States,,885378,Health Care,Industrial Specialties
STEL,Stellar Bancorp Inc. Common Stock,$37.46,-0.06,-0.16%,1907489347.00,United States,,152465,Finance,Major Banks
STEM,Stem Inc. Class A Common Stock,$9.16,0.43,4.926%,78480599.00,United States,1992,276333,Miscellaneous,Industrial Machinery/Components
STEP,StepStone Group Inc. Class A Common Stock,$55.74,1.56,2.879%,6642071932.00,United States,2020,786152,Finance,Investment Managers
STEW,SRH Total Return Fund Inc. Common Stock,$17.62,0.08,0.456%,0.00,United States,,35052,Finance,Investment Managers
STEX,Streamex Corp. Common Stock,$0.9262,-0.046,-4.732%,90509835.00,United States,,737974,Health Care,Biotechnology: Electromedical & Electrotherapeutic Apparatus
STFS,Star Fashion Culture Holdings Limited Class A Ordinary Shares,$10.01,2.01,25.125%,11949438.00,China,2024,1632005,Consumer Discretionary,Advertising
STG,Sunlands Technology Group American Depositary Shares representing Class A ordinary shares,$3.2217,0.0317,0.994%,43148215.00,,2018,528,Real Estate,Other Consumer Services
STGW,Stagwell Inc. Class A Common Stock,$6.47,0.01,0.155%,1603681380.00,Canada,,1312392,Consumer Discretionary,Advertising
STHO,Star Holdings Shares of Beneficial Interest,$8.73,-0.105,-1.188%,105534962.00,United States,,16434,Real Estate,Real Estate
STI,Solidion Technology Inc. Common Stock,$5.21,-0.52,-9.075%,40355008.00,United States,2022,71377,Miscellaneous,Industrial Machinery/Components
STIM,Neuronetics Inc. Common Stock,$1.655,-0.185,-10.054%,115167875.00,United States,2018,2983397,Health Care,Medical/Dental Instruments
STK,Columbia Seligman Premium Technology Growth Fund Inc,$51.09,0.97,1.935%,0.00,United States,2009,37965,Finance,Investment Managers
STKE,Sol Strategies Inc. Common Shares,$1.83,0.29,18.831%,58446538.00,Canada,,510936,,
STKH,Steakholder Foods Ltd. American Depositary Shares,$1.80,0.06,3.448%,2485078.00,Israel,2021,2281,Consumer Staples,Packaged Foods
STKS,The ONE Group Hospitality Inc. Common Stock,$2.00,0.09,4.712%,63128602.00,United States,,26358,Consumer Discretionary,Restaurants
STLA,Stellantis N.V. Common Shares,$7.74,0.26,3.476%,22426519937.00,United Kingdom,2014,11751471,Industrials,Auto Manufacturing
STLD,Steel Dynamics Inc.,$235.10,2.18,0.936%,33904424813.00,United States,1996,896506,Industrials,Steel/Iron Ore
STM,STMicroelectronics N.V. Common Stock,$59.17,3.27,5.85%,52588411554.00,Switzerland,,11471353,Technology,Semiconductors
STN,Stantec Inc Common Stock,$87.41,-3.73,-4.093%,9970596033.00,Canada,,269928,Consumer Discretionary,Military/Government/Technical
STNE,StoneCo Ltd. Class A Common Shares,$10.77,-0.27,-2.446%,2619567994.00,Brazil,2018,4740855,Technology,EDP Services
STNG,Scorpio Tankers Inc. Common Shares,$84.41,-0.28,-0.331%,4369297104.00,Monaco,2010,2689466,Consumer Discretionary,Marine Transportation
STOK,Stoke Therapeutics Inc. Common Stock,$32.89,0.10,0.305%,2048095887.00,United States,2019,693172,Health Care,Biotechnology: Pharmaceutical Preparations
STRA,Strategic Education Inc. Common Stock,$80.18,1.09,1.378%,1813103044.00,United States,1996,209116,Real Estate,Other Consumer Services
STRC,Strategy Inc Variable Rate Series A Perpetual Stretch Preferred Stock,$99.99,0.03,0.03%,35041282721.00,United States,,2176550,Technology,Computer Software: Prepackaged Software
STRD,Strategy Inc 10.00% Series A Perpetual Stride Preferred Stock,$76.32,0.50,0.659%,26746181591.00,United States,,92160,Technology,Computer Software: Prepackaged Software
STRF,Strategy Inc 10.00% Series A Perpetual Strife Preferred Stock,$100.74,0.08,0.079%,35304118625.00,United States,,29027,Technology,Computer Software: Prepackaged Software
STRK,Strategy Inc 8.00% Series A Perpetual Strike Preferred Stock,$78.55,-0.45,-0.57%,27527680346.00,United States,,69413,Technology,Computer Software: Prepackaged Software
STRL,Sterling Infrastructure Inc. Common Stock,$844.80,33.39,4.115%,25923493939.00,United States,,719600,Industrials,Military/Government/Technical
STRO,Sutro Biopharma Inc. Common Stock,$40.24,0.41,1.029%,666691773.00,United States,2018,236938,Health Care,Biotechnology: Biological Products (No Diagnostic Substances)
STRR,Star Equity Holdings Inc. Common Stock,$9.46,0.2099,2.269%,35071190.00,United States,,1445,Consumer Discretionary,Professional Services
STRRP,Star Equity Holdings Inc. 10% Series A Cumulative Perpetual Preferred Stock,$10.23,0.06,0.59%,37925822.00,United States,,6076,,
STRS,Stratus Properties Inc. Common Stock,$29.83,0.03,0.101%,238118721.00,United States,,4722,Real Estate,Homebuilding
STRT,STRATTEC SECURITY CORPORATION Common Stock,$62.45,-12.11,-16.242%,261027136.00,United States,,232756,Consumer Discretionary,Auto Parts:O.E.M.
STRW,Strawberry Fields REIT Inc. Common Stock,$12.82,-0.13,-1.004%,171509896.00,United States,2023,24894,Real Estate,Real Estate Investment Trusts
STRZ,Starz Entertainment Corp. Common Shares,$19.79,-0.31,-1.542%,332255873.00,United States,,292278,Consumer Discretionary,Movies/Entertainment
STSS,Sharps Technology Inc. Common Stock,$2.00,0.13,6.952%,77329142.00,United States,2022,471018,Health Care,Medical/Dental Instruments
STSSW,Sharps Technology Inc. Warrant,$0.0322,0.00,0.00%,1244999.00,United States,2022,40436,Finance,Finance: Consumer Services
STT,State Street Corporation Common Stock,$149.49,0.71,0.477%,41373903763.00,United States,,1248201,Finance,Major Banks
STT^G,State Street Corporation Depositary shares each representing a 1/4000th ownership interest in a share of Fixed-to-Floating Rate Non-Cumulative,$22.26,0.04,0.18%,,United States,,27701,,
STTK,Shattuck Labs Inc. Common Stock,$6.85,0.59,9.425%,517735241.00,United States,2020,1574150,Health Care,Biotechnology: Pharmaceutical Preparations
STUB,StubHub Holdings Inc. Class A Common Stock,$7.71,0.04,0.522%,2882361650.00,United States,2025,2791128,Consumer Discretionary,Services-Misc. Amusement & Recreation
STVN,Stevanato Group S.p.A. Ordinary Shares,$18.23,0.20,1.109%,5520819431.00,,2021,655807,Health Care,Medical/Dental Instruments
STWD,STARWOOD PROPERTY TRUST INC. Starwood Property Trust Inc.,$17.75,-0.30,-1.662%,6579564373.00,United States,2009,5471487,Real Estate,Real Estate Investment Trusts
STX,Seagate Technology Holdings PLC Ordinary Shares (Ireland),$782.64,16.20,2.114%,175490578299.00,Ireland,2002,4857769,Technology,Electronic Components
STXS,Stereotaxis Inc. Common Stock,$1.90,0.00,0.00%,185207322.00,United States,,330282,Health Care,Biotechnology: Electromedical & Electrotherapeutic Apparatus
STZ,Constellation Brands Inc. Common Stock,$148.21,-2.04,-1.358%,25521534794.00,United States,,1504303,Consumer Staples,Beverages (Production/Distribution)
SU,Suncor Energy  Inc. Common Stock,$64.01,0.27,0.424%,75974169717.00,Canada,,2461165,Energy,Integrated oil Companies
SUGP,SU Group Holdings Limited Class A Ordinary Shares,$4.3212,0.00,0.00%,6329573.00,Hong Kong,2024,668,Consumer Discretionary,Diversified Commercial Services
SUI,Sun Communities Inc. Common Stock,$125.94,-0.13,-0.103%,15519681537.00,United States,1993,794033,Real Estate,Real Estate Investment Trusts
SUIG,Sui Group Holdings Limited Common Stock,$1.61,0.00,0.00%,123652624.00,United States,,326991,Finance,Finance Companies
SUJA,Suja Life Inc. Class A Common Stock,$17.80,-0.05,-0.28%,687525214.00,United States,2026,446144,Consumer Staples,Beverages (Production/Distribution)
SUMA,SUMA Acquisition Corporation Class A Ordinary Shares,$9.83,0.00,0.00%,0.00,Canada,2026,1762,,
SUMAU,SUMA Acquisition Corporation Units,$10.07,0.00,0.00%,0.00,Canada,2026,162,Finance,Blank Checks
SUN,Sunoco LP Common Units representing limited partner interests,$66.96,-0.92,-1.355%,13714930135.00,United States,2012,869021,Energy,Integrated oil Companies
SUNB,Sunbelt Rentals Holdings Inc. Common Stock,$73.21,-0.12,-0.164%,30257678578.00,,2026,1659956,Consumer Discretionary,Diversified Commercial Services
SUNC,SunocoCorp LLC Common Units representing limited liability company interests,$66.05,-0.69,-1.034%,3402710928.00,,2025,786873,Energy,Integrated oil Companies
SUNE,SUNation Energy Inc. Common Stock,$1.65,-0.01,-0.602%,5620916.00,United States,,190482,Utilities,Telecommunications Equipment
SUNS,Sunrise Realty Trust Inc. Common Stock,$7.63,-0.08,-1.038%,103154968.00,United States,,57098,Real Estate,Real Estate Investment Trusts
SUPN,Supernus Pharmaceuticals Inc. Common Stock,$51.53,-0.75,-1.435%,2990786823.00,United States,2012,854532,Health Care,Biotechnology: Pharmaceutical Preparations
SUPV,Grupo Supervielle S.A. American Depositary Shares each Representing five Class B shares,$7.97,-0.61,-7.11%,728015378.00,,2016,681683,Finance,Commercial Banks
SUPX,SuperX AI Technology Limited Ordinary Shares,$7.35,-0.11,-1.475%,317641532.00,Hong Kong,2024,193573,,
SURG,SurgePays Inc. Common Stock,$0.555,-0.0029,-0.52%,13942652.00,United States,,43044,Consumer Discretionary,Advertising
SUUN,PowerBank Corporation Common Stock,$0.6776,0.0376,5.875%,27400720.00,Canada,,338935,Utilities,Power Generation
SUZ,Suzano S.A. American Depositary Shares (each representing One Ordinary Share),$8.87,0.10,1.14%,11212723245.00,Brazil,2018,2659997,Basic Materials,Paper
SVAC,Spring Valley Acquisition Corp. III Class A Ordinary Shares,$10.45,0.00,0.00%,0.00,United States,2025,17685,Finance,Blank Checks
SVACU,Spring Valley Acquisition Corp. III Unit,$10.77,-0.32,-2.885%,0.00,United States,2025,1180,Finance,Blank Checks
SVACW,Spring Valley Acquisition Corp. III Warrant,$1.55,-0.12,-7.186%,0.00,United States,2025,75049,Finance,Blank Checks
SVAQ,Silicon Valley Acquisition Corp. Class A Ordinary Shares,$9.95,0.01,0.101%,0.00,United States,2026,1560,Finance,Blank Checks
SVAQU,Silicon Valley Acquisition Corp. Units,$10.03,0.00,0.00%,0.00,United States,2025,24,Finance,Blank Checks
SVAQW,Silicon Valley Acquisition Corp. Warrants,$0.30,0.02,7.143%,0.00,United States,2026,6865,Finance,Blank Checks
SVC,Service Properties Trust Common Stock,$1.64,0.10,6.494%,1061419416.00,United States,,11564381,Real Estate,Real Estate Investment Trusts
SVCC,Stellar V Capital Corp. Class A Ordinary Shares,$10.50,0.00,0.00%,0.00,United States,2025,19,,
SVCCW,Stellar V Capital Corp. Warrant,$0.231,0.00,0.00%,0.00,United States,2025,4,Finance,Blank Checks
SVCO,Silvaco Group Inc. Common Stock,$11.49,-0.57,-4.726%,361256010.00,United States,2024,533137,Technology,Computer Software: Prepackaged Software
SVIV,Spring Valley Acquisition Corp. IV Class A Ordinary Shares,$10.10,0.00,0.00%,0.00,United States,2026,119,Finance,Blank Checks
SVIVW,Spring Valley Acquisition Corp. IV Warrants,$0.95,0.05,5.556%,0.00,United States,2026,53198,Finance,Blank Checks
SVM,Silvercorp Metals Inc. Common Shares,$13.50,0.05,0.372%,2973735572.00,Canada,,3201996,Basic Materials,Precious Metals
SVRA,Savara Inc. Common Stock,$5.23,0.07,1.357%,1071742792.00,United States,,816138,Health Care,Biotechnology: Pharmaceutical Preparations
SVRE,SaverOne 2014 Ltd. American Depositary Shares,$5.39,-0.23,-4.093%,3414457.00,Israel,2022,32638,Technology,EDP Services
SVREW,SaverOne 2014 Ltd. Warrant,$0.0146,0.0031,26.957%,399548506.00,Israel,2022,6114,Technology,EDP Services
SVRN,OceanPal Inc. Common Stock,$8.27,0.05,0.608%,14183248.00,Greece,,3830,Consumer Discretionary,Marine Transportation
SVV,Savers Value Village Inc. Common Stock,$8.06,-0.15,-1.827%,1241128433.00,United States,2023,1212239,Consumer Discretionary,Other Specialty Stores
SW,Smurfit WestRock plc Ordinary Shares,$41.55,-0.08,-0.192%,21791482441.00,Ireland,2024,5216344,Consumer Discretionary,Containers/Packaging
SWAG,Stran & Company Inc. Common Stock,$1.58,-0.015,-0.94%,29530450.00,United States,2021,24315,Consumer Discretionary,Advertising
SWAGW,Stran & Company Inc. Warrant,$0.0201,-0.0005,-2.427%,375672.00,United States,2021,12400,Consumer Discretionary,Advertising
SWBI,Smith & Wesson Brands Inc. Common Stock,$14.54,-0.19,-1.29%,646939052.00,United States,,313910,Industrials,Ordnance And Accessories
SWIM,Latham Group Inc. Common Stock,$5.50,-0.25,-4.348%,645763740.00,United States,2021,1521312,Industrials,Plastic Products
SWK,Stanley Black & Decker Inc. Common Stock,$81.07,0.87,1.085%,12602782573.00,United States,,1465201,Consumer Discretionary,Industrial Machinery/Components
SWKHL,SWK Holdings Corporation 9.00% Senior Notes due 2027,$25.4264,0.0164,0.065%,308864423.00,United States,,641,,
SWKS,Skyworks Solutions Inc. Common Stock,$66.78,1.74,2.675%,10044110209.00,United States,,5142901,Technology,Semiconductors
SWMR,Swarmer Inc Common Stock,$27.14,-0.58,-2.092%,335140434.00,United States,2026,336458,Technology,Computer Software: Prepackaged Software
SWVL,Swvl Holdings Corp Class A Common Shares,$1.75,-0.09,-4.891%,17437602.00,United Arab Emirates,,17107,Real Estate,Real Estate
SWVLW,Swvl Holdings Corp Warrant,$0.0088,-0.0003,-3.297%,87686.00,United Arab Emirates,,660,Real Estate,Real Estate
SWX,Southwest Gas Holdings Inc. Common Stock (DE),$89.95,-0.81,-0.892%,6510119826.00,United States,,389934,Utilities,Oil & Gas Production
SWZ,Total Return Securities Fund Common Stock,$6.10,0.005,0.082%,0.00,United States,,18659,Finance,Finance Companies
SXC,SunCoke Energy Inc. Common Stock,$7.32,0.00,0.00%,621125409.00,United States,2011,1160415,Industrials,Steel/Iron Ore
SXI,Standex International Corporation Common Stock,$261.42,-7.12,-2.651%,3167082909.00,United States,,178059,Industrials,Industrial Machinery/Components
SXT,Sensient Technologies Corporation Common Stock,$118.20,0.35,0.297%,5031651072.00,United States,,358480,Industrials,Major Chemicals
SXTC,China SXT Pharmaceuticals Inc. Class A Ordinary Shares,$1.73,0.07,4.217%,5117473.00,China,2019,9681,Health Care,Biotechnology: Pharmaceutical Preparations
SXTP,60 Degrees Pharmaceuticals Inc. Common Stock,$1.54,-0.04,-2.532%,4060654.00,United States,2023,63403,Health Care,Biotechnology: Pharmaceutical Preparations
SXTPW,60 Degrees Pharmaceuticals Inc. Warrant,$0.0461,0.0001,0.217%,121556.00,United States,2023,122,Health Care,Biotechnology: Pharmaceutical Preparations
SY,So-Young International Inc. American Depository Shares,$2.97,-0.05,-1.656%,297897448.00,China,2019,233171,Technology,EDP Services
SYBT,Stock Yards Bancorp Inc. Common Stock,$71.99,-0.27,-0.374%,2124798384.00,United States,,92972,Finance,Major Banks
SYF,Synchrony Financial Common Stock,$73.14,-0.86,-1.162%,24602119500.00,United States,2014,4070543,Finance,Finance: Consumer Services
SYF^A,Synchrony Financial Depositary Shares each Representing a 1/40th Interest in a Share of 5.625% Fixed Rate Non-Cumulative Perpetual Preferred Stock Series A,$20.10,0.05,0.249%,,United States,,23121,,
SYF^B,Synchrony Financial Depositary Shares Each Representing a 1/40th Interest in a Share of 8.250% Fixed Rate Reset Non-Cumulative Perpetual Preferred Stock Series B,$26.03,-0.01,-0.038%,,United States,,26149,,
SYK,Stryker Corporation Common Stock,$285.47,-8.76,-2.977%,109330514704.00,United States,,2136124,Health Care,Medical/Dental Instruments
SYM,Symbotic Inc. Class A Common Stock,$52.29,-4.14,-7.337%,31515539356.00,United States,2021,2911246,Industrials,Industrial Machinery/Components
SYNA,Synaptics Incorporated Common Stock $0.001 Par Value,$125.43,19.63,18.554%,4857871414.00,United States,2002,2176344,Technology,Semiconductors
SYNX,Silynxcom Ltd. Ordinary Shares,$1.19,-0.01,-0.833%,7894984.00,,2024,11833,Consumer Staples,Consumer Electronics/Appliances
SYPR,Sypris Solutions Inc. Common Stock,$3.29,0.06,1.858%,75706618.00,United States,,120674,Industrials,Industrial Machinery/Components
SYRE,Spyre Therapeutics Inc. Common Stock,$75.045,1.945,2.661%,6517001831.00,United States,2016,840676,Health Care,Biotechnology: Pharmaceutical Preparations
SYY,Sysco Corporation Common Stock,$72.44,-0.44,-0.604%,34639548124.00,United States,,3654763,Consumer Discretionary,Food Distributors
SZZL,Sizzle Acquisition Corp. II Class A ordinary shares,$10.305,0.005,0.049%,0.00,United States,2025,18529,Finance,Blank Checks
SZZLR,Sizzle Acquisition Corp. II Right,$0.1777,0.0006,0.339%,0.00,United States,2025,1400,Finance,Blank Checks
T,AT&T Inc.,$25.16,-0.10,-0.396%,174820205089.00,United States,,35993628,Telecommunications,Telecommunications Equipment
T^A,AT&T Inc. Depositary Shares each representing a 1/1000th interest in a share of 5.000% Perpetual Preferred Stock Series A,$20.07,0.0693,0.346%,,United States,,90569,,
T^C,AT&T Inc. Depositary Shares each representing a 1/1000th interest in a share of 4.750% Perpetual Preferred Stock Series C,$18.75,-0.01,-0.053%,,United States,,122592,,
TAC,TransAlta Corporation Ordinary Shares,$12.76,0.00,0.00%,3793479543.00,Canada,,1448318,Utilities,Electric Utilities: Central
TACH,Titan Acquisition Corp. Class A Ordinary Shares,$10.35,0.01,0.097%,0.00,United States,2025,765,Finance,Blank Checks
TACHW,Titan Acquisition Corp. Warrants,$0.2905,-0.0595,-17.00%,0.00,United States,2025,900,Finance,Blank Checks
TACO,Berto Acquisition Corp. Ordinary Shares,$10.37,-0.01,-0.096%,377905946.00,United States,2025,8313,Finance,Blank Checks
TACOU,Berto Acquisition Corp. Unit,$10.64,0.03,0.283%,0.00,United States,2025,1864,Finance,Blank Checks
TACOW,Berto Acquisition Corp. Warrant,$0.56,0.00,0.00%,0.00,United States,2025,27648,Finance,Blank Checks
TACT,TransAct Technologies Incorporated Common Stock,$3.47,-0.02,-0.573%,35658688.00,United States,1996,6847,Technology,Computer peripheral equipment
TAK,Takeda Pharmaceutical Company Limited American Depositary Shares (each representing 1/2 of a share of Common Stock),$16.46,-0.18,-1.082%,51804546346.00,Japan,2018,4360982,Health Care,Biotechnology: Pharmaceutical Preparations
TAL,TAL Education Group American Depositary Shares,$11.09,-0.31,-2.719%,6765140531.00,China,,3539566,Real Estate,Other Consumer Services
TALK,Talkspace Inc. Common Stock,$5.19,0.01,0.193%,867124492.00,United States,2020,1119326,Health Care,Medical/Nursing Services
TALKW,Talkspace Inc. Warrant,$0.0027,-0.0002,-6.897%,451105.00,United States,2020,9796,Health Care,Medical/Nursing Services
TALO,Talos Energy Inc. Common Stock,$14.99,0.07,0.469%,2502218012.00,United States,2018,1442779,Energy,Oil & Gas Production
TANH,Tantech Holdings Ltd. Class A Common Shares,$0.355,-0.007,-1.934%,2313140.00,China,2015,442846,Industrials,Major Chemicals
TAOP,Taoping Inc. Ordinary Shares ,$1.2882,-0.0068,-0.525%,12370844.00,Hong Kong,,5528,Technology,Computer Software: Prepackaged Software
TAOX,Tao Synergies Inc. Common Stock,$6.48,0.32,5.195%,48418113.00,United States,,60223,Health Care,Biotechnology: Pharmaceutical Preparations
TAP,Molson Coors Beverage Company Class B Common Stock,$42.41,-0.72,-1.669%,7954053178.00,Canada,,3455847,Consumer Staples,Beverages (Production/Distribution)
TARA,Protara Therapeutics Inc.  Common Stock,$5.27,-0.10,-1.862%,290168835.00,United States,2014,635295,Health Care,Biotechnology: Biological Products (No Diagnostic Substances)
TARS,Tarsus Pharmaceuticals Inc. Common Stock,$61.21,-2.75,-4.30%,2633496530.00,United States,2020,1004149,Health Care,Biotechnology: Biological Products (No Diagnostic Substances)
TASK,TaskUs Inc. Class A Common Stock,$6.445,0.075,1.177%,583667269.00,United States,2021,733930,Technology,EDP Services
TATT,TAT Technologies Ltd. Ordinary Shares,$36.42,0.80,2.246%,472845850.00,Israel,,168701,Industrials,Aerospace
TAVI,Tavia Acquisition Corp. Ordinary Shares,$10.60,0.00,0.00%,0.00,United States,2024,37,Finance,Blank Checks
TAVIR,Tavia Acquisition Corp. Right,$0.1318,-0.0154,-10.462%,0.00,United States,2024,13579,Finance,Blank Checks
TAVIU,Tavia Acquisition Corp. Unit,$10.60,0.00,0.00%,0.00,United States,2024,3,Finance,Blank Checks
TAYD,Taylor Devices Inc. Common Stock,$51.96,-0.10,-0.192%,167265060.00,United States,,25574,Industrials,Industrial Machinery/Components
TBB,AT&T Inc. 5.350% Global Notes due 2066,$21.69,0.02,0.092%,155091861061.00,United States,2017,52530,Telecommunications,Telecommunications Equipment
TBBB,BBB Foods Inc. Class A Common Shares,$38.09,-0.34,-0.885%,4489178386.00,Mexico,2024,362603,Consumer Staples,Food Chains
TBBK,The Bancorp Inc Common Stock,$57.00,-2.50,-4.202%,2373163023.00,United States,2004,770395,Finance,Major Banks
TBCH,Turtle Beach Corporation Common Stock,$12.29,-0.11,-0.887%,243919274.00,United States,,706038,Telecommunications,Telecommunications Equipment
TBH,Brag House Holdings Inc. Common Stock,$0.6279,-0.0221,-3.40%,14753217.00,United States,2025,994803,Consumer Discretionary,Services-Misc. Amusement & Recreation
TBI,TrueBlue Inc. Common Stock,$5.61,-0.40,-6.656%,170566951.00,United States,,386342,Consumer Discretionary,Professional Services
TBLA,Taboola.com Ltd. Ordinary Shares,$5.25,0.04,0.768%,1434952848.00,Israel,,4917049,Technology,Computer Software: Programming Data Processing
TBLAW,Taboola.com Ltd. Warrant,$0.0074,0.001,15.625%,2022600.00,Israel,,39652,Technology,Computer Software: Programming Data Processing
TBLD,Thornburg Income Builder Opportunities Trust Common Stock,$22.05,0.03,0.136%,707405520.00,United States,2021,69877,Finance,Investment Managers
TBN,Tamboran Resources Corporation Common stock,$35.64,0.14,0.394%,913235475.00,,2024,195210,Energy,Oil & Gas Production
TBPH,Theravance Biopharma Inc. Ordinary Shares,$17.01,-0.01,-0.059%,876269606.00,Cayman Islands,,237601,Health Care,Biotechnology: Pharmaceutical Preparations
TBRG,TruBridge Inc. Common Stock,$25.83,0.05,0.194%,385043290.00,United States,2002,143932,Technology,EDP Services
TC,Token Cat Limited American Depositary Shares,$10.3294,0.7794,8.161%,20532564.00,China,2018,36371,Real Estate,Real Estate
TCBI,Texas Capital Bancshares Inc. Common Stock,$99.96,-0.60,-0.597%,4365347062.00,United States,2003,244740,Finance,Major Banks
TCBIO,Texas Capital Bancshares Inc. Depositary Shares 5.75% Fixed Rate Non-Cumulative Perpetual Preferred Stock Series B,$21.60,-0.0199,-0.092%,943292282.00,United States,,7363,Finance,Major Banks
TCBK,TriCo Bancshares Common Stock,$50.95,0.13,0.256%,1625844561.00,United States,,67726,Finance,Major Banks
TCBS,Texas Community Bancshares Inc. Common Stock,$16.83,0.03,0.179%,48561147.00,United States,2021,657,Finance,Banks
TCBX,Third Coast Bancshares Inc. Common Stock,$38.48,0.18,0.47%,638462892.00,United States,,76453,Finance,Banks
TCI,Transcontinental Realty Investors Inc. Common Stock,$35.68,-0.97,-2.647%,308250795.00,United States,,891,Real Estate,Real Estate Investment Trusts
TCMD,Tactile Systems Technology Inc. Common Stock,$25.65,-0.36,-1.384%,578568069.00,United States,2016,385584,Health Care,Medical/Dental Instruments
TCOM,Trip.com Group Limited American Depositary Shares,$52.68,-0.69,-1.293%,33172871095.00,China,2003,2207065,Real Estate,Real Estate
TCPA,TransCanada PipeLines Limited 6.250% Junior Subordinated Notes due 2085,$24.08,0.08,0.333%,0.00,Canada,2025,17126,Utilities,Natural Gas Distribution
TCPC,BlackRock TCP Capital Corp. Common Stock,$4.19,-0.17,-3.899%,352919979.00,United States,2012,1040443,Finance,Finance/Investors Services
TCRT,Alaunos Therapeutics Inc. Common Stock,$2.58,-0.0869,-3.258%,6135893.00,United States,,3256,Health Care,Biotechnology: Pharmaceutical Preparations
TCRX,TScan Therapeutics Inc. Common Stock,$1.26,0.05,4.132%,82342029.00,United States,2021,1276382,Health Care,Biotechnology: Biological Products (No Diagnostic Substances)
TCX,Tucows Inc. Class A Common Stock,$15.27,-0.80,-4.978%,170016379.00,Canada,,21999,Technology,EDP Services
TD,Toronto Dominion Bank (The) Common Stock,$107.46,-0.24,-0.223%,179332437305.00,Canada,,1010202,Finance,Commercial Banks
TDAC,Translational Development Acquisition Corp. Ordinary Shares,$10.63,0.00,0.00%,0.00,United States,2025,195422,,
TDACW,Translational Development Acquisition Corp. Warrants,$0.10,-0.0199,-16.597%,0.00,United States,2025,1800,,
TDAY,USA TODAY Co. Inc. Common Stock,$7.63,0.28,3.81%,1119337107.00,United States,2014,1442116,Consumer Discretionary,Newspapers/Magazines
TDC,Teradata Corporation Common Stock,$31.59,1.96,6.615%,2972619000.00,United States,,2516519,Technology,Computer Software: Prepackaged Software
TDF,Templeton Dragon Fund Inc. Common Stock,$11.48,-0.02,-0.174%,0.00,United States,,85915,Finance,Finance/Investors Services
TDG,Transdigm Group Incorporated Common Stock,$1215.08,-26.90,-2.166%,67963778032.00,United States,2006,284250,Industrials,Military/Government/Technical
TDIC,Dreamland Limited Class A Ordinary Shares,$1.24,0.06,5.085%,34474110.00,Hong Kong,2025,3635402,Consumer Discretionary,Other Consumer Services
TDOC,Teladoc Health Inc. Common Stock,$7.25,0.29,4.167%,1308719881.00,United States,2015,6494412,Health Care,Medical/Nursing Services
TDS,Telephone and Data Systems Inc. Common Shares,$46.47,0.97,2.132%,5290186298.00,United States,,1906820,Telecommunications,Telecommunications Equipment
TDS^U,Telephone and Data Systems Inc. Depositary Shares Each Representing a 1/1000th Interest in a 6.625% Series UU Cumulative Redeemable Perpetual Preferred Stock,$21.89,0.39,1.814%,,United States,,39244,,
TDS^V,Telephone and Data Systems Inc. Depositary Shares Each Representing a 1/1000th Interest in a 6.000% Series VV Cumulative Redeemable Perpetual Preferred Stock,$20.10,0.16,0.802%,,United States,,34103,,
TDTH,Trident Digital Tech Holdings Ltd American Depository Shares,$1.89,-0.07,-3.571%,8773739.00,Singapore,2024,32809,Real Estate,Real Estate
TDUP,ThredUp Inc. Class A Common Stock,$4.82,-0.10,-2.033%,621976878.00,United States,2021,3399538,Consumer Discretionary,Catalog/Specialty Distribution
TDW,Tidewater Inc. Common Stock,$81.16,3.30,4.238%,4036139716.00,United States,2017,1083196,Consumer Discretionary,Marine Transportation
TDWD,Tailwind 2.0 Acquisition Corp. Class A Ordinary Shares,$9.985,0.00,0.00%,0.00,United States,2025,19,Finance,Blank Checks
TDWDR,Tailwind 2.0 Acquisition Corp. Rights,$0.1211,0.0061,5.304%,0.00,United States,2025,653,Finance,Blank Checks
TDY,Teledyne Technologies Incorporated Common Stock,$621.38,-9.40,-1.49%,28787999770.00,United States,,199357,Industrials,Industrial Machinery/Components
TE,T1 Energy Inc. Common Stock,$6.16,1.01,19.612%,1718866362.00,Luxembourg,2021,18224129,Miscellaneous,Industrial Machinery/Components
TEAD,Teads Holding Co. Common Stock,$1.06,0.1886,21.643%,102810916.00,United States,2021,586398,Technology,Computer Software: Programming Data Processing
TEAM,Atlassian Corporation Class A Common Stock,$91.60,-0.77,-0.834%,23245136159.00,Australia,2015,12631036,Technology,Computer Software: Prepackaged Software
TECH,Bio-Techne Corp Common Stock,$48.36,-2.55,-5.009%,7571664798.00,United States,,3850382,Health Care,Biotechnology: Biological Products (No Diagnostic Substances)
TECK,Teck Resources Ltd Ordinary Shares,$64.87,4.11,6.764%,31756643382.00,Canada,,3837955,Industrials,Mining & Quarrying of Nonmetallic Minerals (No Fuels)
TECX,Tectonic Therapeutic Inc. Common Stock,$29.00,2.13,7.927%,546606500.00,United States,2018,432650,Health Care,Biotechnology: Biological Products (No Diagnostic Substances)
TEI,Templeton Emerging Markets Income Fund Inc. Common Stock,$6.44,0.04,0.625%,0.00,United States,1993,150762,Finance,Finance Companies
TEL,TE Connectivity plc Ordinary Shares,$206.20,-3.86,-1.838%,60188913754.00,Ireland,,2865172,Technology,Electronic Components
TELA,TELA Bio Inc. Common Stock,$1.02,-0.08,-7.273%,45661247.00,United States,2019,213568,Health Care,Medical/Dental Instruments
TELO,Telomir Pharmaceuticals Inc. Common Stock,$1.30,-0.02,-1.515%,44695262.00,United States,2024,71082,Health Care,Biotechnology: Pharmaceutical Preparations
TEM,Tempus AI Inc. Class A Common Stock,$49.86,0.39,0.788%,8953099283.00,United States,2024,11620121,Technology,Computer Software: Programming Data Processing
TEN,Tsakos Energy Navigation Ltd Common Shares,$43.80,-0.20,-0.455%,1319589011.00,Greece,,303350,Consumer Discretionary,Marine Transportation
TEN^E,Tsakos Energy Navigation Ltd Series E Fixed-to-Floating Rate Cumulative Redeemable Perpetual Preferred Shares par value $1.00,$26.79,-0.01,-0.037%,,Greece,,817,,
TEN^F,Tsakos Energy Navigation Ltd Series F Fixed-to-Floating Rate Cumulative Redeemable Perpetual Preferred Shares par value $1.00,$27.07,-0.04,-0.148%,,Greece,,4218,,
TENB,Tenable Holdings Inc. Common Stock,$21.83,0.29,1.346%,2407237171.00,United States,2018,3750862,Technology,Computer Software: Prepackaged Software
TENX,Tenax Therapeutics Inc. Common Stock,$11.66,0.01,0.086%,300542330.00,United States,,927657,Health Care,Biotechnology: Pharmaceutical Preparations
TEO,Telecom Argentina SA,$11.82,-0.17,-1.418%,5091318456.00,Argentina,,807277,Telecommunications,Telecommunications Equipment
TER,Teradyne Inc. Common Stock,$359.77,5.66,1.598%,56319173623.00,United States,,3483267,Industrials,Electrical Products
TEVA,Teva Pharmaceutical Industries Limited American Depositary Shares,$35.73,-0.28,-0.778%,41604975710.00,Israel,,8220013,Health Care,Biotechnology: Pharmaceutical Preparations
TEX,Terex Corporation Common Stock,$63.60,0.78,1.242%,7263120000.00,United States,,1268272,Industrials,Construction/Ag Equipment/Trucks
TFC,Truist Financial Corporation Common Stock,$49.11,-0.63,-1.267%,61185131195.00,United States,,4298365,Finance,Major Banks
TFC^I,Truist Financial Corporation Depositary Shares,$19.35,-0.13,-0.667%,,United States,,6188,,
TFC^O,Truist Financial Corporation Depositary Shares Each Representing a 1/1000th Interest in a Share of Series O Non-Cumulative Perpetual Preferred Stock,$21.24,-0.32,-1.484%,,United States,,36702,,
TFC^R,Truist Financial Corporation Depositary Shares each representing 1/1000th interest in a share of Series R Non-Cumulative Perpetual Preferred Stock,$18.60,-0.24,-1.274%,,United States,,64658,,
TFII,TFI International Inc. Common Shares,$139.13,0.81,0.586%,11434542493.00,Canada,,170216,Industrials,Trucking Freight/Courier Services
TFIN,Triumph Financial Inc. Common Stock,$66.52,-0.93,-1.379%,1583591950.00,United States,,233803,Finance,Major Banks
TFIN^,Triumph Financial Inc. Depositary Shares Each Representing a 1/40th Interest in a Share of 7.125% Series C Fixed-Rate Non-Cumulative Perpetual Preferred Stock,$22.10,-0.0149,-0.067%,,United States,,4172,,
TFPM,Triple Flag Precious Metals Corp. Common Shares,$33.38,0.98,3.025%,6896438583.00,Canada,2022,568302,Industrials,Precious Metals
TFSL,TFS Financial Corporation Common Stock,$15.10,0.05,0.332%,4236619065.00,United States,2007,495884,Finance,Savings Institutions
TFX,Teleflex Incorporated Common Stock,$133.06,1.38,1.048%,5881326780.00,United States,,947243,Health Care,Medical/Dental Instruments
TG,Tredegar Corporation Common Stock,$10.35,0.15,1.471%,359734743.00,United States,,241734,Industrials,Metal Fabrications
TGB,Taseko Mines Ltd. Common Stock,$7.49,0.24,3.31%,2730533054.00,Canada,,5822072,Basic Materials,Precious Metals
TGE,The Generation Essentials Group Class A Ordinary Shares,$0.97,-0.02,-2.02%,47007238.00,,2025,66297,Consumer Discretionary,Newspapers/Magazines
TGEN,Tecogen Inc. Common Stock,$4.63,-0.19,-3.942%,138461210.00,United States,2025,462108,Industrials,Industrial Machinery/Components
TGHL,The GrowHub Limited Class A Ordinary Shares,$0.35,0.0099,2.911%,8854934.00,Singapore,2025,40380,Technology,EDP Services
TGL,Treasure Global Inc. Common Stock,$4.63,-0.07,-1.489%,7758607.00,United States,2022,11530,Real Estate,Real Estate
TGLS,Tecnoglass Inc. Ordinary Shares,$39.79,-2.65,-6.244%,1780114118.00,Colombia,2022,461352,Consumer Discretionary,Electronic Components
TGS,Transportadora de Gas del Sur SA TGS Common Stock,$29.35,-1.31,-4.273%,4418707422.00,Argentina,,502190,Utilities,Natural Gas Distribution
TGT,Target Corporation Common Stock,$125.25,-0.63,-0.50%,56885574937.00,United States,,3882556,Consumer Discretionary,Department/Specialty Retail Stores
TGTX,TG Therapeutics Inc. Common Stock,$42.86,-0.165,-0.383%,6561162239.00,United States,,3728335,Health Care,Biotechnology: Pharmaceutical Preparations
TH,Target Hospitality Corp. Common Stock,$15.33,0.04,0.262%,1526263615.00,United States,2018,912511,Consumer Discretionary,Hotels/Resorts
THC,Tenet Healthcare Corporation Common Stock,$190.38,-3.75,-1.932%,16398762060.00,United States,,1241026,Health Care,Hospital/Nursing Management
THCH,TH International Limited Ordinary shares,$1.91,-0.04,-2.051%,63495242.00,China,,2797,Consumer Discretionary,Restaurants
THFF,First Financial Corporation Common Stock,$67.85,0.17,0.251%,806865144.00,United States,,53407,Finance,Major Banks
THG,Hanover Insurance Group Inc,$189.14,2.84,1.524%,6617400893.00,United States,,279324,Finance,Property-Casualty Insurers
THH,TryHard Holdings Limited Ordinary Shares,$0.3231,-0.0019,-0.585%,17333103.00,Japan,2025,85243,Consumer Discretionary,Services-Misc. Amusement & Recreation
THM,International Tower Hill Mines Ltd. Ordinary Shares (Canada),$2.54,-0.01,-0.392%,664559181.00,Canada,,720644,Basic Materials,Metal Mining
THO,Thor Industries Inc. Common Stock,$77.20,0.26,0.338%,4060406028.00,United States,,439486,Industrials,Homebuilding
THQ,abrdn Healthcare Opportunities Fund Shares of Beneficial Interest,$18.42,0.12,0.656%,0.00,United States,2014,61022,Finance,Finance Companies
THR,Thermon Group Holdings Inc. Common Stock,$65.66,0.34,0.521%,2156824106.00,United States,2011,647300,Energy,Industrial Machinery/Components
THRM,Gentherm Inc Common Stock,$31.57,0.76,2.467%,968166345.00,United States,,239905,Consumer Discretionary,Auto Parts:O.E.M.
THRY,Thryv Holdings Inc. Common Stock,$3.81,0.09,2.419%,168972685.00,United States,,1123257,Consumer Discretionary,Advertising
THW,abrdn World Healthcare Fund Shares of Beneficial Interest,$12.82,0.01,0.078%,0.00,United States,2015,123883,Finance,Finance Companies
TIC,TIC Solutions Inc. Common Stock,$9.91,-0.10,-0.999%,2190532206.00,United States,2025,2303264,Real Estate,Real Estate
TIGO,Millicom International Cellular S.A. Common Stock,$80.43,-0.07,-0.087%,13475308876.00,Luxembourg,,1721368,Telecommunications,Telecommunications Equipment
TIGR,UP Fintech Holding Ltd American Depositary Share representing fifteen Class A Ordinary Shares,$6.46,0.03,0.467%,1225457711.00,China,2019,3169152,Finance,Investment Bankers/Brokers/Service
TII,Titan Mining Corporation Common Shares,$2.53,0.03,1.20%,248668903.00,,2025,213108,,
TIL,Instil Bio Inc. Common Stock,$8.16,0.13,1.619%,55340924.00,United States,2021,16452,Health Care,Biotechnology: Biological Products (No Diagnostic Substances)
TILE,Interface Inc. Common Stock,$29.66,2.11,7.659%,1733005000.00,United States,,1186041,Consumer Discretionary,Home Furnishings
TIMB,TIM S.A. American Depositary Shares (Each representing 5 Common Shares) ,$23.79,0.19,0.805%,11381734985.00,Brazil,2020,1011105,Telecommunications,Telecommunications Equipment
TIPT,Tiptree Inc. Common Stock,$17.30,0.20,1.17%,649962298.00,United States,,222687,Finance,Property-Casualty Insurers
TISI,Team Inc. Common Stock,$16.75,-0.54,-3.123%,76570649.00,United States,,2529,Consumer Discretionary,Other Consumer Services
TITN,Titan Machinery Inc. Common Stock,$21.55,0.05,0.233%,502312549.00,United States,2007,65569,Consumer Discretionary,Other Specialty Stores
TJGC,TJGC Group Limited Ordinary Shares,$1.68,-0.08,-4.545%,25704000.00,Hong Kong,2025,43991,Consumer Discretionary,Advertising
TJX,TJX Companies Inc. (The) Common Stock,$153.36,-1.12,-0.725%,169587675374.00,United States,,4908171,Consumer Discretionary,Clothing/Shoe/Accessory Stores
TK,Teekay Corporation Ltd. Common Stock,$14.09,0.00,0.00%,1222709516.00,Bermuda,,505005,Consumer Discretionary,Marine Transportation
TKC,Turkcell Iletisim Hizmetleri AS Common Stock,$6.64,0.11,1.685%,5843200000.00,Turkey,,764566,Telecommunications,Telecommunications Equipment
TKLF,Tokyo Lifestyle Co. Ltd. American Depositary Shares,$2.0416,-0.0584,-2.781%,8641646.00,Japan,2022,15383,Consumer Discretionary,Other Specialty Stores
TKNO,Alpha Teknova Inc. Common Stock,$3.83,-0.17,-4.25%,205327066.00,United States,2021,156502,Health Care,Biotechnology: In Vitro & In Vivo Diagnostic Substances
TKO,TKO Group Holdings Inc. Class A Common Stock,$186.79,-0.72,-0.384%,35700479336.00,United States,2023,1876406,Consumer Discretionary,Services-Misc. Amusement & Recreation
TKR,Timken Company (The) Common Stock,$117.97,1.63,1.401%,8198267345.00,United States,,831545,Industrials,Metal Fabrications
TLF,Tandy Leather Factory Inc. Common Stock,$2.43,-0.02,-0.816%,19788873.00,United States,,13932,Consumer Discretionary,Apparel
TLIH,Ten-League International Holdings Limited Ordinary Shares,$3.90,0.03,0.775%,11467697.00,Singapore,2025,38029,,
TLK,PT Telekomunikasi Indonesia Tbk,$17.16,0.17,1.001%,16999076369.00,Indonesia,,468518,Telecommunications,Telecommunications Equipment
TLN,Talen Energy Corporation Common Stock,$386.37,-4.18,-1.07%,17539268855.00,United States,,521387,Utilities,Electric Utilities: Central
TLNC,Talon Capital Corp. Class A Ordinary Shares,$10.215,0.0549,0.54%,0.00,United States,2025,757,,
TLNCU,Talon Capital Corp. Units,$10.35,0.00,0.00%,0.00,United States,2025,105,Finance,Blank Checks
TLNCW,Talon Capital Corp. Warrants,$0.35,-0.1755,-33.397%,0.00,United States,2025,1373,,
TLPH,Talphera Inc. Common Stock,$0.9037,0.0254,2.892%,46901712.00,United States,2011,65553,Health Care,Biotechnology: Pharmaceutical Preparations
TLRY,Tilray Brands Inc. Common Stock ,$5.56,-0.10,-1.767%,647865656.00,United States,2018,4359931,Health Care, Medicinal Chemicals and Botanical Products 
TLS,Telos Corporation Common Stock,$4.48,0.06,1.357%,346106925.00,United States,2020,1076691,Technology,EDP Services
TLSA,Tiziana Life Sciences Ltd. Common Shares,$1.58,0.07,4.636%,201069427.00,United Kingdom,2018,168877,Health Care,Biotechnology: Pharmaceutical Preparations
TLSI,TriSalus Life Sciences Inc. Common Stock,$4.43,-0.03,-0.673%,272065593.00,United States,2021,89915,Health Care,Medical Specialities
TLSIW,TriSalus Life Sciences Inc. Warrant,$1.00,0.00,0.00%,61414355.00,United States,2021,34,Health Care,Medical Specialities
TLX,Telix Pharmaceuticals Limited American Depositary Shares,$10.68,0.02,0.188%,3618138883.00,Australia,,199045,Health Care,Biotechnology: Pharmaceutical Preparations
TLYS,Tilly's Inc. Common Stock,$4.22,0.06,1.442%,128661132.00,United States,2012,139071,Consumer Discretionary,Clothing/Shoe/Accessory Stores
TM,Toyota Motor Corporation Common Stock,$187.53,-1.47,-0.778%,244706579977.00,Japan,,635034,Industrials,Auto Manufacturing
TMC,TMC the metals company Inc. Common Stock,$5.70,0.00,0.00%,2469172666.00,Canada,,5112726,Basic Materials,Metal Mining
TMCI,Treace Medical Concepts Inc. Common Stock,$2.01,0.09,4.688%,130216716.00,United States,2021,763863,Health Care,Medical/Dental Instruments
TMCR,The Metals Royalty Company Inc. Common Stock,$14.75,-0.24,-1.601%,812151417.00,Canada,,55517,Basic Materials,Precious Metals
TMCWW,TMC the metals company Inc. Warrants,$0.3724,-0.0346,-8.501%,161319281.00,Canada,,101258,Basic Materials,Metal Mining
TMDE,TMD Energy Limited Ordinary Shares,$1.02,-0.03,-2.857%,24036300.00,,2025,188058,Energy,Oil Refining/Marketing
TMDX,TransMedics Group Inc. Common Stock,$67.84,-5.06,-6.941%,2344612202.00,United States,2019,2698680,Health Care,Biotechnology: Electromedical & Electrotherapeutic Apparatus
TME,Tencent Music Entertainment Group American Depositary Shares each representing two Class A Ordinary Shares,$9.24,-0.03,-0.324%,14542877580.00,United States,2018,6941845,Consumer Discretionary,Broadcasting
TMHC,Taylor Morrison Home Corporation Common Stock,$60.00,0.53,0.891%,5605659240.00,United States,2013,939399,Consumer Discretionary,Homebuilding
TMO,Thermo Fisher Scientific Inc Common Stock,$465.00,-9.46,-1.994%,172803981225.00,United States,,3905564,Industrials,Industrial Machinery/Components
TMP,Tompkins Financial Corporation Common Stock,$85.77,0.02,0.023%,1233624850.00,United States,1997,59009,Finance,Major Banks
TMQ,Trilogy Metals Inc. Common Stock,$4.49,0.04,0.899%,774729919.00,Canada,,2356956,Basic Materials,Precious Metals
TMTS,Spartacus Acquisition Corp. II Class A Ordinary Shares,$9.97,0.00,0.00%,0.00,United States,2026,45,,
TMTSU,Spartacus Acquisition Corp. II Unit,$10.2576,0.0876,0.861%,0.00,United States,2026,1702,Finance,Blank Checks
TMTSW,Spartacus Acquisition Corp. II Warrants,$0.50,-0.06,-10.714%,0.00,United States,2026,3847,,
TMUS,T-Mobile US Inc. Common Stock,$193.63,-0.57,-0.294%,209547299353.00,United States,,3965817,Telecommunications,Telecommunications Equipment
TMUSI,T-Mobile US Inc. 5.500% Senior Notes due June 2070,$22.06,0.18,0.823%,0.00,United States,,20595,Telecommunications,Telecommunications Equipment
TMUSL,T-Mobile US Inc. 6.250% Senior Notes due 2069,$24.91,0.03,0.121%,0.00,United States,,20393,Telecommunications,Telecommunications Equipment
TMUSZ,T-Mobile US Inc. 5.500% Senior Notes due March 2070,$22.28,0.34,1.55%,0.00,United States,,13382,Telecommunications,Telecommunications Equipment
TNC,Tennant Company Common Stock,$87.12,0.21,0.242%,1484429229.00,United States,,198692,Industrials,Industrial Machinery/Components
TNDM,Tandem Diabetes Care Inc. Common Stock,$15.48,-2.99,-16.188%,1059968604.00,United States,2013,7529126,Health Care,Medical/Dental Instruments
TNET,TriNet Group Inc. Common Stock,$42.80,-0.07,-0.163%,1966430720.00,United States,2014,289414,Real Estate,Real Estate
TNGX,Tango Therapeutics Inc.,$23.02,-0.46,-1.959%,3320457078.00,United States,2020,1511497,Health Care,Biotechnology: Pharmaceutical Preparations
TNK,Teekay Tankers Ltd.,$83.03,1.76,2.166%,2876479530.00,Bermuda,2007,356776,Consumer Discretionary,Marine Transportation
TNL,Travel   Leisure Co. Common  Stock,$65.78,-0.13,-0.197%,4106093900.00,United States,,591322,Consumer Discretionary,Hotels/Resorts
TNMG,TNL Mediagene Ordinary Shares,$0.8746,-0.0427,-4.655%,2563678.00,Taiwan,,44178,Consumer Discretionary,Advertising
TNON,Tenon Medical Inc. Common Stock,$0.7307,-0.0194,-2.586%,8254263.00,United States,2022,124729,Health Care,Medical/Dental Instruments
TNONW,Tenon Medical Inc. Warrant,$0.009,0.001,12.50%,101667.00,United States,,112680,Health Care,Medical/Dental Instruments
TNXP,Tonix Pharmaceuticals Holding Corp. Common Stock,$14.09,0.47,3.451%,188882100.00,United States,,261268,Health Care,Biotechnology: Pharmaceutical Preparations
TNYA,Tenaya Therapeutics Inc. Common Stock,$1.00,0.1516,17.869%,216998876.00,United States,2021,10181949,Health Care,Biotechnology: Biological Products (No Diagnostic Substances)
TOI,The Oncology Institute Inc. Common Stock,$4.00,-0.07,-1.72%,399931732.00,United States,2020,2448338,Health Care,Medical/Nursing Services
TOIIW,The Oncology Institute Inc. Warrant,$0.05,0.0125,33.333%,4999147.00,United States,2020,17472,Health Care,Medical/Nursing Services
TOL,Toll Brothers Inc. Common Stock,$137.89,0.80,0.584%,13059148230.00,United States,,750023,Consumer Discretionary,Homebuilding
TOMZ,TOMI Environmental Solutions Inc. Common Stock,$0.824,0.115,16.22%,16925404.00,United States,,1730072,Industrials,Major Chemicals
TONX,TON Strategy Company Common Stock,$3.64,0.39,12.00%,205771446.00,United States,,755501,Consumer Discretionary,Other Consumer Services
TOON,Kartoon Studios Inc. Common Stock,$0.6369,-0.0054,-0.841%,35880421.00,United States,,150202,Consumer Discretionary,Movies/Entertainment
TOP,TOP Financial Group Limited Class A Ordinary Shares,$0.762,-0.013,-1.677%,28245972.00,Hong Kong,2022,21573,Finance,Investment Bankers/Brokers/Service
TOPP,Toppoint Holdings Inc. Common Stock,$0.9899,-0.0101,-1.01%,19501030.00,,2025,32101,Industrials,Trucking Freight/Courier Services
TOPS,TOP Ships Inc. Common Stock,$2.18,-0.02,-0.909%,11991788.00,Greece,,89950,Consumer Discretionary,Marine Transportation
TORO,Toro Corp. Common Stock,$5.37,-0.08,-1.468%,154935691.00,Cyprus,,65741,Consumer Discretionary,Marine Transportation
TOST,Toast Inc. Class A Common Stock,$25.05,-4.33,-14.738%,14521459324.00,United States,2021,34864908,Technology,EDP Services
TOUR,Tuniu Corporation American Depositary Shares,$6.05,-0.03,-0.493%,65725730.00,China,2014,19907,Consumer Discretionary,Transportation Services
TOVX,Theriva Biologics Inc. Common Stock,$0.354,-0.006,-1.667%,16246004.00,United States,,1215703,Health Care,Biotechnology: Pharmaceutical Preparations
TOWN,TowneBank Common Stock,$34.99,0.16,0.459%,2610860377.00,United States,,352558,Finance,Major Banks
TOYO,TOYO Co. Ltd Ordinary Shares,$11.25,0.41,3.782%,424788716.00,Japan,,91715,Consumer Discretionary,Miscellaneous manufacturing industries
TPB,Turning Point Brands Inc. Common Stock,$93.42,3.20,3.547%,1806810249.00,United States,2016,941292,Consumer Discretionary,Tobacco
TPC,Tutor Perini Corporation Common Stock,$82.85,0.89,1.086%,4359128144.00,United States,1970,738011,Consumer Discretionary,General Bldg Contractors - Nonresidential Bldgs
TPCS,TechPrecision Corporation Common stock,$4.10,-0.02,-0.485%,41046461.00,United States,,52389,Industrials,Metal Fabrications
TPET,Trio Petroleum Corp. Common Stock,$0.457,-0.0137,-2.911%,18132367.00,,2023,2608274,Energy,Oil & Gas Production
TPG,TPG Inc. Class A Common Stock,$44.62,0.14,0.315%,17148016789.00,United States,2022,1931588,Finance,Investment Managers
TPGXL,TPG Operating Group II L.P. 6.950% Fixed-Rate Junior Subordinated Notes due 2064,$24.60,0.01,0.041%,8974714065.00,United States,,76998,,
TPH,Tri Pointe Homes Inc. Common Stock,$46.95,0.00,0.00%,3998444307.00,United States,2013,1075168,Consumer Discretionary,Homebuilding
TPL,Texas Pacific Land Corporation Common Stock,$394.20,-4.88,-1.223%,27189719912.00,United States,,395437,Energy,Oil & Gas Production
TPR,Tapestry Inc. Common Stock,$133.48,2.96,2.268%,27024924486.00,United States,,4316611,Consumer Discretionary,Apparel
TPST,Tempest Therapeutics Inc. Common Stock,$1.99,0.02,1.015%,28544628.00,United States,,82627,Health Care,Biotechnology: Pharmaceutical Preparations
TPTA,Terra Property Trust Inc. 6.00% Notes due 2026,$22.35,-1.30,-5.497%,544001548.00,,2021,12346,Real Estate,Real Estate Investment Trusts
TPVG,TriplePoint Venture Growth BDC Corp. Common Stock,$5.77,-0.21,-3.512%,234256120.00,United States,2014,209350,Consumer Discretionary,Other Consumer Services
TR,Tootsie Roll Industries Inc. Common Stock,$42.50,-0.24,-0.562%,3101931775.00,United States,,96388,Consumer Staples,Specialty Foods
TRAD,APEX Tech Acquisition Inc. Ordinary Shares,$9.92,0.02,0.202%,0.00,,2026,1228,Finance,Investment Bankers/Brokers/Service
TRAK,ReposiTrak Inc. Common Stock,$10.23,0.08,0.788%,186220884.00,United States,,117351,Technology,EDP Services
TRAW,Traws Pharma Inc. Common Stock,$2.18,0.48,28.235%,22142820.00,United States,2013,89122316,Health Care,Biotechnology: Pharmaceutical Preparations
TRAX,First Tracks Biotherapeutics Inc. Ordinary Shares ,$19.54,1.72,9.652%,678992353.00,United States,,355243,Health Care,Biotechnology: Pharmaceutical Preparations
TRC,Tejon Ranch Co Common Stock,$20.16,-0.32,-1.563%,544405357.00,United States,2000,99478,Finance,Real Estate
TRDA,Entrada Therapeutics Inc. Common Stock,$6.84,-0.01,-0.146%,265533013.00,United States,2021,1315602,Health Care,Biotechnology: Pharmaceutical Preparations
TREE,LendingTree Inc. Common Stock,$39.00,-0.83,-2.084%,544167702.00,United States,,205005,Finance,Finance: Consumer Services
TREX,Trex Company Inc. Common Stock,$40.20,1.01,2.577%,4176339046.00,United States,,2546784,Basic Materials,Forest Products
TRGP,Targa Resources Inc. Common Stock,$248.12,-4.32,-1.711%,53296664548.00,United States,2010,1438839,Utilities,Natural Gas Distribution
TRGSR,TRG Latin America Acquisitions Corp. Rights,$0.22,0.04,22.222%,0.00,United States,2026,4240,Finance,Blank Checks
TRGSU,TRG Latin America Acquisitions Corp. Units,$10.03,-0.04,-0.397%,0.00,United States,2026,7850,,
TRI,Thomson Reuters Corporation Common Shares,$92.94,-0.43,-0.461%,40533285282.00,United States,,1630856,Consumer Discretionary,Publishing
TRIB,Trinity Biotech plc American Depositary Shares,$0.6069,0.0149,2.517%,12290252.00,Ireland,1992,73826,Health Care,Biotechnology: In Vitro & In Vivo Diagnostic Substances
TRIN,Trinity Capital Inc. Common Stock,$16.99,-0.03,-0.176%,1527191190.00,United States,2021,1359013,Finance,Finance: Consumer Services
TRINI,Trinity Capital Inc. 7.875% Notes Due 2029,$25.405,0.015,0.059%,1786331235.00,United States,,16680,Finance,Finance: Consumer Services
TRINZ,Trinity Capital Inc. 7.875% Notes due 2029,$25.4201,-0.06,-0.235%,1787392979.00,United States,,6467,Finance,Finance: Consumer Services
TRIP,TripAdvisor Inc. Common Stock,$10.45,-0.78,-6.946%,1215958384.00,United States,,3530369,Technology,Computer Software: Programming Data Processing
TRMB,Trimble Inc. Common Stock,$60.80,-1.05,-1.698%,14173180355.00,United States,1990,3066327,Industrials,Industrial Machinery/Components
TRMD,TORM plc Class A Common Stock,$33.92,0.81,2.446%,3437205421.00,United Kingdom,,742479,Consumer Discretionary,Marine Transportation
TRMK,Trustmark Corporation Common Stock,$44.73,-0.19,-0.423%,2621426117.00,United States,,380760,Finance,Major Banks
TRN,Trinity Industries Inc. Common Stock,$36.63,-0.01,-0.027%,2912286575.00,United States,,398718,Industrials,Railroads
TRNO,Terreno Realty Corporation Common Stock,$66.21,-0.33,-0.496%,7038600308.00,United States,2010,756823,Finance,Real Estate
TRNR,Interactive Strength Inc. Common Stock,$0.845,-0.049,-5.481%,1738180.00,United States,2023,123366,Technology,Consumer Electronics/Appliances
TRNS,Transcat Inc. Common Stock,$76.25,-0.25,-0.327%,711579335.00,United States,,93132,Industrials,Electrical Products
TRON,Tron Inc. Common Stock,$2.23,-0.07,-3.043%,1057872003.00,United States,2023,1065154,Consumer Discretionary,Recreational Games/Products/Toys
TROO,TROOPS Inc. Ordinary Shares ,$4.14,-0.33,-7.383%,505743087.00,China,,349011,Finance,Diversified Financial Services
TROW,T. Rowe Price Group Inc. Common Stock,$105.33,1.74,1.68%,22568701610.00,United States,1986,1506082,Finance,Investment Bankers/Brokers/Service
TROX,Tronox Holdings plc Ordinary Shares (UK),$8.82,0.40,4.751%,1406904642.00,United States,,3464059,Industrials,Major Chemicals
TRP,TC Energy Corporation Common Stock,$64.75,-0.35,-0.538%,64750000000.00,Canada,,1497845,Utilities,Natural Gas Distribution
TRS,TriMas Corporation Common Stock,$42.72,0.84,2.006%,1530558703.00,United States,2007,617202,Industrials,Industrial Specialties
TRSG,Tungray Technologies Inc Class A Ordinary Shares,$1.263,-0.037,-2.846%,20654452.00,Singapore,2024,2123,Industrials,Industrial Machinery/Components
TRST,TrustCo Bank Corp NY Common Stock,$49.06,0.63,1.301%,858887582.00,United States,,55762,Finance,Major Banks
TRT,Trio-Tech International Common Stock,$12.33,0.73,6.293%,110512668.00,United States,1998,586687,Technology,Industrial Machinery/Components
TRTN^A,Triton International Limited 8.50% Series A Cumulative Redeemable Perpetual  Preference Shares,$25.90,-0.08,-0.308%,,United States,,2462,,
TRTN^B,Triton International Limited 8.00% Series B Cumulative Redeemable Perpetual Preference Shares,$25.42,0.00,0.00%,,United States,,816,,
TRTN^C,Triton International Limited 7.375% Series C Cumulative Redeemable Perpetual Preference Shares,$25.195,-0.045,-0.178%,,United States,,7880,,
TRTN^D,Triton International Limited 6.875% Series D Cumulative Redeemable Perpetual Preference Shares,$23.60,0.04,0.17%,,United States,,3113,,
TRTN^E,Triton International Limited 5.75% Series E Cumulative Redeemable Perpetual Preference Shares,$19.39,-0.10,-0.513%,,United States,,2554,,
TRTN^F,Triton International Limited 7.625% Series F Cumulative Redeemable Perpetual Preference Shares,$24.85,-0.0419,-0.168%,,United States,,13427,,
TRTN^G,Triton International Limited 7.500% Series G Cumulative Redeemable Perpetual Preference Shares,$24.27,-0.33,-1.341%,,United States,,36114,,
TRTX,TPG RE Finance Trust Inc. Common Stock,$8.57,0.07,0.824%,662531351.00,United States,2017,363475,Real Estate,Real Estate Investment Trusts
TRTX^C,TPG RE Finance Trust Inc. 6.25% Series C Cumulative Redeemable Preferred Stock $0.001 par value per share,$19.12,0.27,1.432%,,United States,,4489,,
TRU,TransUnion Common Stock,$72.00,-0.95,-1.302%,13881600000.00,United States,2015,1477489,Finance,Finance: Consumer Services
TRUG,TruGolf Holdings Inc. Class A Common Stock,$2.01,-0.24,-10.667%,2803490.00,United States,2021,69586,Consumer Discretionary,Recreational Games/Products/Toys
TRUP,Trupanion Inc. Common Stock,$24.61,-0.98,-3.83%,1073499816.00,United States,,289638,Health Care,Medical Specialities
TRV,The Travelers Companies Inc. Common Stock,$298.04,-0.90,-0.301%,63376624302.00,United States,,901151,Finance,Property-Casualty Insurers
TRVG,trivago N.V. American Depositary Shares,$3.47,-0.11,-3.073%,245050269.00,Germany,2016,58952,Technology,EDP Services
TRVI,Trevi Therapeutics Inc. Common Stock,$14.50,0.45,3.203%,2058705766.00,United States,2019,1990634,Health Care,Biotechnology: Pharmaceutical Preparations
TRX,TRX Gold Corporation Common Stock,$1.26,0.03,2.439%,410360409.00,Canada,,2920222,Basic Materials,Precious Metals
TS,Tenaris S.A. American Depositary Shares,$59.81,0.85,1.442%,32058008382.00,Luxembourg,,2741883,Industrials,Steel/Iron Ore
TSAT,Telesat Corporation Class A Common Shares and Class B Variable Voting Shares ,$54.65,2.30,4.394%,1976124654.00,Canada,,195270,Industrials,Metal Fabrications
TSBK,Timberland Bancorp Inc. Common Stock,$41.01,-0.13,-0.316%,323336209.00,United States,,17875,Finance,Banks
TSCO,Tractor Supply Company Common Stock,$30.65,-1.09,-3.434%,16122093524.00,United States,1994,17653398,Consumer Discretionary,RETAIL: Building Materials
TSEM,Tower Semiconductor Ltd. Ordinary Shares,$211.02,1.02,0.486%,23808319683.00,Israel,1994,1595664,Technology,Semiconductors
TSHA,Taysha Gene Therapies Inc. Common Stock,$6.81,0.14,2.099%,1956928546.00,United States,2020,2179540,Health Care,Biotechnology: Biological Products (No Diagnostic Substances)
TSI,TCW Strategic Income Fund Inc. Common Stock,$4.58,0.04,0.881%,0.00,United States,,122894,Finance,Investment Managers
TSLA,Tesla Inc. Common Stock,$428.35,16.56,4.021%,1608764320143.00,United States,2010,64878507,Industrials,Auto Manufacturing
TSLX,Sixth Street Specialty Lending Inc. Common Stock,$17.94,0.05,0.279%,1704651624.00,,2014,723105,Finance,Investment Managers
TSM,Taiwan Semiconductor Manufacturing Company Ltd.,$411.68,-2.47,-0.596%,2135180338879.00,Taiwan,1997,18481002,Technology,Semiconductors
TSN,Tyson Foods Inc. Common Stock,$68.38,0.44,0.648%,24078608509.00,United States,,2119135,Consumer Staples,Meat/Poultry/Fish
TSQ,Townsquare Media Inc. Class A Common Stock,$6.55,-0.05,-0.758%,112038490.00,United States,2014,33394,Consumer Discretionary,Broadcasting
TSSI,TSS Inc. Common Stock,$12.02,-3.82,-24.116%,346901623.00,United States,,5780621,Consumer Discretionary,Professional Services
TT,Trane Technologies plc,$466.17,-3.64,-0.775%,103049431713.00,Ireland,,1178380,Industrials,Auto Parts:O.E.M.
TTAM,Titan America SA Common Shares,$16.52,-0.23,-1.373%,3045667922.00,,2025,217880,Industrials,Mining & Quarrying of Nonmetallic Minerals (No Fuels)
TTAN,ServiceTitan Inc. Class A Common Stock,$63.04,-2.26,-3.461%,6013255738.00,United States,2024,754069,Technology,Computer Software: Prepackaged Software
TTC,Toro Company (The) Common Stock,$95.50,0.12,0.126%,9257095866.00,United States,,474049,Consumer Discretionary,Tools/Hardware
TTD,The Trade Desk Inc. Class A Common Stock,$23.08,-0.41,-1.745%,10849856509.00,United States,2016,41239727,Technology,Computer Software: Programming Data Processing
TTE,TotalEnergies SE Ordinary Shares,$88.48,-0.25,-0.282%,193051132418.00,France,,840617,Energy,Oil & Gas Production
TTEC,TTEC Holdings Inc. Common Stock,$2.71,-0.35,-11.438%,131736263.00,United States,1996,1330240,Consumer Discretionary,Professional Services
TTEK,Tetra Tech Inc. Common Stock,$30.29,-0.40,-1.303%,7861003133.00,United States,1991,2854752,Consumer Discretionary,Military/Government/Technical
TTGT,TechTarget Inc. Common Stock,$6.10,-0.37,-5.719%,441026602.00,United States,,1341041,Telecommunications,Telecommunications Equipment
TTI,Tetra Technologies Inc. Common Stock,$9.78,0.01,0.102%,1324114063.00,United States,,780762,Energy,Oil & Gas Production
TTMI,TTM Technologies Inc. Common Stock,$157.31,3.54,2.302%,16336652781.00,United States,2000,2113569,Technology,Electrical Products
TTRX,Turn Therapeutics Inc. Common Stock,$3.7899,-0.0051,-0.134%,112893693.00,United States,,29519,Health Care,Biotechnology: Pharmaceutical Preparations
TTWO,Take-Two Interactive Software Inc. Common Stock,$220.45,-3.05,-1.365%,40821929275.00,United States,1997,1754817,Consumer Discretionary,Services-Misc. Amusement & Recreation
TU,Telus Corporation Ordinary Shares,$12.75,-0.14,-1.086%,19520250000.00,Canada,,6967872,Telecommunications,Telecommunications Equipment
TULP,Bloomia Holdings Inc. Common Stock,$4.08,0.085,2.128%,7234326.00,United States,,1485,Consumer Staples,Farming/Seeds/Milling
TURB,Turbo Energy S.A. American Depositary Shares,$1.33,-0.16,-10.738%,15982796.00,Spain,2023,414890,Miscellaneous,Industrial Machinery/Components
TUSK,Mammoth Energy Services Inc. Common Stock,$2.39,0.04,1.702%,115576373.00,United States,2016,166536,Energy,Oilfield Services/Equipment
TUYA,Tuya Inc. American Depositary Shares each representing one Class A Ordinary Share,$2.48,0.08,3.333%,1520949538.00,China,2021,1172630,Technology,Computer Software: Prepackaged Software
TV,Grupo Televisa S.A.B. Common Stock,$2.85,0.02,0.707%,6195722904.00,Mexico,1993,1064076,Industrials,Broadcasting
TVA,Texas Ventures Acquisition III Corp Class A Ordinary Share,$10.49,-0.02,-0.19%,0.00,United States,2025,76743,,
TVACU,Texas Ventures Acquisition III Corp Unit,$10.60,0.00,0.00%,0.00,United States,2025,42,Finance,Blank Checks
TVACW,Texas Ventures Acquisition III Corp Warrants,$0.55,0.00,0.00%,0.00,United States,2025,37739,,
TVAI,Thayer Ventures Acquisition Corporation II Class A Ordinary Shares,$10.27,0.00,0.00%,0.00,United States,2025,21,,
TVAIR,Thayer Ventures Acquisition Corporation II Rights,$0.17,0.00,0.00%,0.00,United States,2025,1,,
TVC,Tennessee Valley Authority Common Stock,$24.21,0.17,0.707%,0.00,United States,,5105,Utilities,Electric Utilities: Central
TVE,Tennessee Valley Authority,$23.70,0.02,0.084%,0.00,United States,,7507,Utilities,Electric Utilities: Central
TVGN,Tevogen Bio Holdings Inc. Common Stock,$7.48,0.00,0.00%,31148253.00,United States,2022,8849,Health Care,Biotechnology: Biological Products (No Diagnostic Substances)
TVGNW,Tevogen Bio Holdings Inc. Warrant,$0.0347,-0.0009,-2.528%,144498.00,United States,2022,20734,Health Care,Biotechnology: Biological Products (No Diagnostic Substances)
TVRD,Tvardi Therapeutics Inc. Common Stock,$4.18,-0.03,-0.713%,39214018.00,United States,2014,47960,Health Care,Biotechnology: Pharmaceutical Preparations
TVTX,Travere Therapeutics Inc. Common Stock,$42.60,-0.06,-0.141%,3961497753.00,United States,,2266045,Health Care,Biotechnology: Pharmaceutical Preparations
TW,Tradeweb Markets Inc. Class A Common Stock,$108.81,-1.64,-1.485%,25681991345.00,United States,2019,927366,Finance,Investment Bankers/Brokers/Service
TWAV,TaoWeave Inc. Common Stock,$1.87,0.08,4.469%,6221883.00,United States,,24513,Technology,Computer Software: Programming Data Processing
TWFG,TWFG Inc. Class A Common Stock,$19.12,-0.23,-1.189%,1058822484.00,United States,2024,946910,Finance,Specialty Insurers
TWG,Top Wealth Group Holding Limited Class A Ordinary Shares,$3.31,-0.03,-0.898%,85772748.00,Hong Kong,2024,187219,Consumer Staples,Packaged Foods
TWI,Titan International Inc. (DE) Common Stock,$7.90,-0.11,-1.373%,508538484.00,United States,,518544,Industrials,Steel/Iron Ore
TWIN,Twin Disc Incorporated Common Stock,$19.23,0.82,4.454%,277350963.00,United States,,130954,Industrials,Industrial Machinery/Components
TWLO,Twilio Inc. Class A Common Stock,$201.70,4.63,2.349%,30612787562.00,United States,2016,2873259,Technology,Computer Software: Prepackaged Software
TWLV,Twelve Seas Investment Company III Class A Ordinary Shares,$9.94,0.00,0.00%,0.00,United States,2026,20,Finance,Blank Checks
TWLVR,Twelve Seas Investment Company III Rights,$0.1502,-0.01,-6.242%,0.00,United States,2026,20100,Finance,Blank Checks
TWLVU,Twelve Seas Investment Company III Units,$10.10,0.00,0.00%,0.00,United States,2025,397,Finance,Blank Checks
TWN,Taiwan Fund Inc. (The) Common Stock,$96.64,1.2188,1.277%,0.00,United States,1986,13161,Finance,Trusts Except Educational Religious and Charitable
TWO,Two Harbors Investment Corp,$12.55,0.17,1.373%,1318331479.00,United States,,2452117,Real Estate,Real Estate Investment Trusts
TWO^A,Two Harbors Investments Corp 8.125% Series A Fixed-to-Floating Rate Cumulative Redeemable Preferred Stock ($25.00 liquidation preference per share),$24.85,0.07,0.282%,,United States,,12084,,
TWO^B,Two Harbors Investments Corp 7.625% Series B Fixed-to-Floating Rate Cumulative Redeemable Preferred Stock,$24.7868,0.1268,0.514%,,United States,,16434,,
TWO^C,Two Harbors Investments Corp 7.25% Series C Fixed-to-Floating Rate Cumulative Redeemable Preferred Stock,$24.88,0.0006,0.002%,,United States,,27166,,
TWOD,Two Harbors Investments Corp 9.375% Senior Notes due 2030,$25.33,0.02,0.079%,0.00,United States,2025,10983,Real Estate,Real Estate Investment Trusts
TWST,Twist Bioscience Corporation Common Stock,$56.85,-1.69,-2.887%,3540124201.00,United States,2018,1090194,Health Care,Biotechnology: Biological Products (No Diagnostic Substances)
TX,Ternium S.A. Ternium S.A. American Depositary Shares (each representing ten shares USD1.00 par value),$46.92,0.70,1.514%,9210756252.00,Luxembourg,,90374,Industrials,Steel/Iron Ore
TXG,10x Genomics Inc. Class A Common Stock,$21.60,-0.82,-3.657%,2786204174.00,United States,2019,4831185,Industrials,Biotechnology: Laboratory Analytical Instruments
TXMD,TherapeuticsMD Inc. Common Stock,$1.98,-0.03,-1.493%,22917237.00,United States,,59747,Health Care,Biotechnology: Pharmaceutical Preparations
TXN,Texas Instruments Incorporated Common Stock,$287.80,2.56,0.897%,261924705250.00,United States,,8878596,Technology,Semiconductors
TXNM,TXNM Energy Inc. Common Stock,$58.99,-0.25,-0.422%,6530621090.00,United States,,4350035,Utilities,Electric Utilities: Central
TXO,TXO Partners L.P. Common Units Representing Limited Partner Interests,$12.31,-0.19,-1.52%,680035261.00,United States,2023,395025,Energy,Oil & Gas Production
TXRH,Texas Roadhouse Inc. Common Stock,$177.38,19.45,12.316%,11681104473.00,United States,2004,2907868,Consumer Discretionary,Restaurants
TXT,Textron Inc. Common Stock,$91.01,-0.58,-0.633%,15825636161.00,United States,,1379167,Industrials,Aerospace
TY,Tri Continental Corporation Common Stock,$34.32,-0.06,-0.175%,1865324089.00,United States,,35338,Finance,Finance Companies
TY^,Tri Continental Corporation Preferred Stock,$43.84,-0.16,-0.364%,,United States,,472,,
TYG,Tortoise Energy Infrastructure Corporation Common Stock,$46.36,-2.42,-4.961%,552977583.00,United States,2004,725329,Finance,Investment Managers
TYGO,Tigo Energy Inc. Common Stock,$4.27,-0.08,-1.839%,324139090.00,United States,2021,921233,Technology,Semiconductors
TYL,Tyler Technologies Inc. Common Stock,$324.58,-6.50,-1.963%,13686712544.00,United States,,312863,Technology,Computer Software: Prepackaged Software
TYRA,Tyra Biosciences Inc. Common Stock,$34.32,1.42,4.316%,2041533334.00,United States,2021,896100,Health Care,Biotechnology: Pharmaceutical Preparations
TZOO,Travelzoo Common Stock,$8.93,-0.41,-4.39%,97625769.00,United States,,82649,Consumer Discretionary,Advertising
U,Unity Software Inc. Common Stock,$28.16,1.43,5.35%,12287053588.00,United States,2020,17299958,Technology,Computer Software: Prepackaged Software
UA,Under Armour Inc. Class C Common Stock,$6.25,0.03,0.482%,2661812506.00,United States,2016,1894169,Consumer Discretionary,Apparel
UAA,Under Armour Inc. Class A Common Stock,$6.43,0.04,0.626%,2738472706.00,United States,,7086151,Consumer Discretionary,Apparel
UAL,United Airlines Holdings Inc. Common Stock,$99.58,-0.12,-0.12%,32320753094.00,United States,,3892749,Consumer Discretionary,Air Freight/Delivery Services
UAMY,United States Antimony Corporation Common Stock,$10.66,-0.36,-3.267%,1525214412.00,United States,,10634712,Industrials,Metal Fabrications
UAN,CVR Partners LP Common Units representing Limited Partner Interests,$126.23,-1.11,-0.872%,1334205279.00,United States,2011,134281,Industrials,Agricultural Chemicals
UAVS,AgEagle Aerial Systems Inc. Common Stock,$1.17,0.00,0.00%,68090633.00,United States,,2406433,Industrials,Aerospace
UBCP,United Bancorp Inc. Common Stock,$16.00,-0.31,-1.901%,92109632.00,United States,,3162,Finance,Major Banks
UBER,Uber Technologies Inc. Common Stock,$75.45,-1.28,-1.668%,153585945531.00,United States,2019,16195754,Real Estate,Real Estate
UBS,UBS Group AG Registered Ordinary Shares,$45.23,0.82,1.846%,139837554409.00,Switzerland,2014,1945986,Finance,Major Banks
UBSI,United Bankshares Inc. Common Stock,$43.41,0.00,0.00%,6063098272.00,United States,,635719,Finance,Major Banks
UBXG,U-BX Technology Ltd. Class A Ordinary Shares,$0.391,-0.005,-1.263%,11841100.00,China,2024,21160303,Technology,Computer Software: Programming Data Processing
UCAR,U Power Limited Class A Ordinary Shares,$1.51,-0.05,-3.205%,1203693.00,China,2023,345103,Consumer Discretionary,Auto Parts:O.E.M.
UCB,United Community Banks Inc. Common Stock,$33.36,-0.20,-0.596%,3992746410.00,United States,2024,622592,Finance,Major Banks
UCL,uCloudlink Group Inc. American Depositary Shares,$1.15,0.01,0.877%,43806088.00,Hong Kong,2020,11881,Consumer Discretionary,Telecommunications Equipment
UCTT,Ultra Clean Holdings Inc. Common Stock,$87.10,7.20,9.011%,3904549459.00,United States,2004,1074790,Technology,Semiconductors
UDMY,Udemy Inc. Common Stock,$4.63,-0.40,-7.952%,673301591.00,United States,2021,2372728,Real Estate,Other Consumer Services
UDR,UDR Inc. Common Stock,$36.91,-0.02,-0.054%,11992636752.00,United States,,3499779,Real Estate,Real Estate Investment Trusts
UE,Urban Edge Properties Common Shares of Beneficial Interest,$21.61,-0.42,-1.906%,2723292070.00,United States,2015,913917,Finance,Real Estate
UEC,Uranium Energy Corp. Common Stock,$15.16,-0.43,-2.758%,7431747070.00,Canada,,7198282,Basic Materials,Other Metals and Minerals
UEIC,Universal Electronics Inc. Common Stock,$4.30,-0.08,-1.826%,54242806.00,United States,1993,37257,Consumer Staples,Consumer Electronics/Appliances
UFCS,United Fire Group Inc. Common Stock,$48.22,1.42,3.034%,1237140325.00,United States,,158491,Finance,Property-Casualty Insurers
UFG,Uni-Fuels Holdings Limited Class A Ordinary Shares,$0.785,-0.035,-4.268%,25485025.00,Singapore,2025,168678,Energy,Oil Refining/Marketing
UFI,Unifi Inc. New Common Stock,$4.30,0.26,6.436%,79925192.00,United States,,76065,Consumer Discretionary,Textiles
UFPI,UFP Industries Inc. Common Stock,$84.38,0.52,0.62%,4792775140.00,United States,1993,534442,Basic Materials,Forest Products
UFPT,UFP Technologies Inc. Common Stock,$230.55,9.20,4.156%,1783751286.00,United States,1993,216998,Health Care,Medical/Dental Instruments
UG,United-Guardian Inc. Common Stock,$6.8701,-0.1299,-1.856%,31563431.00,United States,,3228,Consumer Discretionary,Package Goods/Cosmetics
UGI,UGI Corporation Common Stock,$32.32,0.00,0.00%,6937046412.00,United States,,1917006,Utilities,Natural Gas Distribution
UGP,Ultrapar Participacoes S.A. (New) American Depositary Shares (Each representing one Common Share),$6.11,0.21,3.559%,6799270273.00,Brazil,,4983919,Utilities,Oil/Gas Transmission
UGRO,urban-gro Inc. Common Stock,$5.99,0.37,6.584%,7735953.00,United States,,110925,Consumer Discretionary,Industrial Specialties
UHAL,U-Haul Holding Company Common Stock,$52.82,0.70,1.343%,10356833622.00,United States,2022,177104,Consumer Discretionary,Rental/Leasing Companies
UHS,Universal Health Services Inc. Common Stock,$169.96,-0.60,-0.352%,10372612571.00,United States,,1109951,Health Care,Hospital/Nursing Management
UHT,Universal Health Realty Income Trust Common Stock,$40.61,-0.09,-0.221%,563486735.00,United States,,35051,Real Estate,Real Estate Investment Trusts
UI,Ubiquiti Inc. Common Stock,$842.10,-84.59,-9.128%,50964560627.00,United States,,256907,Technology,Radio And Television Broadcasting And Communications Equipment
UIS,Unisys Corporation New Common Stock,$3.18,0.13,4.262%,231838441.00,United States,,1298223,Technology,EDP Services
UK,Ucommune International Ltd Class A Ordinary Shares,$3.10,-0.18,-5.488%,2101648.00,United States,2019,47423,Real Estate,Real Estate
UL,Unilever PLC American Depositary Shares (each representing One Ordinary Share),$58.40,-0.33,-0.562%,130385615360.00,United Kingdom,2025,4887578,Consumer Discretionary,Package Goods/Cosmetics
ULBI,Ultralife Corporation Common Stock,$5.97,-1.08,-15.319%,99439323.00,United States,1992,131374,Miscellaneous,Industrial Machinery/Components
ULCC,Frontier Group Holdings Inc. Common Stock,$5.29,-0.14,-2.578%,1215585582.00,United States,2021,5283870,Consumer Discretionary,Air Freight/Delivery Services
ULH,Universal Logistics Holdings Inc. Common Stock,$13.04,-0.38,-2.832%,343604756.00,United States,2005,82612,Industrials,Trucking Freight/Courier Services
ULS,UL Solutions Inc. Class A Common Stock,$100.44,1.03,1.036%,20244999271.00,United States,2024,659583,Health Care,Precision Instruments
ULTA,Ulta Beauty Inc. Common Stock,$521.58,-4.95,-0.94%,22720241777.00,United States,2007,474291,Consumer Discretionary,Other Specialty Stores
UMAC,Unusual Machines Inc. Common Stock,$13.42,-0.08,-0.593%,641268634.00,United States,2024,4222645,Technology,Radio And Television Broadcasting And Communications Equipment
UMBF,UMB Financial Corporation Common Stock,$131.36,0.19,0.145%,9980565579.00,United States,,521829,Finance,Major Banks
UMBFO,UMB Financial Corporation Depositary Shares Each Representing a 1/400th Interest in a Share of 7.750% Fixed-Rate Reset Non-Cumulative Perpetual Preferred Stock Series B,$26.84,-0.01,-0.037%,2039269033.00,United States,,5974,Finance,Major Banks
UMC,United Microelectronics Corporation (NEW) Common Stock,$15.42,0.26,1.715%,38821874168.00,Taiwan,,14771592,Technology,Semiconductors
UMH,UMH Properties Inc. Common Stock,$15.82,-0.06,-0.378%,1347329205.00,United States,1994,704038,Real Estate,Real Estate Investment Trusts
UMH^D,UMH Properties Inc. 6.375% Series D Cumulative Redeemable Preferred Stock Liquidation Preference $25 per share,$22.21,0.02,0.09%,,United States,,9394,,
UNB,Union Bankshares Inc. Common Stock,$24.18,-0.37,-1.507%,111567729.00,United States,,5898,Finance,Major Banks
UNCY,Unicycive Therapeutics Inc. Common Stock,$7.94,0.08,1.018%,211998214.00,United States,2021,401481,Health Care,Biotechnology: Pharmaceutical Preparations
UNF,Unifirst Corporation Common Stock,$252.41,-4.00,-1.56%,4564319429.00,United States,,271677,Consumer Discretionary,Other Consumer Services
UNFI,United Natural Foods Inc. Common Stock,$52.32,2.23,4.452%,3178542809.00,United States,2019,528912,Consumer Discretionary,Food Distributors
UNH,UnitedHealth Group Incorporated Common Stock (DE),$379.98,10.24,2.77%,345076710632.00,United States,,6448482,Health Care,Medical Specialities
UNIT,Uniti Group Inc. Common Stock,$11.28,0.16,1.439%,2737364412.00,United States,,2242938,Real Estate,Real Estate Investment Trusts
UNM,Unum Group Common Stock,$80.88,0.56,0.697%,12922701887.00,United States,,1161313,Finance,Accident &Health Insurance
UNMA,Unum Group 6.250% Junior Subordinated Notes due 2058,$23.48,-0.03,-0.128%,3998954875.00,United States,2018,8805,Finance,Accident &Health Insurance
UNP,Union Pacific Corporation Common Stock,$264.65,-0.24,-0.091%,157126201820.00,United States,,1787810,Industrials,Railroads
UNTY,Unity Bancorp Inc. Common Stock,$53.64,-0.13,-0.242%,537281144.00,United States,,21813,Finance,Major Banks
UONE,Urban One Inc. Class A Common Stock,$7.36,-0.55,-6.953%,32222176.00,United States,,42433,Consumer Discretionary,Broadcasting
UONEK,Urban One Inc. Class D Common Stock,$5.70,-0.025,-0.437%,24954674.00,United States,,6207,Consumer Discretionary,Broadcasting
UP,Wheels Up Experience Inc. Class A Common Stock,$6.01,-0.61,-9.215%,217734493.00,Singapore,2020,208823,Consumer Discretionary,Transportation Services
UPB,Upstream Bio Inc. Common Stock,$9.09,0.105,1.169%,494677673.00,United States,2024,456060,Health Care,Biotechnology: Pharmaceutical Preparations
UPBD,Upbound Group Inc. Common Stock,$18.78,0.02,0.107%,1094756174.00,United States,,638685,Consumer Discretionary,Diversified Commercial Services
UPC,Universe Pharmaceuticals Inc. Class A Ordinary Shares,$2.8001,-0.1999,-6.663%,1577403.00,China,2021,7492,Health Care,Biotechnology: Pharmaceutical Preparations
UPLD,Upland Software Inc. Common Stock,$0.9921,0.0203,2.089%,29131232.00,United States,2014,182272,Technology,Computer Software: Prepackaged Software
UPS,United Parcel Service Inc. Common Stock,$100.78,0.68,0.679%,85663632798.00,United States,1999,4774888,Industrials,Trucking Freight/Courier Services
UPST,Upstart Holdings Inc. Common stock,$28.96,-0.04,-0.138%,2771807038.00,United States,2020,4621276,Finance,Finance: Consumer Services
UPWK,Upwork Inc. Common Stock,$8.82,-1.79,-16.871%,1088532771.00,United States,2018,26572183,Technology,EDP Services
UPXI,Upexi Inc. Common Stock,$1.38,0.04,2.985%,92344486.00,United States,2021,2880397,Health Care, Medicinal Chemicals and Botanical Products 
URBN,Urban Outfitters Inc. Common Stock,$71.50,1.06,1.505%,6322289259.00,United States,1993,874734,Consumer Discretionary,Clothing/Shoe/Accessory Stores
URG,Ur Energy Inc Common Shares (Canada),$1.74,-0.08,-4.396%,691357424.00,Canada,,5395504,Basic Materials,Precious Metals
URGN,UroGen Pharma Ltd. Ordinary Shares,$29.40,2.81,10.568%,1432418009.00,Israel,2017,1696681,Health Care,Biotechnology: Pharmaceutical Preparations
URI,United Rentals Inc. Common Stock,$937.00,-7.12,-0.754%,58699823909.00,United States,1997,377211,Consumer Discretionary,Diversified Commercial Services
UROY,Uranium Royalty Corp. Common Stock,$4.00,0.04,1.01%,585910028.00,Canada,,3724502,Finance,Investment Bankers/Brokers/Service
USA,Liberty All-Star Equity Fund Common Stock,$5.82,0.04,0.692%,0.00,United States,1986,1091406,Finance,Finance Companies
USAC,USA Compression Partners LP Common Units Representing Limited Partner Interests,$28.14,0.53,1.92%,4079522154.00,United States,2013,492013,Utilities,Natural Gas Distribution
USAR,USA Rare Earth Inc. Class A Common Stock,$26.96,0.58,2.199%,5876891992.00,United States,2023,16472747,Basic Materials,Metal Mining
USAS,Americas Gold and Silver Corporation Common Shares no par value,$6.63,0.25,3.918%,2160671286.00,Canada,2017,4160148,Basic Materials,Metal Mining
USAU,U.S. Gold Corp. Common Stock,$16.99,0.40,2.411%,280354759.00,United States,,124660,Basic Materials,Metal Mining
USB,U.S. Bancorp Common Stock,$55.53,0.22,0.398%,86199204840.00,United States,,10662440,Finance,Major Banks
USB^A,U.S. Bancorp Depositary Shares Each representing a 1/100th interest in a share of Series A Non-CumulativePerpetual Pfd Stock,$778.60,0.00,0.00%,,United States,,170,,
USB^H,U.S. Bancorp Depositary Shares repstg 1/1000th Pfd Ser B,$18.84,0.07,0.373%,,United States,,29807,,
USB^P,U.S. Bancorp Depositary Shares each representing a 1/1000th interest in a share of Series K Non-Cumulative Perpetual Preferred Stock,$22.465,0.125,0.56%,,United States,,67425,,
USB^Q,U.S. Bancorp Depositary Shares Each Representing a 1/1000th Interest in a Share of Series L Non-Cumulative Perpetual Preferred Stock,$15.07,0.05,0.333%,,United States,,22316,,
USB^R,U.S. Bancorp Depositary Shares Each Representing a 1/1000th Interest in a Share of Series M Non-Cumulative Perpetual Preferred Stock,$15.945,0.045,0.283%,,United States,,32663,,
USB^S,U.S. Bancorp Depositary Shares each representing a 1/1000th interest in a share of Series O Non-Cumulative Perpetual Preferred Stock,$17.86,-0.03,-0.168%,,United States,,27334,,
USBC,USBC Inc. Common Stock,$0.435,0.035,8.75%,168842827.00,,,859313,Industrials,Industrial Machinery/Components
USCB,USCB Financial Holdings Inc. Class A Common Stock,$18.82,0.46,2.505%,343604268.00,United States,2021,209388,Finance,Major Banks
USEA,United Maritime Corporation Common Stock,$2.34,0.06,2.632%,21349329.00,Greece,,40797,Consumer Discretionary,Marine Transportation
USEG,U.S. Energy Corp. Common Stock (DE),$0.945,-0.0226,-2.336%,50150386.00,United States,,1216218,Energy,Oil & Gas Production
USFD,US Foods Holding Corp. Common Stock,$84.40,-2.48,-2.855%,18588449698.00,United States,2016,3388736,Consumer Discretionary,Food Distributors
USGO,U.S. GoldMining Inc. Common stock,$13.52,0.09,0.67%,180120105.00,United States,2023,39647,Basic Materials,Precious Metals
USGOW,U.S. GoldMining Inc. Warrant,$0.5284,0.0384,7.837%,7039605.00,United States,2023,152090,Basic Materials,Precious Metals
USIO,Usio Inc. Common Stock,$1.28,-0.03,-2.29%,35355602.00,United States,,28908,Finance,Investment Bankers/Brokers/Service
USLM,United States Lime & Minerals Inc. Common Stock,$110.02,0.74,0.677%,3155599801.00,United States,,95595,Industrials,Mining & Quarrying of Nonmetallic Minerals (No Fuels)
USNA,USANA Health Sciences Inc. Common Stock,$18.96,-0.50,-2.569%,349943488.00,United States,,86392,Health Care, Medicinal Chemicals and Botanical Products 
USPH,U.S. Physical Therapy Inc. Common Stock,$59.29,0.29,0.492%,896616701.00,United States,1992,297139,Health Care,Medical/Nursing Services
UTF,Cohen & Steers Infrastructure Fund Inc Common Stock,$26.99,0.00,0.00%,0.00,United States,2004,289994,Finance,Finance Companies
UTG,Reaves Utility Income Fund Common Shares of Beneficial Interest,$42.48,-0.70,-1.621%,0.00,United States,2004,196792,Finance,Investment Managers
UTHR,United Therapeutics Corporation Common Stock,$564.94,-4.24,-0.745%,23979857341.00,United States,1999,628914,Health Care,Biotechnology: Pharmaceutical Preparations
UTI,Universal Technical Institute Inc Common Stock,$35.74,0.25,0.704%,1966432884.00,United States,2003,726529,Real Estate,Other Consumer Services
UTL,UNITIL Corporation Common Stock,$50.75,-0.22,-0.432%,913033658.00,United States,1985,110736,Utilities,Power Generation
UTMD,Utah Medical Products Inc. Common Stock,$65.35,-0.05,-0.076%,208141384.00,United States,,9068,Health Care,Medical/Dental Instruments
UTSI,UTStarcom Holdings Corp. Ordinary Shares,$2.61,0.11,4.40%,24779627.00,China,2000,7203,Telecommunications,Telecommunications Equipment
UTZ,Utz Brands Inc Class A Common Stock ,$7.50,-0.22,-2.85%,1079145458.00,United States,2018,2044341,Consumer Staples,Packaged Foods
UUU,Universal Safety Products Inc. Common Stock,$6.08,-0.07,-1.138%,16524145.00,United States,2003,12599,Technology,Electronic Components
UUUU,Energy Fuels Inc Ordinary Shares (Canada),$21.38,-1.97,-8.437%,5165536280.00,Canada,,12561631,Industrials,Mining & Quarrying of Nonmetallic Minerals (No Fuels)
UVE,UNIVERSAL INSURANCE HOLDINGS INC Common Stock,$39.44,-1.09,-2.689%,1100814494.00,United States,,202791,Finance,Property-Casualty Insurers
UVSP,Univest Financial Corporation Common Stock,$38.89,0.27,0.699%,1082923240.00,United States,,221083,Finance,Major Banks
UVV,Universal Corporation Common Stock,$53.70,-0.06,-0.112%,1338391735.00,United States,,111302,Industrials,Farming/Seeds/Milling
UWMC,UWM Holdings Corporation Class A Common Stock,$3.38,0.00,0.00%,5409238334.00,United States,,17084967,Finance,Finance: Consumer Services
UXIN,Uxin Limited ADS,$2.74,-0.10,-3.521%,602745915.00,China,2018,156494,Real Estate,Real Estate
UYSC,UY Scuti Acquisition Corp. Ordinary Shares,$10.665,0.045,0.424%,0.00,United States,2025,5161,Finance,Blank Checks
UYSCR,UY Scuti Acquisition Corp. Rights,$0.14,-0.0082,-5.533%,0.00,United States,2025,200,Finance,Blank Checks
UZD,Array Digital Infrastructure Inc. 6.250% Senior Notes due 2069,$20.37,0.365,1.825%,1751820000.00,United States,2020,26702,Telecommunications,Telecommunications Equipment
UZE,Array Digital Infrastructure Inc. 5.500% Senior Notes due 2070,$18.42,0.25,1.376%,1584120000.00,United States,2020,9913,Telecommunications,Telecommunications Equipment
UZF,Array Digital Infrastructure Inc. 5.500% Senior Notes due 2070,$18.17,0.25,1.395%,1562620000.00,United States,2021,14624,Telecommunications,Telecommunications Equipment
V,Visa Inc.,$318.79,-2.49,-0.775%,603937440012.00,United States,,5949625,Real Estate,Real Estate
VABK,Virginia National Bankshares Corporation Common Stock,$43.55,-0.70,-1.582%,234820685.00,United States,,1949,Finance,Major Banks
VAC,Marriott Vacations Worldwide Corporation Common Stock,$77.12,-0.03,-0.039%,2648537096.00,United States,,414343,Finance,Real Estate
VACH,Voyager Acquisition Corp Class A Ordinary Shares,$12.61,-0.39,-3.00%,0.00,United States,2024,6197,,
VACHW,Voyager Acquisition Corp Warrants,$0.15,-0.015,-9.091%,0.00,United States,2024,8694,Finance,Blank Checks
VACI,Viking Acquisition Corp. I Class A Ordinary Shares,$10.16,0.09,0.894%,0.00,,2025,349491,Telecommunications,Telecommunications Equipment
VAL,Valaris Limited Common Shares,$95.02,3.24,3.53%,6580304136.00,United States,2021,783368,Energy,Oil & Gas Production
VALE,VALE S.A.  American Depositary Shares Each Representing one common share,$16.63,0.44,2.718%,71002023690.00,Brazil,,15929808,Basic Materials,Metal Mining
VALN,Valneva SE American Depositary Shares,$5.59,0.03,0.54%,484696110.00,France,2021,22794,Health Care,Biotechnology: Biological Products (No Diagnostic Substances)
VALU,Value Line Inc. Common Stock,$34.74,0.06,0.173%,326112648.00,United States,1983,1175,Finance,Investment Managers
VANI,Vivani Medical Inc. Common Stock (DE),$1.19,-0.02,-1.653%,102619774.00,United States,2014,126418,Health Care,Biotechnology: Electromedical & Electrotherapeutic Apparatus
VATE,INNOVATE Corp. Common Stock,$11.73,-0.95,-7.492%,160019088.00,United States,,74725,Industrials,Metal Fabrications
VBF,Invesco Bond Fund Common Stock,$15.04,0.05,0.334%,0.00,United States,,60978,Finance,Trusts Except Educational Religious and Charitable
VBIO,Valion Bio Inc. Common Stock,$0.96,-0.08,-7.692%,3013531.00,United States,2021,124087,Health Care,Biotechnology: Electromedical & Electrotherapeutic Apparatus
VBNK,VersaBank Common Shares,$18.84,0.18,0.965%,604188381.00,Canada,,44093,Finance,Commercial Banks
VC,Visteon Corporation Common Stock,$114.35,2.00,1.78%,3052461301.00,United States,,569347,Consumer Discretionary,Auto Parts:O.E.M.
VCEL,Vericel Corporation Common Stock,$33.46,-1.67,-4.754%,1704171269.00,United States,,1541391,Health Care,Biotechnology: Biological Products (No Diagnostic Substances)
VCIG,VCI Global Limited Ordinary Share,$0.8625,-0.0348,-3.878%,3179131.00,Malaysia,2023,95605,Consumer Discretionary,Diversified Commercial Services
VCTR,Victory Capital Holdings Inc. Class A Common Stock,$85.33,1.64,1.96%,5443158888.00,United States,2018,453161,Finance,Investment Managers
VCV,Invesco California Value Municipal Income Trust Common Stock,$10.69,0.03,0.281%,511949712.00,United States,,52476,Finance,Trusts Except Educational Religious and Charitable
VCX,Fundrise Innovation Fund LLC Common Shares of Limited Liability Company Interests,$190.99,46.85,32.503%,0.00,,2026,583685,,
VCYT,Veracyte Inc. Common Stock,$40.42,-0.34,-0.834%,3225218792.00,United States,2013,1159264,Health Care,Medical Specialities
VECO,Veeco Instruments Inc. Common Stock,$59.42,1.70,2.945%,3626609679.00,United States,1994,1566033,Technology,Industrial Machinery/Components
VEEA,Veea Inc. Common Stock,$0.545,0.0484,9.746%,27472124.00,United States,2021,265432,Finance,Blank Checks
VEEE,Twin Vee PowerCats Co. Common Stock,$5.95,-0.48,-7.465%,3149514.00,United States,2021,78926,Industrials,Marine Transportation
VEEV,Veeva Systems Inc. Class A Common Stock,$166.34,-1.91,-1.135%,27130645339.00,United States,2013,2781055,Technology,Computer Software: Prepackaged Software
VEL,Velocity Financial Inc. Common Stock,$18.24,-0.05,-0.273%,715651525.00,United States,2020,89410,Finance,Finance: Consumer Services
VELO,Velo3D Inc. Common stock,$13.46,1.23,10.057%,352878424.00,United States,,2020647,Technology,Industrial Machinery/Components
VENU,Venu Holding Corporation Common Stock,$3.80,-0.18,-4.523%,229319808.00,United States,2024,429627,Consumer Discretionary,Services-Misc. Amusement & Recreation
VEON,VEON Ltd. ADS,$49.50,1.04,2.146%,3661397537.00,Netherlands,,207455,Telecommunications,Telecommunications Equipment
VERA,Vera Therapeutics Inc. Class A Common Stock,$36.19,0.31,0.864%,2595326222.00,United States,2021,797448,Health Care,Biotechnology: Pharmaceutical Preparations
VERI,Veritone Inc. Common Stock,$2.13,0.05,2.404%,197975257.00,United States,2017,2594162,Technology,EDP Services
VERU,Veru Inc. Common Stock,$2.24,-0.04,-1.754%,35952717.00,United States,,26469,Health Care,Biotechnology: Pharmaceutical Preparations
VERX,Vertex Inc. Class A Common Stock,$14.93,0.26,1.772%,2414745130.00,United States,2020,2258555,Technology,Computer Software: Prepackaged Software
VET,Vermilion Energy Inc. Common (Canada),$11.79,-0.07,-0.59%,1799148152.00,Canada,,1677954,Energy,Oil & Gas Production
VFC,V.F. Corporation Common Stock,$18.98,-0.08,-0.42%,7426178250.00,United States,,4617036,Industrials,Garments and Clothing
VFF,Village Farms International Inc. Common Shares,$2.57,-0.19,-6.884%,293721923.00,Canada,,5521434,,
VFL,abrdn National Municipal Income Fund Common Stock,$10.25,-0.035,-0.34%,0.00,United States,1993,11938,Finance,Finance/Investors Services
VFS,VinFast Auto Ltd. Ordinary Shares,$4.31,0.04,0.937%,10083400203.00,Singapore,,566621,Industrials,Auto Manufacturing
VFSWW,VinFast Auto Ltd. Warrant,$0.4275,-0.0025,-0.581%,1000151644.00,Singapore,,16360,Industrials,Auto Manufacturing
VG,Venture Global Inc. Class A common stock,$11.45,-0.24,-2.053%,28425410252.00,United States,2025,17441105,Utilities,Oil/Gas Transmission
VGAS,Verde Clean Fuels Inc. Class A Common Stock,$1.78,-0.06,-3.261%,79298325.00,United States,2021,8191,Industrials,Major Chemicals
VGASW,Verde Clean Fuels Inc. Warrant,$0.0398,-0.0052,-11.556%,1773075.00,United States,2021,362520,Industrials,Major Chemicals
VGI,Virtus Global Multi-Sector Income Fund Common Shares of Beneficial Interest,$7.59,0.01,0.132%,0.00,United States,2012,36339,Finance,Investment Managers
VGM,Invesco Trust for Investment Grade Municipals Common Stock (DE),$10.44,-0.02,-0.191%,566181746.00,United States,,84809,Finance,Trusts Except Educational Religious and Charitable
VGNT,Versigent PLC Ordinary Shares,$41.83,2.83,7.256%,2965481798.00,United Kingdom,2026,1173094,,
VGZ,Vista Gold Corp Common Stock,$2.25,0.00,0.00%,328435529.00,United States,1986,1077661,Basic Materials,Precious Metals
VHC,VirnetX Holding Corp Common Stock,$13.16,0.52,4.114%,55085812.00,United States,,6262,Miscellaneous,Multi-Sector Companies
VHCP,Vine Hill Capital Investment Corp. II Class A Ordinary Shares,$9.935,0.015,0.151%,0.00,United States,2026,50000,,
VHCPU,Vine Hill Capital Investment Corp. II Units,$10.02,0.00,0.00%,0.00,United States,2025,106,Finance,Blank Checks
VHCPW,Vine Hill Capital Investment Corp. II Warrants,$0.35,-0.01,-2.778%,0.00,United States,2026,66666,,
VHI,Valhi Inc. Common Stock,$14.49,0.21,1.471%,410100226.00,United States,,17657,Basic Materials,Major Chemicals
VHUB,VenHub Global Inc. Common Stock,$1.06,0.05,4.95%,90161328.00,United States,,736321,Technology,Industrial Machinery/Components
VIA,Via Transportation Inc. Class A Common Stock,$17.31,-1.03,-5.616%,1406208264.00,United States,2025,605561,Technology,Computer Software: Prepackaged Software
VIASP,Via Renewables Inc. 8.75% Series A Fixed-to-Floating Rate Cumulative Redeemable Perpetual Preferred Stock,$25.4557,0.1357,0.536%,186420466.00,United States,,947,Utilities,Power Generation
VIAV,Viavi Solutions Inc. Common Stock,$51.21,0.16,0.313%,11978422023.00,United States,,4817871,Technology,Semiconductors
VICI,VICI Properties Inc. Common Stock,$28.84,0.05,0.174%,30830830593.00,United States,2018,5217999,Real Estate,Real Estate Investment Trusts
VICR,Vicor Corporation Common Stock,$256.47,-4.87,-1.863%,11690263453.00,United States,,683434,Technology,Industrial Machinery/Components
VIK,Viking Holdings Ltd Ordinary Shares,$82.67,-1.30,-1.548%,36853131844.00,United States,2024,2602547,Consumer Discretionary,Marine Transportation
VINP,Vinci Compass Investments Ltd. Class A Common Shares,$10.90,0.06,0.554%,713100868.00,Brazil,2021,37096,Finance,Investment Managers
VIOT,Viomi Technology Co. Ltd American Depositary Shares,$0.9924,0.0002,0.02%,66810084.00,China,2018,206093,Consumer Discretionary,Consumer Electronics/Appliances
VIPS,Vipshop Holdings Limited American Depositary Shares each representing two ordinary shares,$14.46,-0.08,-0.55%,6944712008.00,China,2012,1603394,Consumer Discretionary,Catalog/Specialty Distribution
VIR,Vir Biotechnology Inc. Common Stock,$9.12,-0.15,-1.618%,1470454609.00,United States,2019,1611028,Health Care,Biotechnology: Biological Products (No Diagnostic Substances)
VIRC,Virco Manufacturing Corporation Common Stock,$6.06,-0.11,-1.783%,95321031.00,United States,,13143,Consumer Discretionary,Industrial Specialties
VIRT,Virtu Financial Inc. Class A Common Stock,$51.31,1.77,3.573%,7957480926.00,United States,,1655335,Finance,Investment Bankers/Brokers/Service
VISN,Vistance Networks Inc. Common Stock,$11.72,-0.18,-1.513%,2643676075.00,United States,2013,6815298,Technology,Radio And Television Broadcasting And Communications Equipment
VIST,Vista Energy S.A.B. de C.V. American Depositary Shares each representing one series A share with no par value,$65.21,-0.59,-0.897%,6801383633.00,Mexico,2019,1195710,Energy,Oil & Gas Production
VITL,Vital Farms Inc. Common Stock,$8.94,-0.58,-6.092%,383065179.00,United States,2020,6508316,Consumer Staples,Packaged Foods
VIV,Telefonica Brasil S.A. American Depositary Shares (Each representing One Common Share),$15.60,0.22,1.43%,49851459091.00,Brazil,2020,1509310,Telecommunications,Telecommunications Equipment
VIVK,Vivakor Inc. Common Stock,$1.83,-0.03,-1.613%,3784515.00,United States,,309063,,
VIVO,VivoPower PLC Ordinary Shares,$3.02,0.01,0.332%,83183261.00,United Kingdom,,738926,Utilities,Power Generation
VIVS,VivoSim Labs Inc. Common Stock,$1.39,-0.02,-1.418%,3625067.00,United States,,18897,Health Care,Biotechnology: Biological Products (No Diagnostic Substances)
VKI,Invesco Advantage Municipal Income Trust II Common Shares of Beneficial Interest (DE),$9.04,0.06,0.668%,401430421.00,United States,1993,78528,Finance,Finance Companies
VKQ,Invesco Municipal Trust Common Stock,$9.79,0.00,0.00%,541734692.00,United States,,432308,Finance,Trusts Except Educational Religious and Charitable
VKTX,Viking Therapeutics Inc. Common Stock,$31.33,-0.25,-0.792%,3637589795.00,United States,2015,1446304,Health Care,Biotechnology: Pharmaceutical Preparations
VLGEA,Village Super Market Inc. Class A Common Stock,$44.68,0.74,1.684%,659118020.00,United States,,47739,Consumer Staples,Food Chains
VLN,Valens Semiconductor Ltd. Ordinary Shares,$2.79,0.38,15.768%,293766633.00,,,5298843,Technology,Semiconductors
VLO,Valero Energy Corporation Common Stock,$241.06,4.71,1.993%,71578616429.00,United States,,3408527,Energy,Integrated oil Companies
VLRS,Controladora Vuela Compania de Aviacion S.A.B. de C.V. American Depositary Shares each representing ten (10) Ordinary Participation Certificates,$7.68,-0.13,-1.665%,892384673.00,,2013,180521,Consumer Discretionary,Air Freight/Delivery Services
VLT,Invesco High Income Trust II,$10.55,0.035,0.333%,0.00,United States,1989,4209,Finance,Trusts Except Educational Religious and Charitable
VLTO,Veralto Corp Common Stock ,$86.84,-1.89,-2.13%,21327840259.00,United States,2023,2049441,Industrials,Electrical Products
VLY,Valley National Bancorp Common Stock,$13.41,0.01,0.075%,7448265610.00,United States,,4772857,Finance,Major Banks
VLYPN,Valley National Bancorp 8.250% Fixed-Rate Reset Non-Cumulative Perpetual Preferred Stock Series C,$26.04,-0.01,-0.038%,14463298769.00,United States,,3921,Finance,Major Banks
VLYPO,Valley National Bancorp 5.50% Fixed-to-Floating Rate Non-Cumulative Perpetual Preferred Stock Series B,$24.95,-0.10,-0.399%,13857884189.00,United States,,10385,Finance,Major Banks
VLYPP,Valley National Bancorp 6.25% Fixed-to-Floating Rate Non-Cumulative Perpetual Preferred Stock Series A,$25.30,0.05,0.198%,14052283366.00,United States,,1417,Finance,Major Banks
VMAR,Vision Marine Technologies Inc. Common Shares,$0.9098,0.0597,7.023%,1419910.00,Canada,2020,149681,Industrials,Marine Transportation
VMC,Vulcan Materials Company (Holding Company) Common Stock,$283.72,-5.21,-1.803%,36814055972.00,United States,,1022419,Industrials,Mining & Quarrying of Nonmetallic Minerals (No Fuels)
VMD,Viemed Healthcare Inc. Common Shares,$8.94,-0.27,-2.932%,345107521.00,United States,,248604,Health Care,Misc Health and Biotechnology Services
VMET,Versamet Royalties Corporation Common Stock,$12.18,0.44,3.748%,1286760046.00,Canada,,70546,,
VMI,Valmont Industries Inc. Common Stock,$510.55,1.39,0.273%,9911639518.00,United States,,208423,Industrials,Metal Fabrications
VMO,Invesco Municipal Opportunity Trust Common Stock,$9.82,0.06,0.615%,662267527.00,United States,,296840,Finance,Trusts Except Educational Religious and Charitable
VNCE,Vince Holding Corp. Common Stock,$4.64,-0.13,-2.725%,59611444.00,United States,,267738,Consumer Discretionary,Clothing/Shoe/Accessory Stores
VNDA,Vanda Pharmaceuticals Inc. Common Stock,$6.28,-0.11,-1.721%,377648189.00,United States,2006,1309351,Health Care,Biotechnology: Pharmaceutical Preparations
VNET,VNET Group Inc. American Depositary Shares,$8.90,-0.06,-0.67%,2533755623.00,China,2011,6750200,Technology,Computer Software: Programming Data Processing
VNME,Vendome Acquisition Corporation I Class A Ordinary Shares,$10.15,0.00,0.00%,0.00,United States,2025,29,Finance,Blank Checks
VNMEU,Vendome Acquisition Corporation I Unit,$10.26,0.02,0.195%,0.00,United States,2025,3000,Finance,Blank Checks
VNO,Vornado Realty Trust Common Stock,$32.16,0.12,0.375%,6049223833.00,United States,,1837983,Real Estate,Real Estate Investment Trusts
VNO^L,Vornado Realty Trust Pfd Ser L %,$17.97,-0.01,-0.056%,,United States,,22089,,
VNO^M,Vornado Realty Trust 5.25% Series M Cumulative Redeemable Preferred Shares of Beneficial Interest liquidation preference $25.00 per share no par value per share,$17.88,0.08,0.449%,,United States,,21453,,
VNO^N,Vornado Realty Trust 5.25% Series N Cumulative Redeemable Preferred Shares of Beneficial Interest liquidation preference $25.00 per share,$17.79,0.04,0.225%,,United States,,7782,,
VNO^O,Vornado Realty Trust 4.45% Series O Cumulative Redeemable Preferred Shares Liquidation Preference $25.00 Per Share,$15.42,-0.06,-0.388%,,United States,,14796,,
VNOM,Viper Energy Inc. Class A Common Stock,$46.79,-0.19,-0.404%,16798806046.00,United States,2014,890322,Energy,Oil & Gas Production
VNRX,VolitionRX Limited Common Stock,$2.25,-0.17,-7.025%,17829140.00,Singapore,2015,167498,Health Care,Biotechnology: In Vitro & In Vivo Diagnostic Substances
VNT,Vontier Corporation Common Stock ,$30.09,-0.58,-1.891%,4260744000.00,United States,2020,3714104,Industrials,Industrial Machinery/Components
VNTG,Vantage Corp Class A Ordinary Shares,$0.7851,-0.015,-1.875%,24917111.00,,2025,3563,Industrials,Integrated Freight & Logistics
VOC,VOC Energy Trust Units of Beneficial Interest,$3.12,-0.03,-0.952%,53040000.00,United States,2011,57615,Energy,Oil & Gas Production
VOD,Vodafone Group Plc American Depositary Shares,$16.20,0.51,3.25%,38489593576.00,United Kingdom,,4409282,Telecommunications,Telecommunications Equipment
VOR,Vor Biopharma Inc. Common Stock,$16.94,0.86,5.348%,917906385.00,United States,2021,1173181,Health Care,Biotechnology: Biological Products (No Diagnostic Substances)
VOXR,Vox Royalty Corp. Common Stock,$5.95,0.125,2.146%,409958635.00,Canada,,137721,Basic Materials,Precious Metals
VOYA,Voya Financial Inc. Common Stock,$81.59,1.90,2.384%,7535846584.00,United States,2013,887739,Finance,Life Insurance
VOYA^B,Voya Financial Inc. Depositary Shares each representing a 1/40th interest in a share of 5.35% Fixed-Rate Reset Non-Cumulative Preferred Stock Series B,$23.92,0.01,0.042%,,United States,,11896,,
VOYG,Voyager Technologies Inc. Class A Common Stock,$29.74,4.12,16.081%,1762456252.00,United States,2025,2039314,Industrials,Military/Government/Technical
VPG,Vishay Precision Group Inc. Common Stock,$67.24,4.81,7.705%,894117781.00,United States,,635008,Technology,Electrical Products
VPV,Invesco Pennsylvania Value Municipal Income Trust Common Stock (DE),$11.15,-0.03,-0.268%,265699416.00,United States,,13923,Finance,Trusts Except Educational Religious and Charitable
VRA,Vera Bradley Inc. Common Stock,$4.14,0.00,0.00%,117734363.00,United States,2010,189902,Consumer Discretionary,Apparel
VRAX,Virax Biolabs Group Limited Ordinary Shares,$0.171,0.036,26.667%,1269407.00,United Kingdom,2022,37418834,Health Care,Biotechnology: In Vitro & In Vivo Diagnostic Substances
VRCA,Verrica Pharmaceuticals Inc. Common Stock,$7.99,-0.25,-3.034%,137258500.00,United States,2018,110370,Health Care,Biotechnology: Pharmaceutical Preparations
VRDN,Viridian Therapeutics Inc. Common Stock,$16.61,-0.39,-2.294%,1712071431.00,United States,2014,4372539,Health Care,Medical Specialities
VRE,Veris Residential Inc. Common Stock,$18.97,-0.01,-0.053%,1780107182.00,United States,,509378,Real Estate,Real Estate Investment Trusts
VREX,Varex Imaging Corporation Common Stock,$9.83,-2.00,-16.906%,411877000.00,United States,,1720562,Technology,Industrial Machinery/Components
VRM,Vroom Inc. Common Stock,$12.33,-0.12,-0.964%,64196083.00,United States,,7967,Consumer Discretionary,Retail-Auto Dealers and Gas Stations
VRME,VerifyMe Inc. Common Stock,$0.7726,0.0001,0.013%,10135790.00,United States,,25628,Technology,EDP Services
VRNS,Varonis Systems Inc. Common Stock,$28.53,-0.15,-0.523%,3275647700.00,United States,2014,2372212,Technology,Computer Software: Prepackaged Software
VRRM,Verra Mobility Corporation Class A Common Stock,$14.30,-0.33,-2.256%,2172265138.00,United States,2017,2104819,Consumer Discretionary,Transportation Services
VRSK,Verisk Analytics Inc. Common Stock,$171.87,-2.82,-1.614%,22518723641.00,United States,2009,1578880,Industrials,Diversified Commercial Services
VRSN,VeriSign Inc. Common Stock,$288.21,9.74,3.498%,26227110000.00,United States,1998,907385,Technology,EDP Services
VRT,Vertiv Holdings LLC Class A Common Stock,$339.97,-0.04,-0.012%,130585474176.00,United States,2018,4075243,Technology,Industrial Machinery/Components
VRTS,Virtus Investment Partners Inc. Common Stock,$143.93,2.08,1.466%,961748176.00,United States,,83803,Finance,Investment Managers
VRTX,Vertex Pharmaceuticals Incorporated Common Stock,$429.82,4.82,1.134%,109090644335.00,United States,1991,953341,Health Care,Biotechnology: Pharmaceutical Preparations
VS,Versus Systems Inc. Common Stock,$1.22,-0.02,-1.613%,5980046.00,Canada,,19953,Technology,EDP Services
VSA,VisionSys AI Inc. American Depositary Shares,$0.5301,-0.0039,-0.73%,3294608.00,China,2014,488888,Real Estate,Other Consumer Services
VSAT,ViaSat Inc. Common Stock,$70.01,3.68,5.548%,9509556384.00,United States,1996,1538299,Technology,Radio And Television Broadcasting And Communications Equipment
VSCO,Victorias Secret & Co. Common Stock ,$48.04,0.49,1.03%,3815609091.00,United States,2021,1945821,Consumer Discretionary,Clothing/Shoe/Accessory Stores
VSEC,VSE Corporation Common Stock,$193.05,-6.40,-3.209%,5416093619.00,United States,,373616,Consumer Discretionary,Military/Government/Technical
VSECU,VSE Corporation Tangible Equity Units,$50.97,-1.61,-3.062%,0.00,United States,,33906,,
VSEE,VSee Health Inc. Common Stock,$0.18,0.0069,3.986%,8513896.00,United States,2021,884633,Health Care,Medical/Nursing Services
VSEEW,VSee Health Inc. Warrant,$0.032,-0.0205,-39.048%,1513581.00,United States,2021,9143,Health Care,Medical/Nursing Services
VSH,Vishay Intertechnology Inc. Common Stock,$34.26,1.67,5.124%,4662965351.00,United States,,4575785,Technology,Electrical Products
VSME,VS Media Holdings Limited Class A Ordinary Shares,$0.92,-0.0059,-0.637%,2543864.00,Singapore,2023,77643,Consumer Discretionary,Publishing
VSNT,Versant Media Group Inc. Class A Common Stock ,$41.14,0.36,0.883%,5821082619.00,United States,,1252066,Industrials,Broadcasting
VST,Vistra Corp. Common Stock,$147.72,-6.23,-4.047%,50010501414.00,United States,,8055875,Utilities,Electric Utilities: Central
VSTD,Vestand Inc. Class A Common Stock,$0.3897,0.0172,4.617%,5543475.00,United States,2022,22114,Consumer Discretionary,Restaurants
VSTM,Verastem Inc. Common Stock,$4.89,-0.77,-13.604%,429551776.00,United States,2012,7555197,Health Care,Biotechnology: Pharmaceutical Preparations
VSTS,Vestis Corporation Common Stock,$9.24,-0.05,-0.538%,1219208187.00,United States,2023,1038681,Consumer Discretionary,Consumer Specialties
VTAK,Catheter Precision Inc. Common Stock,$0.8301,-0.0555,-6.267%,2235022.00,,2018,37921,Health Care,Medical/Dental Instruments
VTEX,VTEX Class A Common Shares,$3.74,-0.23,-5.793%,711960073.00,United Kingdom,2021,1581679,Technology,Computer Software: Prepackaged Software
VTGN,Vistagen Therapeutics Inc. Common Stock,$0.6105,0.0237,4.039%,24188204.00,United States,,1179475,Health Care,Biotechnology: Pharmaceutical Preparations
VTIX,Virtuix Holdings Inc. Class A Common Stock,$4.05,0.08,2.015%,128990260.00,United States,,194471,Technology,Computer peripheral equipment
VTMX,Corporacion Inmobiliaria Vesta S.A.B de C.V. American Depositary Shares each representing ten (10) Common Shares,$35.58,-0.15,-0.42%,3147002754.00,,2023,107818,Finance,Real Estate
VTN,Invesco Trust for Investment Grade New York Municipals Common Stock,$11.24,0.06,0.537%,219022404.00,United States,,13601,Finance,Finance Companies
VTOL,Bristow Group Inc. Common Stock,$42.36,-0.19,-0.447%,1254110160.00,United States,,206688,Consumer Discretionary,Transportation Services
VTR,Ventas Inc. Common Stock,$87.26,0.71,0.82%,42423170029.00,United States,,4813572,Real Estate,Real Estate Investment Trusts
VTRS,Viatris Inc. Common Stock,$17.17,-0.22,-1.265%,19993107008.00,United States,,20241552,Health Care,Biotechnology: Pharmaceutical Preparations
VTS,Vitesse Energy Inc. Common Stock,$17.81,-0.35,-1.927%,742898271.00,United States,2023,338484,Energy,Oil & Gas Production
VTSI,VirTra Inc. Common Stock,$4.20,-0.18,-4.11%,47488917.00,United States,,130697,Consumer Discretionary,Miscellaneous manufacturing industries
VTVT,vTv Therapeutics Inc. Class A Common Stock,$30.68,-0.36,-1.16%,120845299.00,United States,2015,22430,Health Care,Biotechnology: Pharmaceutical Preparations
VUZI,Vuzix Corporation Common Stock,$3.11,0.25,8.741%,258622182.00,United States,,2004714,Technology,Radio And Television Broadcasting And Communications Equipment
VVOS,Vivos Therapeutics Inc. Common Stock,$0.6648,0.0012,0.181%,9050806.00,United States,2020,127600,Health Care,Medical/Dental Instruments
VVR,Invesco Senior Income Trust Common Stock (DE),$3.04,-0.04,-1.299%,0.00,United States,1998,549141,Finance,Trusts Except Educational Religious and Charitable
VVV,Valvoline Inc. Common Stock,$35.62,-0.25,-0.697%,4534989722.00,United States,2016,3944603,Industrials,Major Chemicals
VVX,V2X Inc. Common Stock,$70.08,-5.32,-7.056%,2194238719.00,United States,2014,2055623,Consumer Discretionary,Diversified Commercial Services
VWAV,VisionWave Holdings Inc. Common Stock,$6.02,0.18,3.082%,143559765.00,United States,,544744,Technology,Computer Software: Prepackaged Software
VWAVW,VisionWave Holdings Inc. Warrant,$1.03,0.0102,1.00%,24562551.00,United States,,15037,Technology,Computer Software: Prepackaged Software
VYGR,Voyager Therapeutics Inc. Common Stock,$4.05,0.09,2.273%,244688392.00,United States,2015,639708,Health Care,Biotechnology: Biological Products (No Diagnostic Substances)
VYNE,VYNE Therapeutics Inc. Common Stock,$0.6606,-0.0129,-1.915%,22032898.00,United States,2018,72190,Health Care,Biotechnology: Pharmaceutical Preparations
VYX,NCR Voyix Corporation Common Stock,$8.35,0.26,3.214%,1160744889.00,United States,,3375398,Miscellaneous,Office Equipment/Supplies/Services
VZ,Verizon Communications Inc. Common Stock,$47.22,0.13,0.276%,197169891730.00,United States,,16348186,Telecommunications,Telecommunications Equipment
VZLA,Vizsla Silver Corp. Common Shares,$3.56,0.13,3.79%,1244215853.00,Canada,2024,5242309,Basic Materials,Precious Metals
W,Wayfair Inc. Class A Common Stock,$66.26,0.06,0.091%,8746088024.00,United States,2014,3107104,Consumer Discretionary,Catalog/Specialty Distribution
WAB,Westinghouse Air Brake Technologies Corporation Common Stock,$265.71,0.13,0.049%,45084967606.00,United States,,678847,Industrials,Railroads
WABC,Westamerica Bancorporation Common Stock,$54.85,-0.01,-0.018%,1326788809.00,United States,,107727,Finance,Major Banks
WAFD,WaFd Inc. Common Stock,$35.55,-0.12,-0.336%,2626735464.00,United States,,461160,Finance,Major Banks
WAFDP,WaFd Inc. Depositary Shares,$16.66,-0.02,-0.12%,1230982077.00,United States,,3386,Finance,Major Banks
WAFU,Wah Fu Education Group Limited Ordinary Shares,$1.62,0.0068,0.422%,7145106.00,China,2019,3581,Real Estate,Other Consumer Services
WAI,Top KingWin Ltd Class A Ordinary Shares,$1.96,-0.075,-3.686%,4620163.00,China,2023,19621,Real Estate,Real Estate
WAL,Western Alliance Bancorporation Common Stock (DE),$81.90,-0.41,-0.498%,8900092820.00,United States,2005,1066729,Finance,Major Banks
WAL^A,Western Alliance Bancorporation Depositary Shares Each Representing a 1/400th Interest in a Share of 4.250% Fixed-Rate Non-Cumulative Perpetual Preferred Stock Series A,$23.83,0.15,0.633%,,United States,,39376,,
WALD,Waldencast plc Class A Ordinary Share,$1.80,0.40,28.571%,230867770.00,United States,2021,977177,Consumer Discretionary,Package Goods/Cosmetics
WALDW,Waldencast plc Warrant ,$0.046,0.004,9.524%,5899954.00,United States,2021,159912,Consumer Discretionary,Package Goods/Cosmetics
WASH,Washington Trust Bancorp Inc. Common Stock,$32.33,0.13,0.404%,615561519.00,United States,,134367,Finance,Major Banks
WAT,Waters Corporation Common Stock,$355.13,4.64,1.324%,34861510819.00,United States,1995,1814372,Industrials,Biotechnology: Laboratory Analytical Instruments
WATT,Energous Corporation Common Stock,$27.60,2.09,8.193%,151830332.00,United States,2014,429806,Technology,Radio And Television Broadcasting And Communications Equipment
WAVE,Eco Wave Power Global AB (publ) American Depositary Shares,$7.7501,-0.4599,-5.602%,362063809.00,Israel,2021,18324,Utilities,Electric Utilities: Central
WAY,Waystar Holding Corp. Common Stock,$21.38,0.37,1.761%,4100959610.00,United States,2024,1897823,Technology,EDP Services
WB,Weibo Corporation American Depositary Share,$8.49,0.03,0.355%,2085760136.00,China,2014,583180,Technology,Computer Software: Programming Data Processing
WBD,Warner Bros. Discovery Inc. Series A Common Stock ,$27.11,-0.01,-0.037%,67968475991.00,United States,,12507433,Consumer Discretionary,Services-Misc. Amusement & Recreation
WBI,WaterBridge Infrastructure LLC Class A Shares Representing Limited Liability Company Interests,$27.35,-0.70,-2.496%,3376527316.00,,2025,976296,Energy,Oilfield Services/Equipment
WBS,Webster Financial Corporation Common Stock,$72.91,0.22,0.303%,11813351969.00,United States,,1856608,Finance,Major Banks
WBS^F,Webster Financial Corporation Depositary Shares Each Representing 1/1000th Interest in a Share of 5.25% Series F Non-Cumulative Perpetual Preferred Stock,$21.46,0.15,0.704%,,United States,,5999,,
WBS^G,Webster Financial Corporation Depositary Shares each representing a 1/40th interest in a share of 6.50% Series G non-cumulative perpetual preferred stock,$24.1501,-0.1499,-0.617%,,United States,,5000,,
WBTN,WEBTOON Entertainment Inc. Common stock,$13.28,0.07,0.53%,1788227709.00,United States,2024,212328,Consumer Discretionary,Publishing
WBUY,WEBUY GLOBAL LTD. Class A Ordinary Shares,$1.24,0.00,0.00%,6796569.00,Singapore,2023,56381,Consumer Discretionary,Other Specialty Stores
WBX,Wallbox N.V. Class A Ordinary Shares,$2.75,-0.13,-4.514%,47172408.00,Spain,,17808,Consumer Discretionary,Industrial Specialties
WCC,WESCO International Inc. Common Stock,$355.31,4.43,1.263%,17305335177.00,United States,1999,650708,Consumer Discretionary,Telecommunications Equipment
WCN,Waste Connections Inc. Common Shares,$151.82,-1.75,-1.14%,38690875184.00,Canada,,2308343,Utilities,Environmental Services
WCT,Wellchange Holdings Company Limited Class A Ordinary shares,$2.1356,0.0306,1.454%,6546255.00,Hong Kong,2024,4648,Technology,Computer Software: Prepackaged Software
WD,Walker & Dunlop Inc Common Stock,$54.61,-0.22,-0.401%,1873727478.00,United States,2010,360555,Finance,Finance: Consumer Services
WDAY,Workday Inc. Class A Common Stock,$127.83,-3.05,-2.33%,31917303984.00,United States,,4251778,Technology,EDP Services
WDC,Western Digital Corporation Common Stock,$480.00,16.09,3.468%,165447422880.00,United States,,7885808,Technology,Electronic Components
WDFC,WD-40 Company Common Stock,$208.05,-1.71,-0.815%,2799396386.00,United States,1973,85494,Industrials,Major Chemicals
WDH,Waterdrop Inc. American Depositary Shares (each representing the right to receive 10 Class A Ordinary Shares),$1.56,-0.03,-1.887%,560511047.00,Cayman Islands,2021,205570,Finance,Specialty Insurers
WDI,Western Asset Diversified Income Fund Common Shares of Beneficial Interest,$13.86,0.00,0.00%,0.00,United States,2021,141712,Finance,Trusts Except Educational Religious and Charitable
WDS,Woodside Energy Group Limited American Depositary Shares each representing one Ordinary Share,$21.57,-0.34,-1.552%,41006730085.00,Australia,2022,763699,Energy,Oil & Gas Production
WEA,Western Asset Bond Fund Share of Beneficial Interest,$10.635,0.02,0.188%,0.00,United States,2002,15693,Finance,Trusts Except Educational Religious and Charitable
WEAV,Weave Communications Inc. Common Stock,$5.94,-0.11,-1.818%,472619872.00,United States,2021,920313,Technology,Computer Software: Prepackaged Software
WEC,WEC Energy Group Inc. Common Stock,$111.66,-1.12,-0.993%,36367618229.00,United States,,1546200,Utilities,Power Generation
WELL,Welltower Inc. Common Stock,$214.63,1.68,0.789%,151510418404.00,United States,,2734413,Real Estate,Real Estate Investment Trusts
WEN,Wendy's Company (The) Common Stock,$7.30,0.35,5.036%,1390403596.00,United States,,22271773,Consumer Discretionary,Restaurants
WENN,Wen Acquisition Corp Class A Ordinary Shares,$10.24,0.01,0.098%,0.00,United States,2025,17907,,
WENNU,Wen Acquisition Corp Unit,$10.40,0.01,0.096%,0.00,United States,2025,980,Finance,Blank Checks
WENNW,Wen Acquisition Corp Warrant,$0.3699,0.01,2.779%,0.00,United States,2025,768,Finance,Blank Checks
WERN,Werner Enterprises Inc. Common Stock,$36.42,0.04,0.11%,2183383188.00,United States,1986,997681,Industrials,Trucking Freight/Courier Services
WES,Western Midstream Partners LP Common Units Representing Limited Partner Interests,$43.49,0.19,0.439%,17125550433.00,United States,2012,1797043,Utilities,Natural Gas Distribution
WEST,Westrock Coffee Company Common Stock,$8.25,2.35,39.831%,804853187.00,United States,,5056725,Consumer Staples,Beverages (Production/Distribution)
WETH,Wetouch Technology Inc. Common Stock,$1.78,-0.01,-0.559%,21238131.00,China,,57110,Technology,Computer peripheral equipment
WETO,Wetour Robotics Limited Ordinary Shares,$0.4747,0.0247,5.489%,38925400.00,China,2025,40221,Industrials,Other Transportation
WEX,WEX Inc. common stock,$141.64,-2.62,-1.816%,4910395775.00,United States,,682901,Real Estate,Real Estate
WEYS,Weyco Group Inc. Common Stock,$33.98,-0.28,-0.817%,323870652.00,United States,,11062,Consumer Staples,Apparel
WF,Woori Financial Group Inc. American Depositary Shares (each representing three (3) shares of Common Stock),$69.92,1.59,2.327%,17038078751.00,South Korea,,87487,Finance,Commercial Banks
WFC,Wells Fargo & Company Common Stock,$75.64,-3.52,-4.447%,231472733326.00,United States,,31045187,Finance,Major Banks
WFC^A,Wells Fargo & Company Depositary Shares each representing a 1/1000th interest in a share of Non-Cumulative Perpetual Class A Preferred Stock Series AA,$18.97,0.03,0.158%,,United States,,45859,,
WFC^C,Wells Fargo & Company Depositary Shares each representing a 1/1000th interest in a share of Non-Cumulative Perpetual Class A Preferred Stock Series CC,$17.66,0.08,0.455%,,United States,,26246,,
WFC^D,Wells Fargo & Company Depositary Shares each representing a 1/1000th interest in  a share of Non-Cumulative Perpetual Class A Preferred Stock Series DD,$17.35,0.02,0.115%,,United States,,53931,,
WFC^L,Wells Fargo & Company 7.50% Non-Cumulative Perpetual Convertible Class A Preferred Stock Series L,$1190.02,2.52,0.212%,,United States,,3667,,
WFC^Y,Wells Fargo & Company Depositary Shares each representing a 1/1000th interest in a share of Non-Cumulative Perpetual Class A Preferred Stock Series Y,$23.98,0.07,0.293%,,United States,,20641,,
WFC^Z,Wells Fargo & Company Depositary Shares each representing a 1/1000th interest in a share of Non-Cumulative Perpetual Class A Preferred Stock Series Z,$19.07,0.00,0.00%,,United States,,114327,,
WFCF,Where Food Comes From Inc. Common Stock,$16.75,-0.14,-0.829%,84595121.00,United States,,10236,Technology,Computer Software: Prepackaged Software
WFF,WF Holding Limited Ordinary Shares,$1.73,0.12,7.453%,8715771.00,Malaysia,2025,22339,Consumer Discretionary,Miscellaneous manufacturing industries
WFG,West Fraser Timber Co. Ltd Common stock,$61.84,-0.93,-1.482%,4842308352.00,Canada,2021,143044,Basic Materials,Forest Products
WFRD,Weatherford International plc Ordinary Shares,$102.32,0.02,0.02%,7359399970.00,United States,,963702,Consumer Discretionary,Oil and Gas Field Machinery
WGO,Winnebago Industries Inc. Common Stock,$31.75,-0.14,-0.439%,897438737.00,United States,,487520,Industrials,Homebuilding
WGRX,Wellgistics Health Inc. Common Stock,$0.0842,-0.0041,-4.643%,10664214.00,United States,2025,3087254,Health Care,Other Pharmaceuticals
WGS,GeneDx Holdings Corp. Class A Common Stock,$40.77,0.27,0.667%,1210380861.00,United States,2020,2105571,Technology,Retail: Computer Software & Peripheral Equipment
WGSWW,GeneDx Holdings Corp. Warrant,$0.0062,0.003,93.75%,184066.00,United States,2020,136036,Technology,Retail: Computer Software & Peripheral Equipment
WH,Wyndham Hotels & Resorts Inc. Common Stock ,$82.67,-1.17,-1.396%,6188716047.00,United States,2018,764969,Consumer Discretionary,Hotels/Resorts
WHD,Cactus Inc. Class A Common Stock,$54.14,-1.99,-3.545%,4340612997.00,United States,2018,1053895,Consumer Discretionary,Oil and Gas Field Machinery
WHF,WhiteHorse Finance Inc. Common Stock,$7.68,0.10,1.319%,170757466.00,United States,,55795,Finance,Finance Companies
WHFCL,WhiteHorse Finance Inc. 7.875% Notes due 2028,$25.47,-0.065,-0.255%,592001451.00,United States,,4125,,
WHG,Westwood Holdings Group Inc Common Stock,$16.42,0.04,0.244%,155792599.00,United States,,11350,Finance,Investment Managers
WHLR,Wheeler Real Estate Investment Trust Inc. Common Stock,$1.14,0.00,0.00%,1188579.00,United States,2012,97196,Real Estate,Real Estate Investment Trusts
WHLRL,Wheeler Real Estate Investment Trust Inc. 7.00% Senior Subordinated Convertible Notes Due 2031,$80.00,-0.01,-0.012%,83409040.00,United States,,350,Real Estate,Real Estate Investment Trusts
WHLRP,Wheeler Real Estate Investment Trust Inc. Class B Preferred Stock,$7.30,0.05,0.69%,7611075.00,United States,,6578,Real Estate,Real Estate Investment Trusts
WHR,Whirlpool Corporation Common Stock,$44.96,-3.25,-6.741%,2542045144.00,United States,,6137102,Consumer Discretionary,Consumer Electronics/Appliances
WHR^A,Whirlpool Corporation Depositary Shares each representing a 1/20th interest in a share of 8.50% Series A Mandatory Convertible Preferred Stock,$37.99,-1.83,-4.596%,,United States,,354668,,
WHWK,Whitehawk Therapeutics Inc. Common Stock,$3.97,0.03,0.761%,196229863.00,United States,,54004,Health Care,Biotechnology: Pharmaceutical Preparations
WIA,Western Asset Inflation-Linked Income Fund,$8.16,-0.01,-0.122%,0.00,United States,2003,65628,Finance,Trusts Except Educational Religious and Charitable
WILC,G. Willi-Food International  Ltd. Ordinary Shares,$36.00,0.90,2.564%,501491160.00,Israel,,9708,Consumer Discretionary,Food Distributors
WIMI,WiMi Hologram Cloud Inc. Class B Ordinary Shares,$1.60,-0.02,-1.235%,14708043.00,China,2020,219049,Technology,Computer Software: Prepackaged Software
WINA,Winmark Corporation Common Stock,$373.40,5.57,1.514%,1335902351.00,United States,,32067,Consumer Discretionary,Other Specialty Stores
WING,Wingstop Inc. Common Stock,$129.67,-5.21,-3.863%,3531245148.00,United States,2015,1458988,Consumer Discretionary,Restaurants
WIT,Wipro Limited Common Stock,$1.95,-0.03,-1.515%,20420665296.00,India,,14519354,Technology,EDP Services
WIW,Western Asset Inflation-Linked Opportunities & Income Fund,$8.55,0.03,0.352%,0.00,United States,2004,111678,Finance,Finance Companies
WIX,Wix.com Ltd. Ordinary Shares,$80.12,-0.22,-0.274%,4410401934.00,Israel,2013,1565720,Technology,Computer Software: Programming Data Processing
WK,Workiva Inc. Class A Common Stock,$51.29,-1.00,-1.912%,2878360743.00,United States,2014,1276765,Technology,Computer Software: Prepackaged Software
WKC,World Kinect Corporation Common Stock,$27.07,0.17,0.632%,1390192059.00,United States,,602930,Energy,Oil Refining/Marketing
WKEY,WISeKey International Holding Ltd American Depositary Shares,$8.17,0.25,3.157%,92960989.00,Switzerland,,72151,Technology,EDP Services
WKHS,Workhorse Group Inc. Common Stock,$3.51,-0.12,-3.306%,36679002.00,United States,,155402,Industrials,Auto Manufacturing
WKSP,Worksport Ltd. Common Stock,$1.06,-0.02,-1.852%,10403757.00,Canada,,408574,Consumer Discretionary,Auto Parts:O.E.M.
WLAC,Willow Lane Acquisition Corp. Class A Ordinary Shares,$18.83,0.18,0.965%,0.00,United States,2024,500190,Finance,Blank Checks
WLACU,Willow Lane Acquisition Corp. Unit,$28.38,0.00,0.00%,0.00,United States,2024,126,Finance,Blank Checks
WLACW,Willow Lane Acquisition Corp. Warrants,$8.34,-0.06,-0.714%,0.00,United States,2024,51340,Finance,Blank Checks
WLDN,Willdan Group Inc. Common Stock,$88.39,13.92,18.692%,1322887167.00,United States,2006,1118777,Consumer Discretionary,Military/Government/Technical
WLDS,Wearable Devices Ltd. Ordinary Share,$1.03,-0.01,-0.962%,3637008.00,Israel,2022,115814,Telecommunications,Computer Communications Equipment
WLFC,Willis Lease Finance Corporation Common Stock,$222.72,-2.75,-1.22%,1568775759.00,United States,1996,117310,Consumer Discretionary,Industrial Specialties
WLII,Willow Lane Acquisition Corp. II Class A Ordinary Shares,$10.00,-0.02,-0.20%,0.00,United States,2026,48375,Finance,Blank Checks
WLIIU,Willow Lane Acquisition Corp. II Unit,$10.14,0.00,0.00%,0.00,United States,2026,4418,,
WLIIW,Willow Lane Acquisition Corp. II Warrants,$0.60,0.10,20.00%,0.00,United States,2026,21790,Finance,Blank Checks
WLK,Westlake Corporation Common Stock,$93.85,-3.53,-3.625%,12024338294.00,United States,2004,1404859,Industrials,Major Chemicals
WLKP,Westlake Chemical Partners LP Common Units representing limited partner interests,$23.28,0.08,0.345%,820524063.00,United States,2014,42509,Industrials,Major Chemicals
WLTH,Wealthfront Corporation Common Stock,$11.47,0.08,0.702%,1715614055.00,United States,2025,697536,Finance,Finance: Consumer Services
WLY,John Wiley & Sons Inc. Common Stock,$41.39,0.69,1.695%,2124258804.00,United States,,433114,Consumer Discretionary,Books
WLYB,John Wiley & Sons Inc. Common Stock,$41.45,-0.41,-0.979%,2127338184.00,United States,,587,Consumer Discretionary,Books
WM,Waste Management Inc. Common Stock,$215.37,-6.08,-2.746%,86487369708.00,United States,,2629034,Utilities,Environmental Services
WMB,Williams Companies Inc. (The) Common Stock,$71.96,-0.99,-1.357%,88006955149.00,United States,,4721846,Utilities,Natural Gas Distribution
WMG,Warner Music Group Corp. Class A Common Stock,$33.36,2.32,7.474%,17425468164.00,United States,2020,6572929,Consumer Discretionary,Services-Misc. Amusement & Recreation
WMK,Weis Markets Inc. Common Stock,$70.86,0.16,0.226%,1753402143.00,United States,,173548,Consumer Staples,Food Chains
WMS,Advanced Drainage Systems Inc. Common Stock,$143.20,-0.88,-0.611%,11154647772.00,United States,2014,527593,Consumer Discretionary,Containers/Packaging
WMT,Walmart Inc. Common Stock,$130.43,0.4775,0.367%,1039840458205.00,United States,,15181647,Consumer Discretionary,Department/Specialty Retail Stores
WNC,Wabash National Corporation Common Stock,$7.47,-0.33,-4.231%,303834533.00,United States,1991,548024,Industrials,Construction/Ag Equipment/Trucks
WNEB,Western New England Bancorp Inc. Common Stock,$13.97,-0.12,-0.852%,283016442.00,United States,,27711,Finance,Savings Institutions
WNW,Meiwu Technology Company Limited Ordinary Shares,$3.72,0.05,1.362%,4949352.00,China,2020,105196,Consumer Discretionary,Catalog/Specialty Distribution
WOK,WORK Medical Technology Group LTD Class A Ordinary Shares,$1.28,-0.03,-2.29%,2207493.00,China,2024,16827,Health Care,Medical/Dental Instruments
WOLF,Wolfspeed Inc. Common Stock New,$46.60,1.44,3.189%,2101129273.00,United States,2025,6552354,Technology,Semiconductors
WOOF,Petco Health and Wellness Company Inc. Class A Common Stock,$2.81,0.06,2.182%,905231457.00,United States,2021,959722,Consumer Discretionary,Other Specialty Stores
WOR,Worthington Enterprises Inc. Common Shares,$54.44,-1.23,-2.209%,2681332993.00,United States,,183095,Industrials,Steel/Iron Ore
WPAC,White Pearl Acquisition Corp. Class A Ordinary Shares,$9.95,0.00,0.00%,0.00,,2026,4379,Finance,Blank Checks
WPC,W. P. Carey Inc. REIT,$74.10,0.20,0.271%,16504967681.00,United States,,1073419,Real Estate,Real Estate Investment Trusts
WPM,Wheaton Precious Metals Corp Common Shares (Canada),$138.85,7.29,5.541%,63043031618.00,Canada,,2977824,Basic Materials,Precious Metals
WPP,WPP plc American Depositary Shares,$18.97,0.21,1.119%,4092976154.00,Ireland,,420454,Consumer Discretionary,Advertising
WPRT,Westport Fuel Systems Inc Common Shares,$1.99,0.07,3.646%,34528500.00,Canada,2008,50195,Industrials,Industrial Machinery/Components
WRAP,Wrap Technologies Inc. Common Stock,$1.49,0.05,3.472%,82695080.00,United States,,127666,Industrials,Ordnance And Accessories
WRB,W.R. Berkley Corporation Common Stock,$65.68,-0.85,-1.278%,24451135758.00,United States,,1378720,Finance,Property-Casualty Insurers
WRB^E,W.R. Berkley Corporation 5.70% Subordinated Debentures due 2058,$21.64,0.03,0.139%,,United States,,2532,,
WRB^F,W.R. Berkley Corporation 5.10% Subordinated Debentures due 2059,$19.45,0.07,0.361%,,United States,,27249,,
WRB^G,W.R. Berkley Corporation 4.25% Subordinated Debentures due 2060,$16.63,0.13,0.788%,,United States,,3738,,
WRB^H,W.R. Berkley Corporation 4.125% Subordinated Debentures due 2061,$15.78,0.02,0.127%,,United States,,11448,,
WRBY,Warby Parker Inc. Class A Common Stock,$29.55,2.35,8.64%,3626235224.00,United States,2021,4177068,Health Care,Ophthalmic Goods
WRD,WeRide Inc. American Depositary Shares,$7.51,0.12,1.624%,2517776127.00,China,2024,2703554,Technology,EDP Services
WRLD,World Acceptance Corporation Common Stock,$149.70,0.17,0.114%,739050786.00,United States,1991,167327,Finance,Finance: Consumer Services
WRN,Western Copper and Gold Corporation Common Stock,$3.08,0.14,4.762%,694936347.00,Canada,2011,2834957,Basic Materials,Metal Mining
WS,Worthington Steel Inc. Common Shares,$40.43,0.00,0.00%,2054100245.00,United States,2023,213270,Industrials,Steel/Iron Ore
WSBC,WesBanco Inc. Common Stock,$34.24,0.04,0.117%,3293222374.00,United States,,772117,Finance,Major Banks
WSBCO,WesBanco Inc. Depositary Shares each representing 1/40th interest in a share of 7.375% Fixed-Rate Reset Non-Cumulative Perpetual Preferred Stock Series B,$25.75,-0.09,-0.348%,2476649420.00,United States,,4578,Finance,Major Banks
WSBF,Waterstone Financial Inc. Common Stock (MD),$18.72,0.16,0.862%,339987642.00,United States,2005,48714,Finance,Savings Institutions
WSBK,Winchester Bancorp Inc. Common Stock,$12.76,0.02,0.157%,0.00,United States,2025,1377,,
WSC,WillScot Holdings Corporation Class A Common Stock,$28.10,4.80,20.601%,5085950480.00,United States,2015,13335059,Industrials,Misc Corporate Leasing Services
WSFS,WSFS Financial Corporation Common Stock,$71.70,-0.16,-0.223%,3731558098.00,United States,,495774,Finance,Major Banks
WSHP,WeShop Holdings Limited Class A Ordinary Shares,$7.69,0.425,5.85%,180281922.00,Jersey,,76588,Consumer Discretionary,Other Specialty Stores
WSM,Williams-Sonoma Inc. Common Stock (DE),$182.10,-1.32,-0.72%,21440940207.00,United States,,901268,Consumer Discretionary,Home Furnishings
WSO,Watsco Inc. Common Stock,$420.60,-8.64,-2.013%,17099537163.00,United States,,273687,Consumer Discretionary,Industrial Machinery/Components
WSO/B,Watsco Inc.,$453.37,0.00,0.00%,,United States,,12,,
WSR,Whitestone REIT Common Shares,$18.98,0.02,0.105%,975457683.00,United States,2010,167774,Real Estate,Real Estate Investment Trusts
WST,West Pharmaceutical Services Inc. Common Stock,$325.92,3.91,1.214%,23025464162.00,United States,,1033698,Health Care,Medical/Dental Instruments
WSTN,Westin Acquisition Corp Class A Ordinary Share,$10.03,0.00,0.00%,80791650.00,Singapore,2025,1756,,
WT,WisdomTree Inc. Common Stock,$19.10,0.38,2.03%,2921178200.00,United States,2022,2182608,Finance,Investment Bankers/Brokers/Service
WTBA,West Bancorporation Common Stock,$24.09,-0.02,-0.083%,410206953.00,United States,,20444,Finance,Major Banks
WTF,Waton Financial Limited Ordinary Shares,$3.90,0.08,2.094%,188126141.00,Hong Kong,2025,279250,Finance,Investment Bankers/Brokers/Service
WTFC,Wintrust Financial Corporation Common Stock,$151.64,0.46,0.304%,10227777720.00,United States,,411651,Finance,Major Banks
WTFCN,Wintrust Financial Corporation Depositary Shares Each Representing a 1/1000th Interest in a Share of 7.875% Fixed-Rate Reset Non-Cumulative Perpetual Preferred StocK,$26.449,-0.031,-0.117%,1783925698.00,United States,,10679,Finance,Major Banks
WTG,Wintergreen Acquisition Corp. Ordinary Shares,$10.304,0.00,0.00%,0.00,China,2025,8,Finance,Blank Checks
WTGUR,Wintergreen Acquisition Corp. Rights,$0.1208,-0.0102,-7.786%,0.00,China,2025,4166,Finance,Blank Checks
WTI,W&T Offshore Inc. Common Stock,$3.71,-0.11,-2.88%,551965260.00,United States,2005,8357935,Energy,Oil & Gas Production
WTM,White Mountains Insurance Group Ltd. Common Stock,$2128.40,35.90,1.716%,5271344428.00,United States,,18813,Finance,Property-Casualty Insurers
WTO,UTime Limited Class A Ordinary Shares,$0.9861,-0.0239,-2.366%,1749221.00,China,2021,47584,Technology,Consumer Electronics/Appliances
WTRG,Essential Utilities Inc. Common Stock,$37.47,-0.23,-0.61%,10615389527.00,United States,,1006274,Utilities,Water Supply
WTS,Watts Water Technologies Inc. Class A Common Stock,$296.90,2.76,0.938%,9911349460.00,United States,1986,328295,Industrials,Metal Fabrications
WTTR,Select Water Solutions Inc. Class A common stock,$16.80,-0.02,-0.119%,2320832842.00,United States,2017,1912778,Energy,Oilfield Services/Equipment
WTW,Willis Towers Watson Public Limited Company Ordinary Shares,$256.36,-1.71,-0.663%,24212683127.00,United Kingdom,,1066594,Finance,Specialty Insurers
WU,Western Union Company (The) Common Stock,$9.07,0.02,0.221%,2833786393.00,United States,,5215040,Real Estate,Real Estate
WULF,TeraWulf Inc. Common Stock,$23.39,-0.63,-2.623%,10183584044.00,United States,,36235731,Technology,EDP Services
WVE,Wave Life Sciences Ltd. Ordinary Shares,$7.18,-0.06,-0.829%,1381288235.00,Singapore,2015,2550848,Health Care,Biotechnology: Pharmaceutical Preparations
WVVI,Willamette Valley Vineyards Inc. Common Stock,$2.94,0.043,1.484%,14639815.00,United States,,1960,Consumer Staples,Beverages (Production/Distribution)
WVVIP,Willamette Valley Vineyards Inc. Series A Redeemable Preferred Stock,$2.80,-0.065,-2.269%,13942681.00,United States,,6706,Consumer Staples,Beverages (Production/Distribution)
WW,WW International Inc.  Common Stock,$10.20,1.03,11.232%,101987352.00,United States,,664246,Consumer Discretionary,Other Consumer Services
WWD,Woodward Inc. Common Stock,$369.93,-0.84,-0.227%,22041487770.00,United States,,517909,Energy,Industrial Machinery/Components
WWR,Westwater Resources Inc. Common Stock,$0.6649,0.0049,0.742%,82914993.00,United States,,723217,Basic Materials,Metal Mining
WWW,Wolverine World Wide Inc. Common Stock,$16.70,-0.31,-1.822%,1369082683.00,United States,,785349,Consumer Discretionary,Shoe Manufacturing
WXM,WF International Limited Ordinary Shares,$0.5599,0.0849,17.874%,4826723.00,China,2025,180290,Consumer Discretionary,Engineering & Construction
WY,Weyerhaeuser Company Common Stock,$23.53,-0.17,-0.717%,16966141790.00,United States,,4467894,Real Estate,Real Estate Investment Trusts
WYFI,WhiteFiber Inc. Ordinary Shares,$21.25,0.97,4.783%,815263943.00,United States,2025,1048680,Finance,Finance: Consumer Services
WYHG,Wing Yip Food Holdings Group Limited American Depositary Shares,$0.7764,0.0064,0.831%,39076932.00,China,2024,16059,Consumer Staples,Specialty Foods
WYNN,Wynn Resorts Limited Common stock,$102.42,-4.43,-4.146%,10656124618.00,United States,2002,3981579,Consumer Discretionary,Hotels/Resorts
WYY,WidePoint Corporation Common Stock,$7.94,-0.70,-8.102%,78388928.00,United States,,71589,Technology,EDP Services
XAIR,Beyond Air Inc. Common Stock,$0.513,0.0158,3.178%,6511347.00,United States,,251884,Health Care,Medical/Dental Instruments
XBIO,Xenetic Biosciences Inc. Common Stock,$3.07,-0.05,-1.603%,7033542.00,United States,,9751,Health Care,Biotechnology: Pharmaceutical Preparations
XBIT,XBiotech Inc. Common Stock,$2.46,-0.04,-1.60%,74999818.00,United States,2015,21974,Health Care,Biotechnology: Pharmaceutical Preparations
XBP,XBP Global Holdings Inc. Common Stock,$2.66,-0.24,-8.276%,31303013.00,United States,2021,28748,Technology,EDP Services
XCBE,X3 Acquisition Corp. Ltd. Class A Ordinary Shares,$9.89,0.00,0.00%,0.00,United States,2026,255,,
XCBEU,X3 Acquisition Corp. Ltd. Unit,$10.01,0.00,0.00%,0.00,United States,2026,788,Finance,Blank Checks
XCBEW,X3 Acquisition Corp. Ltd. Warrant,$0.2575,-0.0001,-0.039%,0.00,United States,2026,41,Finance,Blank Checks
XCH,XCHG Limited American Depositary Share,$0.90,-0.10,-10.00%,73375816.00,Germany,2024,26481,Industrials,Electrical Products
XCUR,Exicure Inc. Common Stock,$3.37,0.02,0.597%,21480094.00,United States,,9906,Health Care,Biotechnology: Pharmaceutical Preparations
XE,X-Energy Inc. Class A Common Stock,$30.18,0.22,0.734%,11928604197.00,United States,2026,3665673,Industrials,Metal Fabrications
XEL,Xcel Energy Inc. Common Stock,$79.39,-1.04,-1.293%,49560760368.00,United States,,4559415,Utilities,Power Generation
XELB,Xcel Brands Inc. Common Stock,$2.2899,-0.1401,-5.765%,13771621.00,United States,,5530,Miscellaneous,Multi-Sector Companies
XELLL,Xcel Energy Inc. 6.25% Junior Subordinated Notes Series due 2085,$24.47,0.04,0.164%,0.00,United States,,43992,Utilities,Power Generation
XENE,Xenon Pharmaceuticals Inc. Common Shares,$56.44,0.44,0.786%,5454520874.00,Canada,2014,920569,Health Care,Biotechnology: Pharmaceutical Preparations
XERS,Xeris Biopharma Holdings Inc. Common Stock,$6.53,-0.10,-1.508%,1127246226.00,United States,2018,3018494,Health Care,Biotechnology: Pharmaceutical Preparations
XFLH,XFLH Capital Corporation Ordinary Shares,$9.94,0.01,0.101%,0.00,,2026,5136,Finance,Blank Checks
XFLT,XAI Octagon Floating Rate & Alternative Income Trust Common Shares of Beneficial Interest,$19.21,0.18,0.946%,681350500.00,United States,2017,59195,Finance,Investment Managers
XFOR,X4 Pharmaceuticals Inc. Common Stock,$4.43,0.14,3.263%,417836253.00,United States,2017,427788,Health Care,Biotechnology: Biological Products (No Diagnostic Substances)
XGN,Exagen Inc. Common Stock,$2.95,0.01,0.34%,71219260.00,United States,2019,211386,Health Care,Medical Specialities
XHG,XChange TEC.INC American Depositary Shares ,$1.035,0.00,0.00%,53352103.00,China,2019,1619,Finance,Real Estate
XHLD,TEN Holdings Inc. Common Stock,$1.38,-0.03,-2.128%,5488871.00,United States,2025,20843,Real Estate,Real Estate
XHR,Xenia Hotels & Resorts Inc. Common Stock,$17.03,0.18,1.068%,1570946570.00,United States,2015,568052,Consumer Discretionary,Hotels/Resorts
XIFR,XPLR Infrastructure LP Common Units representing limited partner interests,$11.73,0.32,2.805%,1106076479.00,United States,2014,3283071,Utilities,Electric Utilities: Central
XLO,Xilio Therapeutics Inc. Common Stock,$7.74,-0.07,-0.896%,46307174.00,United States,2021,22949,Health Care,Biotechnology: Pharmaceutical Preparations
XMTR,Xometry Inc. Class A Common Stock,$80.01,1.51,1.924%,4208429828.00,United States,2021,1128679,Real Estate,Real Estate
XNCR,Xencor Inc. Common Stock,$12.86,0.55,4.468%,953460925.00,United States,2013,899532,Health Care,Biotechnology: Pharmaceutical Preparations
XNDU,Xanadu Quantum Technologies Limited Class B Subordinate Voting Shares,$15.71,-1.67,-9.609%,4681483195.00,Canada,,11532603,Technology,Computer Manufacturing
XNET,Xunlei Limited American Depositary Shares,$6.39,0.09,1.429%,2033738405.00,China,2014,199166,Technology,Computer Software: Prepackaged Software
XOM,Exxon Mobil Corporation Common Stock,$144.57,-2.01,-1.371%,599235011210.00,United States,,19543484,Energy,Integrated oil Companies
XOMA,XOMA Royalty Corporation Common Stock,$41.89,0.60,1.453%,499149930.00,United States,1986,111743,Health Care,Biotechnology: Pharmaceutical Preparations
XOMAO,XOMA Royalty Corporation Depositary Shares Rep Series B 8.375% Cumulative Preferred Stock,$25.295,0.055,0.218%,301408390.00,United States,,4860,Health Care,Biotechnology: Pharmaceutical Preparations
XOMAP,XOMA Royalty Corporation 8.625% Series A Cumulative Perpetual Preferred Stock,$25.3665,0.0515,0.203%,302260365.00,United States,,961,Health Care,Biotechnology: Pharmaceutical Preparations
XOS,Xos Inc. Common Stock,$1.84,-0.01,-0.541%,22183428.00,United States,2020,36577,Consumer Discretionary,Auto Parts:O.E.M.
XOSWW,Xos Inc. Warrants,$0.0022,0.0002,10.00%,26524.00,United States,2020,59794,Consumer Discretionary,Auto Parts:O.E.M.
XP,XP Inc. Class A Common Stock,$19.17,0.38,2.022%,9936039871.00,Brazil,2019,4046181,Finance,Investment Bankers/Brokers/Service
XPEL,XPEL Inc. Common Stock,$43.55,-0.41,-0.933%,1200283074.00,United States,,257368,Industrials,Industrial Specialties
XPER,Xperi Inc. Common Stock ,$8.03,0.31,4.016%,377167502.00,United States,2022,1034540,Technology,Computer Software: Prepackaged Software
XPEV,XPeng Inc. American depositary shares each representing two Class A ordinary shares,$15.62,0.07,0.45%,14930053666.00,China,2020,4284328,Industrials,Auto Manufacturing
XPL,Solitario Resources Corp. Common Stock,$0.8398,-0.0212,-2.462%,78158291.00,United States,,69480,Basic Materials,Precious Metals
XPO,XPO Inc. Common Stock,$204.50,-2.38,-1.15%,24010341115.00,United States,,1274376,Consumer Discretionary,Transportation Services
XPOF,Xponential Fitness Inc. Class A Common Stock,$5.60,-0.94,-14.373%,275043664.00,United States,2021,1653021,Consumer Discretionary,Services-Misc. Amusement & Recreation
XPON,Expion360 Inc. Common Stock,$0.642,-0.017,-2.58%,6963219.00,United States,2022,67857,Miscellaneous,Industrial Machinery/Components
XPRO,Expro Group Holdings N.V. Common Stock,$15.37,-0.19,-1.221%,1742885500.00,United States,2013,714036,Energy,Oilfield Services/Equipment
XRAY,DENTSPLY SIRONA Inc. Common Stock,$11.00,0.04,0.365%,2203593513.00,United States,1987,6637870,Health Care,Medical/Dental Instruments
XRN,Chiron Real Estate Inc. Common Stock,$33.99,1.69,5.232%,449851872.00,United States,2016,285067,Real Estate,Real Estate Investment Trusts
XRN^A,Chiron Real Estate Inc. Series A Cumulative Redeemable Preferred Stock,$24.20,0.08,0.332%,,United States,,7262,,
XRN^B,Chiron Real Estate Inc. 8.00% Series B Cumulative Redeemable Preferred Stock $0.001 par value per share,$24.70,0.0899,0.365%,,United States,,3938,,
XRPN,Armada Acquisition Corp. II Class A Ordinary Shares,$10.42,0.00,0.00%,0.00,United States,2025,64144,Finance,Blank Checks
XRPNU,Armada Acquisition Corp. II Units,$11.19,0.00,0.00%,0.00,United States,2025,66,Finance,Blank Checks
XRPNW,Armada Acquisition Corp. II Warrant,$0.9125,0.0125,1.389%,0.00,United States,2025,36737,Finance,Blank Checks
XRTX,XORTX Therapeutics Inc. Common Shares,$2.79,0.14,5.283%,3884919.00,Canada,,17335,Health Care,Biotechnology: Pharmaceutical Preparations
XRX,Xerox Holdings Corporation Common Stock,$2.78,0.41,17.30%,363557983.00,United States,,8412891,Technology,Computer peripheral equipment
XRXDW,Xerox Holdings Corporation Warrants,$0.3995,0.1067,36.441%,52245113.00,United States,,2161602,Technology,Computer peripheral equipment
XSLL,Xsolla SPAC 1 Class A Ordinary Shares,$9.8999,0.00,0.00%,0.00,United States,2026,10,Finance,Blank Checks
XSLLU,Xsolla SPAC 1 Units,$9.98,0.00,0.00%,0.00,United States,2026,1,Finance,Blank Checks
XSLLW,Xsolla SPAC 1 Warrants,$0.25,0.00,0.00%,0.00,United States,2026,602,Finance,Blank Checks
XTIA,XTI Aerospace Inc. Common Stock,$1.75,-0.06,-3.315%,67326357.00,United States,2014,1569931,Technology,EDP Services
XTLB,XTL Biopharmaceuticals Ltd. American Depositary Shares,$2.54,-0.13,-4.869%,6008644.00,Israel,,43247,Health Care,Biotechnology: Pharmaceutical Preparations
XTNT,Xtant Medical Holdings Inc. Common Stock,$0.52,-0.05,-8.772%,72835495.00,United States,,285372,Health Care,Biotechnology: Biological Products (No Diagnostic Substances)
XWEL,XWELL Inc. Common Stock,$1.47,0.20,15.748%,11652346.00,United States,,611123,Consumer Discretionary,Other Consumer Services
XWIN,XMAX Inc. Common Stock,$8.34,0.09,1.091%,393699933.00,United States,,2094718,Consumer Discretionary,Home Furnishings
XXI,Twenty One Capital Inc. Class A Common Stock,$8.62,0.26,3.11%,5614989661.00,,2025,765966,Finance,Finance: Consumer Services
XXII,22nd Century Group Inc. Common Stock,$0.6328,-0.0789,-11.086%,2819535.00,United States,,802141,Health Care, Medicinal Chemicals and Botanical Products 
XYF,X Financial American Depositary Shares each representing six Class A Ordinary Shares,$5.00,-0.17,-3.288%,273914200.00,Cayman Islands,2018,104444,Finance,Finance: Consumer Services
XYL,Xylem Inc. Common Stock New,$113.73,-1.91,-1.652%,27032880959.00,United States,2011,2185162,Industrials,Fluid Controls
XYZ,Block Inc. Class A Common Stock,$74.85,4.71,6.715%,44562824443.00,United States,2015,12872438,Technology,Computer Software: Prepackaged Software
XZO,Exzeo Group Inc. Common Stock,$13.49,-0.45,-3.228%,1226423655.00,,2025,604950,Finance,Property-Casualty Insurers
YAAS,Youxin Technology Ltd Class A Ordinary shares,$0.96,-0.11,-10.28%,4452672.00,China,2024,171698,Technology,Computer Software: Prepackaged Software
YALA,Yalla Group Limited American Depositary Shares each representing one Class A Ordinary Share,$7.02,0.09,1.299%,1065839489.00,United Arab Emirates,2020,211818,Technology,Computer Software: Programming Data Processing
YB,Yuanbao Inc. American Depositary Shares,$15.64,-0.21,-1.325%,720694344.00,China,2025,27267,Finance,Specialty Insurers
YCBD,cbdMD Inc. Common Stock,$0.84,-0.03,-3.448%,8816271.00,United States,2017,194185,Consumer Discretionary,Package Goods/Cosmetics
YCY,AA Mission Acquisition Corp. II Class A Ordinary Shares,$10.11,0.00,0.00%,0.00,,2025,11,,
YDDL,One and One Green Technologies. Inc Class A Ordinary Shares,$4.54,0.29,6.824%,254391332.00,Philippines,2025,155423,Consumer Discretionary,Industrial Specialties
YDES,YD Bio Limited Ordinary Shares,$5.31,0.0185,0.35%,376114447.00,United States,,2814,Health Care,Medical Specialities
YDESW,YD Bio Limited Warrants,$0.57,0.0475,9.091%,40373867.00,United States,,14409,Health Care,Medical Specialities
YDKG,Yueda Digital Holding Class A Ordinary Share,$1.015,0.133,15.079%,5612127.00,China,2007,348412,Consumer Discretionary,Advertising
YELP,Yelp Inc. Common Stock,$27.08,-1.42,-4.982%,1511962785.00,United States,2012,2020154,Consumer Discretionary,Other Consumer Services
YETI,YETI Holdings Inc. Common Stock,$41.53,-0.15,-0.36%,3143556952.00,United States,2018,1230806,Consumer Discretionary,Recreational Games/Products/Toys
YEXT,Yext Inc. Common Stock,$4.02,-0.10,-2.427%,402538399.00,United States,2017,1088879,Technology,EDP Services
YHC,LQR House Inc. Common Stock,$0.8701,0.0301,3.583%,18595478.00,United States,2023,35983,Consumer Staples,Beverages (Production/Distribution)
YHGJ,Yunhong Green CTI Ltd. Common Stock,$3.50,0.00,0.00%,9090771.00,United States,,725,Industrials,Specialty Chemicals
YHNA,YHN Acquisition I Limited Ordinary Shares,$10.80,0.00,0.00%,0.00,Hong Kong,2024,15,,
YHNAR,YHN Acquisition I Limited Right,$0.12,0.00,0.00%,0.00,Hong Kong,2024,4700,,
YHNAU,YHN Acquisition I Limited Unit,$11.10,0.00,0.00%,0.00,Hong Kong,2024,1,,
YI,111 Inc. American Depositary Shares,$6.05,0.47,8.423%,53221632.00,China,2018,14857,Consumer Staples,Retail-Drug Stores and Proprietary Stores
YIBO,Planet Image International Limited Class A Ordinary Shares,$1.0602,-0.0798,-7.00%,62800121.00,China,2024,12415,Industrials,Industrial Machinery/Components
YJ,Yunji Inc. American Depository Shares,$1.88,0.00,0.00%,9260015.00,China,2019,221,Consumer Discretionary,Other Specialty Stores
YMAT,J-Star Holding Co. Ltd. Class A Ordinary Shares,$0.5069,0.2664,110.769%,10163607.00,Taiwan,2025,312201184,Consumer Discretionary,Recreational Games/Products/Toys
YMM,Full Truck Alliance Co. Ltd. American Depositary Shares (each representing 20 Class A Ordinary Shares),$8.81,-0.11,-1.233%,9140765538.00,China,2021,7610256,Technology,Computer Software: Prepackaged Software
YMT,Yimutian Inc. American Depositary Shares,$0.1441,0.0005,0.348%,16481736.00,China,2025,535308,Technology,EDP Services
YOOV,Concorde International Group Ltd Class A Ordinary Shares,$1.22,-0.06,-4.688%,32922271.00,Singapore,2025,21925,Consumer Discretionary,Diversified Commercial Services
YORW,York Water Company (The) Common Stock,$29.62,0.44,1.508%,480120621.00,United States,,169445,Utilities,Water Supply
YOU,Clear Secure Inc. Class A Common Stock,$56.81,-1.36,-2.338%,7592161571.00,United States,2021,1787453,Technology,Computer Software: Prepackaged Software
YOUL,Youlife Group Inc. American Depositary Shares,$0.9745,0.0864,9.729%,74109263.00,China,,16491,Real Estate,Other Consumer Services
YPF,YPF Sociedad Anonima Common Stock,$42.37,-0.43,-1.005%,16664663039.00,Argentina,1993,2148504,Energy,Integrated oil Companies
YQ,17 Education & Technology Group Inc. American Depositary Shares,$2.50,-0.23,-8.425%,27139220.00,China,2020,4108,Real Estate,Other Consumer Services
YRD,Yiren Digital Ltd. American Depositary Shares each representing two ordinary shares,$2.00,-0.03,-1.478%,174976922.00,China,2015,59744,Finance,Finance: Consumer Services
YSG,Yatsen Holding Limited American Depositary Shares each representing twenty (20) Class A Ordinary Shares,$2.93,-0.02,-0.678%,275025628.00,China,,47525,Consumer Discretionary,Package Goods/Cosmetics
YSS,York Space Systems Inc. Common Stock,$34.79,1.41,4.224%,4439524590.00,,2026,1840691,Industrials,Military/Government/Technical
YSWY,Yesway Inc. Class A Common Stock,$25.77,-1.15,-4.272%,1561922071.00,United States,2026,260907,Consumer Staples,Food Chains
YSXT,YSX Tech. Co. Ltd Class A Ordinary Shares,$1.01,-0.02,-1.942%,23671875.00,China,2024,22603,Consumer Discretionary,Automotive Aftermarket
YTRA,Yatra Online Inc. Ordinary Shares,$1.00,-0.03,-2.913%,62055750.00,India,,3604,Consumer Discretionary,Transportation Services
YUM,Yum! Brands Inc.,$151.95,-5.30,-3.37%,41880641644.00,United States,,1583502,Consumer Discretionary,Restaurants
YUMC,Yum China Holdings Inc. Common Stock,$46.90,-1.21,-2.515%,16471149290.00,United States,2016,1135787,Consumer Discretionary,Restaurants
YXT,YXT.COM GROUP HOLDING LIMITED American Depository Shares,$0.5345,0.0045,0.849%,31857622.00,China,2024,46486,Technology,Computer Software: Prepackaged Software
YYAI,AiRWA Inc. Common Stock,$0.7474,0.0214,2.948%,31497254.00,United States,,292780,Consumer Discretionary,Recreational Games/Products/Toys
YYGH,YY Group Holding Limited Class A Ordinary Shares,$1.12,0.00,0.00%,7125133.00,Singapore,2024,106782,Consumer Discretionary,Professional Services
Z,Zillow Group Inc. Class C Capital Stock,$41.43,-2.25,-5.151%,9479258988.00,United States,,3861483,Real Estate,Real Estate
ZBAI,ATIF Holdings Limited Ordinary Shares,$8.35,0.11,1.335%,86116665.00,United States,2019,7637,Consumer Discretionary,Professional Services
ZBAO,Zhibao Technology Inc. Class A Ordinary Shares,$0.6802,0.0601,9.692%,23168763.00,China,2024,173802,Finance,Specialty Insurers
ZBH,Zimmer Biomet Holdings Inc. Common Stock,$82.33,-1.04,-1.247%,15927766143.00,United States,,2077376,Health Care,Industrial Specialties
ZBIO,Zenas BioPharma Inc. Common Stock,$19.64,0.37,1.92%,1126767304.00,United States,2024,289170,Health Care,Biotechnology: Pharmaceutical Preparations
ZBRA,Zebra Technologies Corporation Class A Common Stock,$226.03,-2.59,-1.133%,10931400286.00,United States,1991,779121,Industrials,Industrial Machinery/Components
ZCMD,Zhongchao Inc. Class A Ordinary Shares,$1.58,-0.55,-25.822%,6090486.00,China,2020,32522,Real Estate,Other Consumer Services
ZD,Ziff Davis Inc. Common Stock,$41.02,-2.29,-5.287%,1552076201.00,United States,,1129003,Telecommunications,Telecommunications Equipment
ZDAI,DirectBooking Technology Co. Ltd. Class A Ordinary Shares,$2.18,-0.02,-0.909%,17535375.00,Hong Kong,2024,3464,Consumer Discretionary,General Bldg Contractors - Nonresidential Bldgs
ZDGE,Zedge Inc. Class B Common Stock ,$3.18,-0.03,-0.935%,41473229.00,,2016,48529,Technology,Computer Software: Prepackaged Software
ZENA,ZenaTech Inc. Common Stock,$2.05,-0.05,-2.381%,98565814.00,Canada,,1760708,Technology,Computer Software: Prepackaged Software
ZEO,Zeo Energy Corporation Class A Common Stock,$0.8905,-0.0246,-2.688%,51625613.00,United States,2021,174368,Miscellaneous,Industrial Machinery/Components
ZEOWW,Zeo Energy Corporation Warrants,$0.0458,0.0005,1.104%,2655197.00,United States,2021,1137,Miscellaneous,Industrial Machinery/Components
ZEPP,Zepp Health Corporation American depositary shares each representing sixteen Class A ordinary shares,$12.37,-2.58,-17.258%,181405815.00,China,,260472,Technology,Computer Manufacturing
ZETA,Zeta Global Holdings Corp. Class A Common Stock,$17.14,-0.14,-0.81%,4272275624.00,United States,2021,6534544,Technology,Computer Software: Prepackaged Software
ZG,Zillow Group Inc. Class A Common Stock,$41.94,-2.10,-4.768%,9595947911.00,United States,2011,1605360,Real Estate,Real Estate
ZGN,Ermenegildo Zegna N.V. Ordinary Shares,$13.16,0.11,0.843%,3530986578.00,,2021,889101,Consumer Discretionary,Apparel
ZH,Zhihu Inc. American Depositary Shares each representing three (3) Class A Ordinary Shares,$3.28,-0.11,-3.245%,289246938.00,China,,180404,Real Estate,Real Estate
ZIM,ZIM Integrated Shipping Services Ltd. Ordinary Shares,$26.61,0.52,1.993%,3205597812.00,,2021,858592,Consumer Discretionary,Marine Transportation
ZION,Zions Bancorporation N.A. Common Stock,$62.50,-0.23,-0.367%,9191814750.00,United States,,1316740,Finance,Major Banks
ZIONP,Zions Bancorporation N.A. Depositary Shares (Each representing 1/40th Interest in a Share of Series A Floating-Rate Non-Cumulative Perpetual Preferred Stock),$19.15,-0.0999,-0.519%,2816372039.00,United States,,1242,Finance,Major Banks
ZIP,ZipRecruiter Inc. Class A Common Stock,$3.62,0.52,16.774%,295111631.00,United States,2021,2079283,Technology,Computer Software: Programming Data Processing
ZJK,ZJK Industrial Co. Ltd. Class A Ordinary Shares,$2.96,-0.08,-2.632%,188913857.00,China,2024,17856,Industrials,Metal Fabrications
ZJYL,JIN MEDICAL INTERNATIONAL LTD. Class A Ordinary Shares,$2.12,-0.08,-3.636%,16593993.00,China,2023,3527,Health Care,Industrial Specialties
ZKH,ZKH Group Limited American Depositary Shares each representing thirty-five (35) Class A Ordinary Shares,$3.00,0.01,0.334%,476757951.00,Cayman Islands,2023,374110,Consumer Discretionary,RETAIL: Building Materials
ZKIN,ZK International Group Co. Ltd Ordinary Share,$1.40,-0.05,-3.448%,24181231.00,China,2017,1399,Industrials,Metal Fabrications
ZKP,Lafayette Digital Acquisition Corp. I Class A Ordinary Shares,$9.91,0.01,0.101%,0.00,United States,2026,1048,Finance,Blank Checks
ZKPU,Lafayette Digital Acquisition Corp. I Unit,$9.90,0.00,0.00%,0.00,United States,2026,1,Finance,Blank Checks
ZKPW,Lafayette Digital Acquisition Corp. I Warrant,$0.24,0.00,0.00%,0.00,United States,2026,94,Finance,Blank Checks
ZLAB,Zai Lab Limited American Depositary Shares,$18.60,-1.165,-5.894%,2089779676.00,China,2017,1254788,Health Care,Biotechnology: Pharmaceutical Preparations
ZM,Zoom Communications Inc. Class A Common Stock,$109.21,0.85,0.784%,32115561074.00,United States,2019,3769013,Technology,Computer Software: Programming Data Processing
ZNB,Zeta Network Group Class A Ordinary Shares,$1.76,0.088,5.263%,2782203.00,United States,,17370,Consumer Discretionary,Engineering & Construction
ZNTL,Zentalis Pharmaceuticals Inc. Common Stock,$4.41,0.18,4.255%,313931795.00,United States,2020,769382,Health Care,Biotechnology: Pharmaceutical Preparations
ZONE,CleanCore Solutions Inc. Class B Common Stock,$0.4219,0.0619,17.194%,88833673.00,,2024,3853528,Industrials,Industrial Machinery/Components
ZOOZ,ZOOZ Strategy Ltd. Ordinary Shares,$0.292,-0.0008,-0.273%,47310565.00,Israel,,308810,Technology,Industrial Machinery/Components
ZOOZW,ZOOZ Strategy Ltd. Warrant,$0.0267,0.0032,13.617%,4326000.00,Israel,,300,Technology,Industrial Machinery/Components
ZS,Zscaler Inc. Common Stock,$152.13,-0.66,-0.432%,24461089647.00,United States,2018,3518845,Technology,EDP Services
ZSQR,Z Squared Inc. Common Stock,$12.465,-0.515,-3.968%,641947500.00,United States,2020,193405,Finance,Finance: Consumer Services
ZSTK,ZeroStack Corp. Common Stock,$5.50,-0.06,-1.079%,13367591.00,Canada,2021,3110,Health Care,Biotechnology: Pharmaceutical Preparations
ZTEK,Zentek Ltd. Common Stock,$0.7549,0.1516,25.128%,81184630.00,Canada,,144111,Industrials,Major Chemicals
ZTG,Zenta Group Company Limited Class A Ordinary Shares,$2.70,-0.18,-6.25%,31883865.00,Macau,2025,50034,Consumer Discretionary,Professional Services
ZTO,ZTO Express (Cayman) Inc. American Depositary Shares each representing one Class A ordinary share.,$25.05,-0.27,-1.066%,19286012360.00,China,2016,4320555,Industrials,Trucking Freight/Courier Services
ZTR,Virtus Total Return Fund Inc.,$6.79,-0.01,-0.147%,0.00,United States,1988,155042,Finance,Investment Managers
ZTS,Zoetis Inc. Class A Common Stock,$82.83,-4.48,-5.131%,34841611531.00,United States,2013,17183106,Health Care,Biotechnology: Pharmaceutical Preparations
ZUMZ,Zumiez Inc. Common Stock,$25.08,0.05,0.20%,432773508.00,United States,2005,65844,Consumer Discretionary,Clothing/Shoe/Accessory Stores
ZURA,Zura Bio Limited Class A Ordinary Shares,$4.79,0.25,5.507%,454478601.00,Cayman Islands,,1053779,Health Care,Biotechnology: Biological Products (No Diagnostic Substances)
ZVIA,Zevia PBC Class A Common Stock,$1.45,0.15,11.538%,111626983.00,United States,2021,1010904,Consumer Staples,Beverages (Production/Distribution)
ZVRA,Zevra Therapeutics Inc. Common Stock,$11.13,0.13,1.182%,657950885.00,United States,,2650240,Health Care,Biotechnology: Pharmaceutical Preparations
ZWS,Zurn Elkay Water Solutions Corporation Common Stock,$51.19,0.14,0.274%,8542173226.00,United States,2012,966202,Industrials,Industrial Machinery/Components
ZYBT,Zhengye Biotechnology Holding Limited Class A Ordinary Shares,$0.9495,-0.0281,-2.874%,44998112.00,China,2025,6239,Health Care,Biotechnology: Pharmaceutical Preparations
ZYME,Zymeworks Inc. Common Stock,$23.89,-2.71,-10.188%,1761878111.00,United States,,1454120,Health Care,Biotechnology: Pharmaceutical Preparations
